method,mode,physical_role_candidate,global_peak_frequency_hz,window_index,start_sample,end_sample,start_time_s,end_time_s,center_time_s,angle_state_label,dominant_state_label,moving_fraction,estimated_angle_mean_deg,angle_velocity_rms_deg_s,local_peak_frequency_hz,local_spectral_centroid_hz,rms_nm,energy_nm2,mean_square_nm2,envelope_mean_nm,envelope_std_nm
AVMD,IMF1,angle_position_mode,0.008692628650904,0,0,399,0.0,1.995,1.0,stable_10deg,stable_10deg,0.0,14.528467559293118,3.2641386684363827,,,0.13146052915739723,6.912748290537154,0.017281870726342886,0.13393436981524995,0.02184694068761589
AVMD,IMF2,background_dynamic_mode,17.793810848400554,0,0,399,0.0,1.995,1.0,stable_10deg,stable_10deg,0.0,14.528467559293118,3.2641386684363827,16.5,17.163012137646092,0.06215626091598927,1.5453603084226142,0.0038634007710565354,0.080484352523271,0.03530514833338756
AVMD,IMF3,background_dynamic_mode,39.90785813630041,0,0,399,0.0,1.995,1.0,stable_10deg,stable_10deg,0.0,14.528467559293118,3.2641386684363827,35.5,37.239753878901226,0.02950388632408026,0.34819172328970005,0.0008704793082242501,0.03741135033064791,0.01848010357168069
AVMD,IMF4,background_dynamic_mode,54.08118915159944,0,0,399,0.0,1.995,1.0,stable_10deg,stable_10deg,0.0,14.528467559293118,3.2641386684363827,52.5,51.10176258225425,0.014936341020517928,0.08923771323248261,0.00022309428308120652,0.01820208670106285,0.01061135737792317
AVMD,IMF5,background_dynamic_mode,59.97479137691238,0,0,399,0.0,1.995,1.0,stable_10deg,stable_10deg,0.0,14.528467559293118,3.2641386684363827,60.0,61.920074897856146,0.014400651697750396,0.08295150772796855,0.00020737876931992139,0.017950322075167148,0.009608274203741522
AVMD,IMF6,background_dynamic_mode,80.04607093184978,0,0,399,0.0,1.995,1.0,stable_10deg,stable_10deg,0.0,14.528467559293118,3.2641386684363827,80.0,79.95037007542822,0.04029355856661699,0.6494283447845574,0.0016235708619613933,0.05550159240614439,0.012892719515588258
AVMD,IMF7,background_dynamic_mode,90.29468011126563,0,0,399,0.0,1.995,1.0,stable_10deg,stable_10deg,0.0,14.528467559293118,3.2641386684363827,90.5,90.84723839120078,0.029582075150023496,0.3500396680726551,0.0008750991701816377,0.03831378208600471,0.01693509360068345
AVMD,IMF1,angle_position_mode,0.008692628650904,1,100,499,0.5,2.495,1.5,stable_10deg,stable_10deg,0.0,12.986225055331623,2.942640810697979,,,0.12554613295154837,6.304732599635145,0.015761831499087862,0.12827236256282065,0.021944179868029632
AVMD,IMF2,background_dynamic_mode,17.793810848400554,1,100,499,0.5,2.495,1.5,stable_10deg,stable_10deg,0.0,12.986225055331623,2.942640810697979,16.5,17.032097744754115,0.06418266594700049,1.6477658432257027,0.004119414608064257,0.08364177476138748,0.034557571609675125
AVMD,IMF3,background_dynamic_mode,39.90785813630041,1,100,499,0.5,2.495,1.5,stable_10deg,stable_10deg,0.0,12.986225055331623,2.942640810697979,40.0,37.25135976584947,0.0288004007305356,0.3317852328957743,0.0008294630822394356,0.03622253789492635,0.0186328939285912
AVMD,IMF4,background_dynamic_mode,54.08118915159944,1,100,499,0.5,2.495,1.5,stable_10deg,stable_10deg,0.0,12.986225055331623,2.942640810697979,53.0,52.15371187751639,0.011834332333092834,0.05602056870803459,0.00014005142177008647,0.01482285944519388,0.007729803956318748
AVMD,IMF5,background_dynamic_mode,59.97479137691238,1,100,499,0.5,2.495,1.5,stable_10deg,stable_10deg,0.0,12.986225055331623,2.942640810697979,60.0,61.30398347193646,0.014619846715144168,0.08549596718972469,0.00021373991797431173,0.017747912781818417,0.010638781317635355
AVMD,IMF6,background_dynamic_mode,80.04607093184978,1,100,499,0.5,2.495,1.5,stable_10deg,stable_10deg,0.0,12.986225055331623,2.942640810697979,80.0,79.96925953039,0.04071103582736868,0.6629553752549184,0.001657388438137296,0.055794047082192766,0.013875895731722286
AVMD,IMF7,background_dynamic_mode,90.29468011126563,1,100,499,0.5,2.495,1.5,stable_10deg,stable_10deg,0.0,12.986225055331623,2.942640810697979,90.5,90.765648980385,0.023861900908202033,0.2277561259811412,0.000569390314952853,0.03175178822168955,0.011221810256167288
AVMD,IMF1,angle_position_mode,0.008692628650904,2,200,599,1.0,2.995,2.0,stable_10deg,stable_10deg,0.0,11.680634979666852,2.450008988615137,,,0.12698854658240857,6.45043638524502,0.01612609096311255,0.13158084762135672,0.019058737107615145
AVMD,IMF2,background_dynamic_mode,17.793810848400554,2,200,599,1.0,2.995,2.0,stable_10deg,stable_10deg,0.0,11.680634979666852,2.450008988615137,16.5,17.301374886848862,0.06222385044529669,1.5487230256954598,0.0038718075642386494,0.08010861090907773,0.036010166615004495
AVMD,IMF3,background_dynamic_mode,39.90785813630041,2,200,599,1.0,2.995,2.0,stable_10deg,stable_10deg,0.0,11.680634979666852,2.450008988615137,40.0,37.33263968699094,0.028218866915420575,0.31852177999608716,0.0007963044499902179,0.03616524853669037,0.016890882637686715
AVMD,IMF4,background_dynamic_mode,54.08118915159944,2,200,599,1.0,2.995,2.0,stable_10deg,stable_10deg,0.0,11.680634979666852,2.450008988615137,53.5,52.43627702317625,0.012998286438105723,0.06758218013081727,0.00016895545032704316,0.016023261495303486,0.009009293652288551
AVMD,IMF5,background_dynamic_mode,59.97479137691238,2,200,599,1.0,2.995,2.0,stable_10deg,stable_10deg,0.0,11.680634979666852,2.450008988615137,60.0,60.88983577855532,0.013385234682547589,0.07166580300274995,0.00017916450750687487,0.016425515471560334,0.009428905344962522
AVMD,IMF6,background_dynamic_mode,80.04607093184978,2,200,599,1.0,2.995,2.0,stable_10deg,stable_10deg,0.0,11.680634979666852,2.450008988615137,80.0,79.77412548978282,0.04063627530979222,0.6605227484212914,0.0016513068710532286,0.05592277021202248,0.013150311264212254
AVMD,IMF7,background_dynamic_mode,90.29468011126563,2,200,599,1.0,2.995,2.0,stable_10deg,stable_10deg,0.0,11.680634979666852,2.450008988615137,90.5,90.87479395529193,0.02391366154662074,0.22874528342653097,0.0005718632085663274,0.03200328661760981,0.011762255703783033
AVMD,IMF1,angle_position_mode,0.008692628650904,3,300,699,1.5,3.495,2.5,stable_10deg,stable_10deg,0.0,10.774190929225304,1.8749248291910605,,,0.11256022963946484,5.067922118595623,0.012669805296489058,0.11697814500628688,0.0249898627028722
AVMD,IMF2,background_dynamic_mode,17.793810848400554,3,300,699,1.5,3.495,2.5,stable_10deg,stable_10deg,0.0,10.774190929225304,1.8749248291910605,16.5,17.43290868952174,0.059865243297183374,1.4335389420123836,0.003583847355030959,0.07762204543756562,0.034252381698081036
AVMD,IMF3,background_dynamic_mode,39.90785813630041,3,300,699,1.5,3.495,2.5,stable_10deg,stable_10deg,0.0,10.774190929225304,1.8749248291910605,40.0,38.06592999842371,0.028375206245220174,0.3220609317835128,0.000805152329458782,0.03681449351474557,0.015875845864070405
AVMD,IMF4,background_dynamic_mode,54.08118915159944,3,300,699,1.5,3.495,2.5,stable_10deg,stable_10deg,0.0,10.774190929225304,1.8749248291910605,53.5,52.8572255507431,0.01435456093631441,0.08242136786974547,0.00020605341967436366,0.017896123881516072,0.00964882508629827
AVMD,IMF5,background_dynamic_mode,59.97479137691238,3,300,699,1.5,3.495,2.5,stable_10deg,stable_10deg,0.0,10.774190929225304,1.8749248291910605,60.0,61.07457961641958,0.011688923564130921,0.05465237363523805,0.00013663093408809512,0.014600743635971676,0.007750036073626631
AVMD,IMF6,background_dynamic_mode,80.04607093184978,3,300,699,1.5,3.495,2.5,stable_10deg,stable_10deg,0.0,10.774190929225304,1.8749248291910605,80.0,79.80459984533735,0.04141146048521248,0.6859636238073257,0.0017149090595183142,0.05711730323731249,0.013293338140309249
AVMD,IMF7,background_dynamic_mode,90.29468011126563,3,300,699,1.5,3.495,2.5,stable_10deg,stable_10deg,0.0,10.774190929225304,1.8749248291910605,90.5,90.74942363576491,0.025518856845010252,0.26048482187045063,0.0006512120546761266,0.03381535357150691,0.012652558357003116
AVMD,IMF1,angle_position_mode,0.008692628650904,4,400,799,2.0,3.995,3.0,stable_10deg,stable_10deg,0.0,10.23743690578018,1.2741241105038132,,,0.11642352692259256,5.421775048438254,0.013554437621095634,0.11883871762258762,0.030755389981295234
AVMD,IMF2,background_dynamic_mode,17.793810848400554,4,400,799,2.0,3.995,3.0,stable_10deg,stable_10deg,0.0,10.23743690578018,1.2741241105038132,16.5,17.52389792073417,0.05961940189175439,1.4217892327722108,0.003554473081930527,0.07642637004758308,0.03572756737531591
AVMD,IMF3,background_dynamic_mode,39.90785813630041,4,400,799,2.0,3.995,3.0,stable_10deg,stable_10deg,0.0,10.23743690578018,1.2741241105038132,40.0,38.728819799876234,0.030224897015064738,0.36541775982850777,0.0009135443995712694,0.039245996562698136,0.016939487332543173
AVMD,IMF4,background_dynamic_mode,54.08118915159944,4,400,799,2.0,3.995,3.0,stable_10deg,stable_10deg,0.0,10.23743690578018,1.2741241105038132,53.5,53.021243675989474,0.015083149988714331,0.09100056543282126,0.00022750141358205314,0.018723480833391367,0.010288610400097872
AVMD,IMF5,background_dynamic_mode,59.97479137691238,4,400,799,2.0,3.995,3.0,stable_10deg,stable_10deg,0.0,10.23743690578018,1.2741241105038132,60.0,60.46659223566184,0.012017387079847808,0.057767036890757205,0.00014441759222689302,0.015105552092011993,0.007835259132370365
AVMD,IMF6,background_dynamic_mode,80.04607093184978,4,400,799,2.0,3.995,3.0,stable_10deg,stable_10deg,0.0,10.23743690578018,1.2741241105038132,80.0,79.97490687455159,0.040479319091994606,0.6554301096606076,0.001638575274151519,0.0559637207781802,0.01206091491386092
AVMD,IMF7,background_dynamic_mode,90.29468011126563,4,400,799,2.0,3.995,3.0,stable_10deg,stable_10deg,0.0,10.23743690578018,1.2741241105038132,90.5,90.70300261826083,0.027981124428663143,0.31317732971693174,0.0007829433242923293,0.03590818198599586,0.016286244748006006
AVMD,IMF1,angle_position_mode,0.008692628650904,5,500,899,2.5,4.495,3.5,stable_10deg,stable_10deg,0.0,10.014997468144232,0.572512500843341,,,0.11497689819291056,5.287874847225167,0.013219687118062918,0.11783928690183493,0.029828630566749264
AVMD,IMF2,background_dynamic_mode,17.793810848400554,5,500,899,2.5,4.495,3.5,stable_10deg,stable_10deg,0.0,10.014997468144232,0.572512500843341,16.5,17.644489668186388,0.06198523522880501,1.536867754548116,0.00384216938637029,0.08060892268888732,0.03523762580537719
AVMD,IMF3,background_dynamic_mode,39.90785813630041,5,500,899,2.5,4.495,3.5,stable_10deg,stable_10deg,0.0,10.014997468144232,0.572512500843341,39.5,38.23848711756314,0.030535422449827952,0.3729648096757827,0.0009324120241894568,0.03921676246454425,0.01807046553680492
AVMD,IMF4,background_dynamic_mode,54.08118915159944,5,500,899,2.5,4.495,3.5,stable_10deg,stable_10deg,0.0,10.014997468144232,0.572512500843341,53.5,52.98633390379023,0.014965799161863432,0.0895900578212929,0.00022397514455323224,0.018842333717226288,0.009638257029515067
AVMD,IMF5,background_dynamic_mode,59.97479137691238,5,500,899,2.5,4.495,3.5,stable_10deg,stable_10deg,0.0,10.014997468144232,0.572512500843341,60.0,60.61105008740043,0.011428093388708276,0.05224052740041512,0.0001306013185010378,0.014915076297786323,0.006279654477498025
AVMD,IMF6,background_dynamic_mode,80.04607093184978,5,500,899,2.5,4.495,3.5,stable_10deg,stable_10deg,0.0,10.014997468144232,0.572512500843341,80.0,79.94022555210135,0.04091409031409872,0.6695851144920907,0.0016739627862302267,0.05704765669849733,0.010351587635417906
AVMD,IMF7,background_dynamic_mode,90.29468011126563,5,500,899,2.5,4.495,3.5,stable_10deg,stable_10deg,0.0,10.014997468144232,0.572512500843341,90.5,90.86734114746453,0.02790559168726646,0.311488818966574,0.000778722047416435,0.03576583187314463,0.016550788448790005
AVMD,IMF1,angle_position_mode,0.008692628650904,6,600,999,3.0,4.995,4.0,stable_10deg,stable_10deg,0.0,10.0,0.0,,,0.116762795859934,5.453420198811449,0.013633550497028621,0.11790560217370533,0.032409348172862076
AVMD,IMF2,background_dynamic_mode,17.793810848400554,6,600,999,3.0,4.995,4.0,stable_10deg,stable_10deg,0.0,10.0,0.0,16.5,17.33513288649831,0.06542032036737509,1.7119273267879973,0.004279818316969993,0.08734174931371574,0.031139338517795753
AVMD,IMF3,background_dynamic_mode,39.90785813630041,6,600,999,3.0,4.995,4.0,stable_10deg,stable_10deg,0.0,10.0,0.0,40.0,37.601435044819546,0.03149235406901703,0.39670734592333345,0.0009917683648083336,0.03947734620537969,0.02057785170407799
AVMD,IMF4,background_dynamic_mode,54.08118915159944,6,600,999,3.0,4.995,4.0,stable_10deg,stable_10deg,0.0,10.0,0.0,53.5,52.259853604059785,0.013744731638518718,0.07556705912595897,0.00018891764781489744,0.017207558321814705,0.008999182056904588
AVMD,IMF5,background_dynamic_mode,59.97479137691238,6,600,999,3.0,4.995,4.0,stable_10deg,stable_10deg,0.0,10.0,0.0,60.0,61.29260454241805,0.01098321052312655,0.0482523653581271,0.00012063091339531776,0.014281704681696148,0.006088240068160165
AVMD,IMF6,background_dynamic_mode,80.04607093184978,6,600,999,3.0,4.995,4.0,stable_10deg,stable_10deg,0.0,10.0,0.0,80.0,79.84474382068545,0.04215625103509655,0.7108598005336316,0.001777149501334079,0.05866606125321293,0.01064488496245449
AVMD,IMF7,background_dynamic_mode,90.29468011126563,6,600,999,3.0,4.995,4.0,stable_10deg,stable_10deg,0.0,10.0,0.0,90.5,90.86887511386324,0.029466910898957078,0.3473195351708302,0.0008682988379270755,0.038361965787411995,0.01583544940334236
AVMD,IMF1,angle_position_mode,0.008692628650904,7,700,1099,3.5,5.495,4.5,stable_10deg,stable_10deg,0.0,10.0,0.0,,,0.1278374897712596,6.536969516406762,0.016342423791016903,0.13009499968049132,0.02738166180453555
AVMD,IMF2,background_dynamic_mode,17.793810848400554,7,700,1099,3.5,5.495,4.5,stable_10deg,stable_10deg,0.0,10.0,0.0,16.5,16.949790982035477,0.06526019170018373,1.7035570482978915,0.004258892620744728,0.0875689272169997,0.029280277560144403
AVMD,IMF3,background_dynamic_mode,39.90785813630041,7,700,1099,3.5,5.495,4.5,stable_10deg,stable_10deg,0.0,10.0,0.0,35.5,37.1650443252077,0.030975234902830426,0.3837860709142097,0.0009594651772855242,0.038442291130889886,0.02108291091834544
AVMD,IMF4,background_dynamic_mode,54.08118915159944,7,700,1099,3.5,5.495,4.5,stable_10deg,stable_10deg,0.0,10.0,0.0,53.0,52.05572429047365,0.013947743156332492,0.07781581566200796,0.0001945395391550199,0.01706850273851422,0.009779734777644223
AVMD,IMF5,background_dynamic_mode,59.97479137691238,7,700,1099,3.5,5.495,4.5,stable_10deg,stable_10deg,0.0,10.0,0.0,60.0,61.022161052774955,0.012014683295383558,0.05774104587534748,0.0001443526146883687,0.01527248431277326,0.007443905294989065
AVMD,IMF6,background_dynamic_mode,80.04607093184978,7,700,1099,3.5,5.495,4.5,stable_10deg,stable_10deg,0.0,10.0,0.0,80.0,79.93161911065359,0.04181368318558801,0.6993536406178902,0.0017483841015447255,0.057936998393887655,0.01169839315302506
AVMD,IMF7,background_dynamic_mode,90.29468011126563,7,700,1099,3.5,5.495,4.5,stable_10deg,stable_10deg,0.0,10.0,0.0,90.5,90.83347708723315,0.027279796268288206,0.2976749137757244,0.0007441872844393111,0.03504294297292407,0.016284398934247643
AVMD,IMF1,angle_position_mode,0.008692628650904,8,800,1199,4.0,5.995,5.0,stable_10deg,stable_10deg,0.0,10.0,0.0,,,0.12897362959366404,6.65367885222546,0.01663419713056365,0.13166110135291348,0.027221215153342252
AVMD,IMF2,background_dynamic_mode,17.793810848400554,8,800,1199,4.0,5.995,5.0,stable_10deg,stable_10deg,0.0,10.0,0.0,16.0,17.217101361480392,0.06546041486491114,1.7140263657145116,0.004285065914286279,0.08837831699274475,0.027615972176807637
AVMD,IMF3,background_dynamic_mode,39.90785813630041,8,800,1199,4.0,5.995,5.0,stable_10deg,stable_10deg,0.0,10.0,0.0,35.0,36.84054991589525,0.03036525161185427,0.36881940218048737,0.0009220485054512184,0.037478179043780646,0.020970678238987985
AVMD,IMF4,background_dynamic_mode,54.08118915159944,8,800,1199,4.0,5.995,5.0,stable_10deg,stable_10deg,0.0,10.0,0.0,53.5,52.363591684595086,0.01336960440621833,0.07149852879150903,0.00017874632197877258,0.016346090081644005,0.009554406559650943
AVMD,IMF5,background_dynamic_mode,59.97479137691238,8,800,1199,4.0,5.995,5.0,stable_10deg,stable_10deg,0.0,10.0,0.0,60.0,61.303092192694265,0.013798365627622962,0.07615795759742673,0.00019039489399356682,0.017063982419986416,0.009440934820756452
AVMD,IMF6,background_dynamic_mode,80.04607093184978,8,800,1199,4.0,5.995,5.0,stable_10deg,stable_10deg,0.0,10.0,0.0,80.0,79.92178458202685,0.042794755105766455,0.7325564258250096,0.0018313910645625239,0.05907371671846309,0.012831200922431861
AVMD,IMF7,background_dynamic_mode,90.29468011126563,8,800,1199,4.0,5.995,5.0,stable_10deg,stable_10deg,0.0,10.0,0.0,90.0,90.97124122068051,0.028096885926735555,0.3157739995119962,0.0007894349987799905,0.03629763837815566,0.016476243544390843
AVMD,IMF1,angle_position_mode,0.008692628650904,9,900,1299,4.5,6.495,5.5,stable_10deg,stable_10deg,0.0,10.0,0.0,,,0.13215394692223603,6.985866274850072,0.01746466568712518,0.13668869307464196,0.028364920113421534
AVMD,IMF2,background_dynamic_mode,17.793810848400554,9,900,1299,4.5,6.495,5.5,stable_10deg,stable_10deg,0.0,10.0,0.0,16.0,17.18790015719553,0.06384476276430744,1.630461492972279,0.004076153732430698,0.08524950399334222,0.02951735657083973
AVMD,IMF3,background_dynamic_mode,39.90785813630041,9,900,1299,4.5,6.495,5.5,stable_10deg,stable_10deg,0.0,10.0,0.0,35.0,37.16284250124133,0.02884718524561581,0.33286403863794983,0.0008321600965948745,0.03585009987152918,0.0194750435294915
AVMD,IMF4,background_dynamic_mode,54.08118915159944,9,900,1299,4.5,6.495,5.5,stable_10deg,stable_10deg,0.0,10.0,0.0,54.0,53.03843708356964,0.014633759831663559,0.08565877072432394,0.00021414692681080987,0.018091319115369736,0.0100381726613542
AVMD,IMF5,background_dynamic_mode,59.97479137691238,9,900,1299,4.5,6.495,5.5,stable_10deg,stable_10deg,0.0,10.0,0.0,60.0,61.04121051536832,0.013490113249703006,0.07279326219592504,0.0001819831554898126,0.016657387512102023,0.009251169738280206
AVMD,IMF6,background_dynamic_mode,80.04607093184978,9,900,1299,4.5,6.495,5.5,stable_10deg,stable_10deg,0.0,10.0,0.0,80.0,79.9929973518917,0.04340726108578578,0.7536761259878288,0.0018841903149695721,0.060073743543662114,0.011878245105309375
AVMD,IMF7,background_dynamic_mode,90.29468011126563,9,900,1299,4.5,6.495,5.5,stable_10deg,stable_10deg,0.0,10.0,0.0,90.0,90.84240387822172,0.02837797116644426,0.32212369900941673,0.0008053092475235418,0.03692765091483585,0.016368598583817128
AVMD,IMF1,angle_position_mode,0.008692628650904,10,1000,1399,5.0,6.995,6.0,stable_10deg,stable_10deg,0.0,10.0,0.0,,,0.1320325204969018,6.97303458750592,0.017432586468764798,0.1376099414822475,0.026499409512538465
AVMD,IMF2,background_dynamic_mode,17.793810848400554,10,1000,1399,5.0,6.995,6.0,stable_10deg,stable_10deg,0.0,10.0,0.0,15.5,16.970451128288563,0.06354567833926697,1.6152212942390332,0.004038053235597583,0.08442707687146647,0.030482628063937728
AVMD,IMF3,background_dynamic_mode,39.90785813630041,10,1000,1399,5.0,6.995,6.0,stable_10deg,stable_10deg,0.0,10.0,0.0,39.5,37.63195538237715,0.026606433626121598,0.28316092412048566,0.0007079023103012141,0.03371534698081234,0.016783736735716356
AVMD,IMF4,background_dynamic_mode,54.08118915159944,10,1000,1399,5.0,6.995,6.0,stable_10deg,stable_10deg,0.0,10.0,0.0,53.0,52.67284131214611,0.014576072083089952,0.08498475094857369,0.00021246187737143424,0.018095824834123152,0.009887347256481266
AVMD,IMF5,background_dynamic_mode,59.97479137691238,10,1000,1399,5.0,6.995,6.0,stable_10deg,stable_10deg,0.0,10.0,0.0,60.0,61.12201571443266,0.013255726512561938,0.070285714150335,0.00017571428537583748,0.01624689329915657,0.009359935463017853
AVMD,IMF6,background_dynamic_mode,80.04607093184978,10,1000,1399,5.0,6.995,6.0,stable_10deg,stable_10deg,0.0,10.0,0.0,80.0,80.03941058264569,0.04421397386888461,0.7819501941113642,0.001954875485278411,0.061342808310953234,0.011795522736667443
AVMD,IMF7,background_dynamic_mode,90.29468011126563,10,1000,1399,5.0,6.995,6.0,stable_10deg,stable_10deg,0.0,10.0,0.0,90.0,90.72246364635905,0.030440810033149,0.3706571661897059,0.0009266429154742647,0.038417411303549046,0.019252729217757534
AVMD,IMF1,angle_position_mode,0.008692628650904,11,1100,1499,5.5,7.495,6.5,stable_10deg,stable_10deg,0.0,10.046741224446302,0.45483601978650817,,,0.1277701046175888,6.530079853595837,0.016325199633989592,0.136249684195711,0.027189943074521113
AVMD,IMF2,background_dynamic_mode,17.793810848400554,11,1100,1499,5.5,7.495,6.5,stable_10deg,stable_10deg,0.0,10.046741224446302,0.45483601978650817,16.0,16.743962388860822,0.06732659247119774,1.8131480215130964,0.004532870053782741,0.08770474014632607,0.03666466130503875
AVMD,IMF3,background_dynamic_mode,39.90785813630041,11,1100,1499,5.5,7.495,6.5,stable_10deg,stable_10deg,0.0,10.046741224446302,0.45483601978650817,40.0,37.71315303887719,0.025106092737568236,0.2521263570189506,0.0006303158925473765,0.031598625522347795,0.016111676343277013
AVMD,IMF4,background_dynamic_mode,54.08118915159944,11,1100,1499,5.5,7.495,6.5,stable_10deg,stable_10deg,0.0,10.046741224446302,0.45483601978650817,53.0,52.8270747699103,0.014172491131704715,0.08034380195129952,0.00020085950487824878,0.017337482743606178,0.01019280136085113
AVMD,IMF5,background_dynamic_mode,59.97479137691238,11,1100,1499,5.5,7.495,6.5,stable_10deg,stable_10deg,0.0,10.046741224446302,0.45483601978650817,60.0,61.10539369957261,0.013258627451529,0.07031648075937537,0.0001757912018984384,0.01645000575038824,0.009029604181223769
AVMD,IMF6,background_dynamic_mode,80.04607093184978,11,1100,1499,5.5,7.495,6.5,stable_10deg,stable_10deg,0.0,10.046741224446302,0.45483601978650817,80.0,80.02826339864738,0.04446038675446496,0.7906903961426415,0.0019767259903566035,0.061530678596498606,0.012946529431998071
AVMD,IMF7,background_dynamic_mode,90.29468011126563,11,1100,1499,5.5,7.495,6.5,stable_10deg,stable_10deg,0.0,10.046741224446302,0.45483601978650817,90.0,90.71379274060439,0.031004588131214993,0.38451379407451103,0.0009612844851862776,0.03972486243248086,0.018841954443937783
AVMD,IMF1,angle_position_mode,0.008692628650904,12,1200,1599,6.0,7.995,7.0,stable_10deg,stable_10deg,0.0,10.211023046383257,0.6429082117010239,,,0.11962325444052464,5.723889201176999,0.014309723002942499,0.13026789315446194,0.023979077388671617
AVMD,IMF2,background_dynamic_mode,17.793810848400554,12,1200,1599,6.0,7.995,7.0,stable_10deg,stable_10deg,0.0,10.211023046383257,0.6429082117010239,16.0,16.441006244993112,0.06394556978478046,1.6356143580400908,0.004089035895100227,0.08326305146406911,0.035107357944377214
AVMD,IMF3,background_dynamic_mode,39.90785813630041,12,1200,1599,6.0,7.995,7.0,stable_10deg,stable_10deg,0.0,10.211023046383257,0.6429082117010239,40.0,37.48503723002257,0.023821991728163443,0.22699491595867505,0.0005674872898966876,0.03048471917384548,0.014365642409062448
AVMD,IMF4,background_dynamic_mode,54.08118915159944,12,1200,1599,6.0,7.995,7.0,stable_10deg,stable_10deg,0.0,10.211023046383257,0.6429082117010239,53.0,51.87087316943639,0.015280824876178115,0.09340144355856955,0.00023350360889642387,0.01888931781693171,0.010516105532607695
AVMD,IMF5,background_dynamic_mode,59.97479137691238,12,1200,1599,6.0,7.995,7.0,stable_10deg,stable_10deg,0.0,10.211023046383257,0.6429082117010239,60.0,62.488982324596165,0.012163568440943079,0.05918095888700256,0.00014795239721750641,0.015082574525877189,0.008295919129517576
AVMD,IMF6,background_dynamic_mode,80.04607093184978,12,1200,1599,6.0,7.995,7.0,stable_10deg,stable_10deg,0.0,10.211023046383257,0.6429082117010239,80.0,80.00012247115197,0.043125604608775535,0.7439271091489766,0.0018598177728724415,0.059696360519569766,0.012978588975920037
AVMD,IMF7,background_dynamic_mode,90.29468011126563,12,1200,1599,6.0,7.995,7.0,stable_10deg,stable_10deg,0.0,10.211023046383257,0.6429082117010239,90.0,90.59038581250245,0.028731206509942295,0.33019289100678023,0.0008254822275169506,0.03737102959487091,0.015939610393978187
AVMD,IMF1,angle_position_mode,0.008692628650904,13,1300,1699,6.5,8.495,7.5,stable_10deg,stable_10deg,0.0,10.481225222026294,0.7515319715768534,,,0.11772786530272464,5.54394010749459,0.013859850268736476,0.1284023148608514,0.023968502799908867
AVMD,IMF2,background_dynamic_mode,17.793810848400554,13,1300,1699,6.5,8.495,7.5,stable_10deg,stable_10deg,0.0,10.481225222026294,0.7515319715768534,16.0,16.308838402801637,0.0587739099820296,1.3817489978302875,0.0034543724945757187,0.07626619675527124,0.03297916179644065
AVMD,IMF3,background_dynamic_mode,39.90785813630041,13,1300,1699,6.5,8.495,7.5,stable_10deg,stable_10deg,0.0,10.481225222026294,0.7515319715768534,39.5,38.02705968109206,0.02802305640316818,0.3141166760700581,0.0007852916901751453,0.03462465855428826,0.019135218268937042
AVMD,IMF4,background_dynamic_mode,54.08118915159944,13,1300,1699,6.5,8.495,7.5,stable_10deg,stable_10deg,0.0,10.481225222026294,0.7515319715768534,53.0,51.52836658649791,0.014966156401248092,0.0895943349706477,0.00022398583742661924,0.01838643374190932,0.01050090196339462
AVMD,IMF5,background_dynamic_mode,59.97479137691238,13,1300,1699,6.5,8.495,7.5,stable_10deg,stable_10deg,0.0,10.481225222026294,0.7515319715768534,60.0,63.06806854831343,0.013310531590749788,0.07086810049133922,0.00017717025122834806,0.015893550952173284,0.0100930895515106
AVMD,IMF6,background_dynamic_mode,80.04607093184978,13,1300,1699,6.5,8.495,7.5,stable_10deg,stable_10deg,0.0,10.481225222026294,0.7515319715768534,80.0,79.80763322937851,0.04195112017058163,0.7039585934266324,0.0017598964835665808,0.05739714468848115,0.015489653073592246
AVMD,IMF7,background_dynamic_mode,90.29468011126563,13,1300,1699,6.5,8.495,7.5,stable_10deg,stable_10deg,0.0,10.481225222026294,0.7515319715768534,90.0,90.74618751474725,0.03101189373611429,0.38469502124001786,0.0009617375531000447,0.04041288708318477,0.016327930575477448
AVMD,IMF1,angle_position_mode,0.008692628650904,14,1400,1799,7.0,8.995,8.0,stable_10deg,stable_10deg,0.0,10.837691998389072,0.8089990483175079,,,0.10980579239698103,4.822924817571559,0.012057312043928898,0.1219516576630242,0.024479374093583604
AVMD,IMF2,background_dynamic_mode,17.793810848400554,14,1400,1799,7.0,8.995,8.0,stable_10deg,stable_10deg,0.0,10.837691998389072,0.8089990483175079,16.0,16.543532531597133,0.06136616081202486,1.5063222771229183,0.003765805692807296,0.07860530691338054,0.036908015495352775
AVMD,IMF3,background_dynamic_mode,39.90785813630041,14,1400,1799,7.0,8.995,8.0,stable_10deg,stable_10deg,0.0,10.837691998389072,0.8089990483175079,39.5,37.643443830578306,0.029202012349836045,0.3411030101119908,0.000852757525279977,0.03647556511440076,0.01932365514586644
AVMD,IMF4,background_dynamic_mode,54.08118915159944,14,1400,1799,7.0,8.995,8.0,stable_10deg,stable_10deg,0.0,10.837691998389072,0.8089990483175079,53.0,51.74628234189674,0.015065375321145302,0.09078621342678955,0.0002269655335669739,0.018435650588508382,0.010716900450252037
AVMD,IMF5,background_dynamic_mode,59.97479137691238,14,1400,1799,7.0,8.995,8.0,stable_10deg,stable_10deg,0.0,10.837691998389072,0.8089990483175079,60.0,62.96051602293997,0.013606416105848219,0.07405382369819433,0.00018513455924548582,0.01653115135372546,0.009832981872020235
AVMD,IMF6,background_dynamic_mode,80.04607093184978,14,1400,1799,7.0,8.995,8.0,stable_10deg,stable_10deg,0.0,10.837691998389072,0.8089990483175079,80.0,79.73674801732568,0.0406262391577634,0.6601965232415152,0.0016504913081037882,0.055655018009937024,0.014845161565704085
AVMD,IMF7,background_dynamic_mode,90.29468011126563,14,1400,1799,7.0,8.995,8.0,stable_10deg,stable_10deg,0.0,10.837691998389072,0.8089990483175079,90.0,90.59909398777312,0.027433356984466844,0.30103563017487833,0.0007525890754371958,0.03643966630681649,0.013292333576550271
AVMD,IMF1,angle_position_mode,0.008692628650904,15,1500,1899,7.5,9.495,8.5,stable_10deg,stable_10deg,0.0,11.208720967966364,0.6962981028464977,,,0.10815247770084833,4.678783373132999,0.011696958432832498,0.1192244429538999,0.02271032357642871
AVMD,IMF2,background_dynamic_mode,17.793810848400554,15,1500,1899,7.5,9.495,8.5,stable_10deg,stable_10deg,0.0,11.208720967966364,0.6962981028464977,16.0,17.21957871719238,0.0533685590039375,1.1392812360627032,0.002848203090156758,0.06942561321127527,0.030111607320204438
AVMD,IMF3,background_dynamic_mode,39.90785813630041,15,1500,1899,7.5,9.495,8.5,stable_10deg,stable_10deg,0.0,11.208720967966364,0.6962981028464977,40.0,37.7790492803829,0.0302586116032439,0.36623343046238654,0.0009155835761559663,0.03844772905050652,0.018881698049688613
AVMD,IMF4,background_dynamic_mode,54.08118915159944,15,1500,1899,7.5,9.495,8.5,stable_10deg,stable_10deg,0.0,11.208720967966364,0.6962981028464977,51.0,51.85665950198565,0.01489442487941407,0.08873755699540352,0.0002218438924885088,0.01816770090908161,0.010573136175187962
AVMD,IMF5,background_dynamic_mode,59.97479137691238,15,1500,1899,7.5,9.495,8.5,stable_10deg,stable_10deg,0.0,11.208720967966364,0.6962981028464977,60.0,62.5981989421711,0.01328582750422731,0.07060528498883313,0.00017651321247208284,0.016222058176823602,0.009452158549796589
AVMD,IMF6,background_dynamic_mode,80.04607093184978,15,1500,1899,7.5,9.495,8.5,stable_10deg,stable_10deg,0.0,11.208720967966364,0.6962981028464977,80.0,79.7363541053816,0.04175797760176686,0.6974914773558651,0.001743728693389663,0.05755644144748513,0.013516417771300498
AVMD,IMF7,background_dynamic_mode,90.29468011126563,15,1500,1899,7.5,9.495,8.5,stable_10deg,stable_10deg,0.0,11.208720967966364,0.6962981028464977,90.0,90.74943904051763,0.029088111749391875,0.33844729805804386,0.0008461182451451096,0.03831692141202269,0.014638015909777386
AVMD,IMF1,angle_position_mode,0.008692628650904,16,1600,1999,8.0,9.995,9.0,stable_10deg,stable_10deg,0.0,11.495153629711275,0.5336950872797653,,,0.10828746965944702,4.690470434098264,0.01172617608524566,0.11763303282595892,0.02396692914840081
AVMD,IMF2,background_dynamic_mode,17.793810848400554,16,1600,1999,8.0,9.995,9.0,stable_10deg,stable_10deg,0.0,11.495153629711275,0.5336950872797653,16.5,17.614032538742862,0.06058913709374595,1.4684174135058965,0.0036710435337647413,0.07645068257712073,0.03883127643577898
AVMD,IMF3,background_dynamic_mode,39.90785813630041,16,1600,1999,8.0,9.995,9.0,stable_10deg,stable_10deg,0.0,11.495153629711275,0.5336950872797653,40.0,38.661397589490846,0.030213611044528,0.3651449169400097,0.0009128622923500244,0.03875688275245698,0.017953170973661257
AVMD,IMF4,background_dynamic_mode,54.08118915159944,16,1600,1999,8.0,9.995,9.0,stable_10deg,stable_10deg,0.0,11.495153629711275,0.5336950872797653,54.5,52.24145222136813,0.013079047299195143,0.06842459130183351,0.00017106147825458377,0.016033082571053292,0.009202953742777062
AVMD,IMF5,background_dynamic_mode,59.97479137691238,16,1600,1999,8.0,9.995,9.0,stable_10deg,stable_10deg,0.0,11.495153629711275,0.5336950872797653,60.0,61.41838681867504,0.013119441870478143,0.06884790199714202,0.00017211975499285506,0.016342509119722876,0.008775190748900211
AVMD,IMF6,background_dynamic_mode,80.04607093184978,16,1600,1999,8.0,9.995,9.0,stable_10deg,stable_10deg,0.0,11.495153629711275,0.5336950872797653,80.0,79.91514707306919,0.04220888178072181,0.7126358804715798,0.0017815897011789494,0.05833909640521772,0.012609495865305995
AVMD,IMF7,background_dynamic_mode,90.29468011126563,16,1600,1999,8.0,9.995,9.0,stable_10deg,stable_10deg,0.0,11.495153629711275,0.5336950872797653,90.5,90.90184873839009,0.02895467156769029,0.33534920223712494,0.0008383730055928124,0.03750172006479827,0.01635111876926693
AVMD,IMF1,angle_position_mode,0.008692628650904,17,1700,2099,8.5,10.495,9.5,stable_10deg,stable_10deg,0.0,11.67882084480849,0.3697584382394334,,,0.10236745723889511,4.191638520622807,0.010479096301557017,0.11241678123520903,0.020659246925130825
AVMD,IMF2,background_dynamic_mode,17.793810848400554,17,1700,2099,8.5,10.495,9.5,stable_10deg,stable_10deg,0.0,11.67882084480849,0.3697584382394334,16.5,17.485302416913903,0.06227555929314505,1.5512981141096098,0.0038782452852740247,0.078490950510729,0.04005545481907693
AVMD,IMF3,background_dynamic_mode,39.90785813630041,17,1700,2099,8.5,10.495,9.5,stable_10deg,stable_10deg,0.0,11.67882084480849,0.3697584382394334,39.5,38.80134216664043,0.025572865437898697,0.26158857868194946,0.0006539714467048737,0.033518719079561166,0.013508527804413507
AVMD,IMF4,background_dynamic_mode,54.08118915159944,17,1700,2099,8.5,10.495,9.5,stable_10deg,stable_10deg,0.0,11.67882084480849,0.3697584382394334,53.5,52.16113299341894,0.013703323509767006,0.07511243008533326,0.00018778107521333316,0.016914248126999355,0.009530392126361226
AVMD,IMF5,background_dynamic_mode,59.97479137691238,17,1700,2099,8.5,10.495,9.5,stable_10deg,stable_10deg,0.0,11.67882084480849,0.3697584382394334,60.0,61.02618475006709,0.012812101785967842,0.06565998086960015,0.00016414995217400036,0.016602589307010515,0.00729593557897885
AVMD,IMF6,background_dynamic_mode,80.04607093184978,17,1700,2099,8.5,10.495,9.5,stable_10deg,stable_10deg,0.0,11.67882084480849,0.3697584382394334,80.0,79.9585002203906,0.042168037985362325,0.7112573710139839,0.0017781434275349597,0.05866676233830736,0.01049252422488616
AVMD,IMF7,background_dynamic_mode,90.29468011126563,17,1700,2099,8.5,10.495,9.5,stable_10deg,stable_10deg,0.0,11.67882084480849,0.3697584382394334,90.5,90.95000753167677,0.027638581446592536,0.3055564737519717,0.0007638911843799292,0.035915918045011014,0.015823803354911903
AVMD,IMF1,angle_position_mode,0.008692628650904,18,1800,2199,9.0,10.995,10.0,stable_10deg,stable_10deg,0.0,11.750080927977825,0.27174596035131227,,,0.11263102234459331,5.074298877755311,0.012685747194388277,0.12053297206027792,0.024533710094239707
AVMD,IMF2,background_dynamic_mode,17.793810848400554,18,1800,2199,9.0,10.995,10.0,stable_10deg,stable_10deg,0.0,11.750080927977825,0.27174596035131227,17.0,17.42661351756693,0.06849038259659564,1.8763730032912205,0.004690932508228051,0.08593229135442187,0.04479802611699574
AVMD,IMF3,background_dynamic_mode,39.90785813630041,18,1800,2199,9.0,10.995,10.0,stable_10deg,stable_10deg,0.0,11.750080927977825,0.27174596035131227,39.5,37.99639824556681,0.02491434680931634,0.24828987077395653,0.0006207246769348913,0.03261152525010921,0.013363039859539618
AVMD,IMF4,background_dynamic_mode,54.08118915159944,18,1800,2199,9.0,10.995,10.0,stable_10deg,stable_10deg,0.0,11.750080927977825,0.27174596035131227,54.0,52.07414818760009,0.016550825162892985,0.10957192542906066,0.00027392981357265164,0.02027881780464959,0.01160722700826618
AVMD,IMF5,background_dynamic_mode,59.97479137691238,18,1800,2199,9.0,10.995,10.0,stable_10deg,stable_10deg,0.0,11.750080927977825,0.27174596035131227,59.5,61.00993717168485,0.014299536783002305,0.08179070088337437,0.00020447675220843593,0.01830034837062228,0.008617160000212789
AVMD,IMF6,background_dynamic_mode,80.04607093184978,18,1800,2199,9.0,10.995,10.0,stable_10deg,stable_10deg,0.0,11.750080927977825,0.27174596035131227,80.0,79.97335723167362,0.04166210010245287,0.6942922339787214,0.0017357305849468034,0.05763849565391641,0.011500602209237046
AVMD,IMF7,background_dynamic_mode,90.29468011126563,18,1800,2199,9.0,10.995,10.0,stable_10deg,stable_10deg,0.0,11.750080927977825,0.27174596035131227,90.5,91.18440491579068,0.025737648376415196,0.2649706175791951,0.0006624265439479877,0.03237853677210901,0.016748206306226043
AVMD,IMF1,angle_position_mode,0.008692628650904,19,1900,2299,9.5,11.495,10.5,stable_10deg,stable_10deg,0.0,11.70687985607834,0.3255367165867804,,,0.10842259001353546,4.70218321009728,0.0117554580252432,0.11589701081441202,0.0269504731908594
AVMD,IMF2,background_dynamic_mode,17.793810848400554,19,1900,2299,9.5,11.495,10.5,stable_10deg,stable_10deg,0.0,11.70687985607834,0.3255367165867804,17.0,17.771430312716355,0.07102307995006762,2.017711154237479,0.005044277885593698,0.08868499250396891,0.04681848227986038
AVMD,IMF3,background_dynamic_mode,39.90785813630041,19,1900,2299,9.5,11.495,10.5,stable_10deg,stable_10deg,0.0,11.70687985607834,0.3255367165867804,37.0,37.104358403396645,0.02806509929287973,0.31505991932767935,0.0007876497983191984,0.0353633088444115,0.017995716074220888
AVMD,IMF4,background_dynamic_mode,54.08118915159944,19,1900,2299,9.5,11.495,10.5,stable_10deg,stable_10deg,0.0,11.70687985607834,0.3255367165867804,53.5,52.1737437858652,0.01835704932914267,0.13479250402903098,0.00033698126007257744,0.022162738343809565,0.013517170640280204
AVMD,IMF5,background_dynamic_mode,59.97479137691238,19,1900,2299,9.5,11.495,10.5,stable_10deg,stable_10deg,0.0,11.70687985607834,0.3255367165867804,60.0,61.45646523349663,0.015713743956984886,0.09876869965827163,0.0002469217491456791,0.020005259295360556,0.009712340754724888
AVMD,IMF6,background_dynamic_mode,80.04607093184978,19,1900,2299,9.5,11.495,10.5,stable_10deg,stable_10deg,0.0,11.70687985607834,0.3255367165867804,80.0,80.01594908201818,0.040047647494583886,0.6415256279401805,0.0016038140698504512,0.0553042931665536,0.011478965873522482
AVMD,IMF7,background_dynamic_mode,90.29468011126563,19,1900,2299,9.5,11.495,10.5,stable_10deg,stable_10deg,0.0,11.70687985607834,0.3255367165867804,90.5,91.48814047533047,0.02342783782541343,0.21954543406954885,0.0005488635851738722,0.029831741172170828,0.014325348574608142
AVMD,IMF1,angle_position_mode,0.008692628650904,20,2000,2399,10.0,11.995,11.0,stable_10deg,stable_10deg,0.0,11.55443581779431,0.4678885524353892,,,0.11547797914616144,5.334065467072518,0.013335163667681296,0.12461799617238778,0.02995909800187709
AVMD,IMF2,background_dynamic_mode,17.793810848400554,20,2000,2399,10.0,11.995,11.0,stable_10deg,stable_10deg,0.0,11.55443581779431,0.4678885524353892,17.0,17.625367850877556,0.06954269272324869,1.934474444480074,0.0048361861112001855,0.08655440247911553,0.04660278275174562
AVMD,IMF3,background_dynamic_mode,39.90785813630041,20,2000,2399,10.0,11.995,11.0,stable_10deg,stable_10deg,0.0,11.55443581779431,0.4678885524353892,39.5,37.61434262897549,0.027835455956681368,0.3099250433265393,0.0007748126083163483,0.0344322489179879,0.01908631578388373
AVMD,IMF4,background_dynamic_mode,54.08118915159944,20,2000,2399,10.0,11.995,11.0,stable_10deg,stable_10deg,0.0,11.55443581779431,0.4678885524353892,53.5,53.12756622700754,0.018922368677592068,0.14322241454828694,0.00035805603637071735,0.023155668990504225,0.013395159133502548
AVMD,IMF5,background_dynamic_mode,59.97479137691238,20,2000,2399,10.0,11.995,11.0,stable_10deg,stable_10deg,0.0,11.55443581779431,0.4678885524353892,60.0,61.625074013922685,0.015563732309750663,0.09689190536383069,0.0002422297634095767,0.019386479119159236,0.010412132707830528
AVMD,IMF6,background_dynamic_mode,80.04607093184978,20,2000,2399,10.0,11.995,11.0,stable_10deg,stable_10deg,0.0,11.55443581779431,0.4678885524353892,80.0,80.10504491263461,0.04059923568623709,0.6593191753226509,0.0016482979383066274,0.0561783315629423,0.011515392713752001
AVMD,IMF7,background_dynamic_mode,90.29468011126563,20,2000,2399,10.0,11.995,11.0,stable_10deg,stable_10deg,0.0,11.55443581779431,0.4678885524353892,90.5,91.31020397545916,0.02309788574600168,0.213404930374139,0.0005335123259353475,0.030047425700123708,0.012556115301090645
AVMD,IMF1,angle_position_mode,0.008692628650904,21,2100,2499,10.5,12.495,11.5,stable_10deg,stable_10deg,0.0,11.304609568215769,0.6160698473996616,,,0.11182096465943608,5.001571254946742,0.012503928137366855,0.1212979160259291,0.03173362286758307
AVMD,IMF2,background_dynamic_mode,17.793810848400554,21,2100,2499,10.5,12.495,11.5,stable_10deg,stable_10deg,0.0,11.304609568215769,0.6160698473996616,16.5,17.3670982458585,0.0737213776403072,2.1739366084739142,0.005434841521184786,0.0934049541397079,0.04632192800132942
AVMD,IMF3,background_dynamic_mode,39.90785813630041,21,2100,2499,10.5,12.495,11.5,stable_10deg,stable_10deg,0.0,11.304609568215769,0.6160698473996616,40.0,37.66631116285908,0.028822344590304114,0.3322910190728931,0.0008307275476822328,0.036041488012636326,0.019232050707750466
AVMD,IMF4,background_dynamic_mode,54.08118915159944,21,2100,2499,10.5,12.495,11.5,stable_10deg,stable_10deg,0.0,11.304609568215769,0.6160698473996616,53.5,52.87752874139431,0.018598536925819708,0.13836223031243167,0.00034590557578107915,0.022480412554914588,0.013616193007843917
AVMD,IMF5,background_dynamic_mode,59.97479137691238,21,2100,2499,10.5,12.495,11.5,stable_10deg,stable_10deg,0.0,11.304609568215769,0.6160698473996616,60.0,61.63688332894904,0.014719681207391207,0.08666760593889034,0.00021666901484722583,0.018027743781313617,0.01037967390405398
AVMD,IMF6,background_dynamic_mode,80.04607093184978,21,2100,2499,10.5,12.495,11.5,stable_10deg,stable_10deg,0.0,11.304609568215769,0.6160698473996616,80.0,80.09903759427353,0.04150673041296972,0.6891234678299782,0.0017228086695749456,0.05778010503598424,0.010593943654775614
AVMD,IMF7,background_dynamic_mode,90.29468011126563,21,2100,2499,10.5,12.495,11.5,stable_10deg,stable_10deg,0.0,11.304609568215769,0.6160698473996616,90.5,90.90668201373214,0.024056945081701746,0.23149464266560552,0.0005787366066640138,0.03180953432138554,0.01207660718641818
AVMD,IMF1,angle_position_mode,0.008692628650904,22,2200,2599,11.0,12.995,12.0,stable_10deg,stable_10deg,0.0,10.975009292208034,0.7379735958136949,,,0.10737688054021456,4.611917789819003,0.011529794474547508,0.11658712138741695,0.02904101072873269
AVMD,IMF2,background_dynamic_mode,17.793810848400554,22,2200,2599,11.0,12.995,12.0,stable_10deg,stable_10deg,0.0,10.975009292208034,0.7379735958136949,16.5,17.335776682802557,0.06454742113731686,1.666547830191256,0.00416636957547814,0.08131684579507248,0.04144214156363626
AVMD,IMF3,background_dynamic_mode,39.90785813630041,22,2200,2599,11.0,12.995,12.0,stable_10deg,stable_10deg,0.0,10.975009292208034,0.7379735958136949,40.0,37.79447610860333,0.0293159662794642,0.3437703515594729,0.0008594258788986822,0.03638793177800531,0.01986405785910818
AVMD,IMF4,background_dynamic_mode,54.08118915159944,22,2200,2599,11.0,12.995,12.0,stable_10deg,stable_10deg,0.0,10.975009292208034,0.7379735958136949,53.5,53.11838360832384,0.01791650850105101,0.12840051074729325,0.0003210012768682331,0.02192094275034483,0.012765823567800727
AVMD,IMF5,background_dynamic_mode,59.97479137691238,22,2200,2599,11.0,12.995,12.0,stable_10deg,stable_10deg,0.0,10.975009292208034,0.7379735958136949,60.0,61.19997269038683,0.013452724014691537,0.07239031336618335,0.00018097578341545837,0.016354314768629398,0.009712046074818684
AVMD,IMF6,background_dynamic_mode,80.04607093184978,22,2200,2599,11.0,12.995,12.0,stable_10deg,stable_10deg,0.0,10.975009292208034,0.7379735958136949,80.0,80.06163195570282,0.042509565551190294,0.7228252653403777,0.0018070631633509443,0.059513020630056646,0.009286286754505981
AVMD,IMF7,background_dynamic_mode,90.29468011126563,22,2200,2599,11.0,12.995,12.0,stable_10deg,stable_10deg,0.0,10.975009292208034,0.7379735958136949,90.5,90.64451145007985,0.026524511682267243,0.2814198879930926,0.0007035497199827315,0.03517706449831161,0.012435848628354505
AVMD,IMF1,angle_position_mode,0.008692628650904,23,2300,2699,11.5,13.495,12.5,stable_10deg,stable_10deg,0.0,10.60873018603129,0.7424678397657983,,,0.11196212340483716,5.014206830927994,0.012535517077319985,0.1213646663846308,0.02836840427355607
AVMD,IMF2,background_dynamic_mode,17.793810848400554,23,2300,2699,11.5,13.495,12.5,stable_10deg,stable_10deg,0.0,10.60873018603129,0.7424678397657983,16.5,17.252777098239356,0.06345141447302591,1.6104327994510887,0.004026081998627722,0.08100949047271397,0.038762224675903845
AVMD,IMF3,background_dynamic_mode,39.90785813630041,23,2300,2699,11.5,13.495,12.5,stable_10deg,stable_10deg,0.0,10.60873018603129,0.7424678397657983,39.5,38.063309019544704,0.027243146553267462,0.2968756136491235,0.0007421890341228088,0.03447052566250518,0.017200685749063138
AVMD,IMF4,background_dynamic_mode,54.08118915159944,23,2300,2699,11.5,13.495,12.5,stable_10deg,stable_10deg,0.0,10.60873018603129,0.7424678397657983,53.5,53.39844627126206,0.015156509390350948,0.09188791075991858,0.00022971977689979645,0.01883621103332806,0.010228024912118583
AVMD,IMF5,background_dynamic_mode,59.97479137691238,23,2300,2699,11.5,13.495,12.5,stable_10deg,stable_10deg,0.0,10.60873018603129,0.7424678397657983,60.0,61.53451024114769,0.012010687518641639,0.057702645868181614,0.00014425661467045404,0.014842424542806204,0.008234752713468525
AVMD,IMF6,background_dynamic_mode,80.04607093184978,23,2300,2699,11.5,13.495,12.5,stable_10deg,stable_10deg,0.0,10.60873018603129,0.7424678397657983,80.0,80.04731954435759,0.042994052804863056,0.7393954306349411,0.0018484885765873526,0.06049255515355341,0.007495343335995053
AVMD,IMF7,background_dynamic_mode,90.29468011126563,23,2300,2699,11.5,13.495,12.5,stable_10deg,stable_10deg,0.0,10.60873018603129,0.7424678397657983,90.5,90.70664857901438,0.03091377058735531,0.3822644847710537,0.0009556612119276342,0.04125787905475386,0.014571128511571269
AVMD,IMF1,angle_position_mode,0.008692628650904,24,2400,2799,12.0,13.995,13.0,stable_10deg,stable_10deg,0.0,10.310459740633453,0.6571593318946396,,,0.10866931576495117,4.723608075529066,0.011809020188822666,0.11564793640299097,0.02380258395014837
AVMD,IMF2,background_dynamic_mode,17.793810848400554,24,2400,2799,12.0,13.995,13.0,stable_10deg,stable_10deg,0.0,10.310459740633453,0.6571593318946396,16.5,17.359860010241153,0.06184921958410324,1.530130385265048,0.00382532596316262,0.08012751546571403,0.034894563458795214
AVMD,IMF3,background_dynamic_mode,39.90785813630041,24,2400,2799,12.0,13.995,13.0,stable_10deg,stable_10deg,0.0,10.310459740633453,0.6571593318946396,39.5,37.282161811497616,0.026919178378255144,0.28985686582412773,0.0007246421645603193,0.034355162902678885,0.016303157035840756
AVMD,IMF4,background_dynamic_mode,54.08118915159944,24,2400,2799,12.0,13.995,13.0,stable_10deg,stable_10deg,0.0,10.310459740633453,0.6571593318946396,53.5,52.93458902128821,0.01429585015704822,0.08174853268511026,0.00020437133171277564,0.017673307893914067,0.009852100572882798
AVMD,IMF5,background_dynamic_mode,59.97479137691238,24,2400,2799,12.0,13.995,13.0,stable_10deg,stable_10deg,0.0,10.310459740633453,0.6571593318946396,60.0,61.27310429775189,0.013215206541291545,0.06985667357159793,0.00017464168392899483,0.016603214190637722,0.008593194237079774
AVMD,IMF6,background_dynamic_mode,80.04607093184978,24,2400,2799,12.0,13.995,13.0,stable_10deg,stable_10deg,0.0,10.310459740633453,0.6571593318946396,80.0,80.01130221972484,0.043002376994081895,0.7396817708564576,0.001849204427141144,0.06018223786923686,0.009065206030134025
AVMD,IMF7,background_dynamic_mode,90.29468011126563,24,2400,2799,12.0,13.995,13.0,stable_10deg,stable_10deg,0.0,10.310459740633453,0.6571593318946396,90.5,90.89207154122573,0.03269554544425989,0.4275994767590655,0.0010689986918976638,0.04315879197828311,0.0163895453568004
AVMD,IMF1,angle_position_mode,0.008692628650904,25,2500,2899,12.5,14.495,13.5,stable_10deg,stable_10deg,0.0,10.106416599471741,0.517567228511387,,,0.12053403327687891,5.8113812711967014,0.014528453177991753,0.12620172110923022,0.02254260416173607
AVMD,IMF2,background_dynamic_mode,17.793810848400554,25,2500,2899,12.5,14.495,13.5,stable_10deg,stable_10deg,0.0,10.106416599471741,0.517567228511387,16.5,17.273920507288285,0.05824260321445475,1.3568803316785658,0.0033922008291964144,0.07517994652128739,0.03378991282716972
AVMD,IMF3,background_dynamic_mode,39.90785813630041,25,2500,2899,12.5,14.495,13.5,stable_10deg,stable_10deg,0.0,10.106416599471741,0.517567228511387,40.0,37.49905624004166,0.027841003430047327,0.31004858879676284,0.0007751214719919071,0.03579530672517747,0.016514812385085755
AVMD,IMF4,background_dynamic_mode,54.08118915159944,25,2500,2899,12.5,14.495,13.5,stable_10deg,stable_10deg,0.0,10.106416599471741,0.517567228511387,53.5,52.64120701836498,0.014879023881057551,0.08855414066123238,0.00022138535165308094,0.018368808550611567,0.010247178936050877
AVMD,IMF5,background_dynamic_mode,59.97479137691238,25,2500,2899,12.5,14.495,13.5,stable_10deg,stable_10deg,0.0,10.106416599471741,0.517567228511387,60.0,61.33098818659508,0.0133493255009105,0.07128179653170374,0.00017820449132925937,0.01683259817817796,0.008543334612504094
AVMD,IMF6,background_dynamic_mode,80.04607093184978,25,2500,2899,12.5,14.495,13.5,stable_10deg,stable_10deg,0.0,10.106416599471741,0.517567228511387,80.0,79.85901395975486,0.042688476297159474,0.7289224034292585,0.0018223060085731462,0.05940852892241212,0.010485490531898381
AVMD,IMF7,background_dynamic_mode,90.29468011126563,25,2500,2899,12.5,14.495,13.5,stable_10deg,stable_10deg,0.0,10.106416599471741,0.517567228511387,90.5,91.16991614232433,0.03268996556075922,0.4274535393454495,0.0010686338483636237,0.042838606437348214,0.017292156125133164
AVMD,IMF1,angle_position_mode,0.008692628650904,26,2600,2999,13.0,14.995,14.0,stable_10deg,stable_10deg,0.0,10.008290015947367,0.27569756000257345,,,0.13039713351683832,6.801364971763263,0.017003412429408157,0.13511572208512931,0.02790840874137277
AVMD,IMF2,background_dynamic_mode,17.793810848400554,26,2600,2999,13.0,14.995,14.0,stable_10deg,stable_10deg,0.0,10.008290015947367,0.27569756000257345,16.5,17.206105589414264,0.06314176979026327,1.5947532368986415,0.003986883092246604,0.0815020859478811,0.036094823647097755
AVMD,IMF3,background_dynamic_mode,39.90785813630041,26,2600,2999,13.0,14.995,14.0,stable_10deg,stable_10deg,0.0,10.008290015947367,0.27569756000257345,40.0,37.40480680460962,0.029660431559704253,0.35189648012316005,0.0008797412003079001,0.038272246047328456,0.01731100611167361
AVMD,IMF4,background_dynamic_mode,54.08118915159944,26,2600,2999,13.0,14.995,14.0,stable_10deg,stable_10deg,0.0,10.008290015947367,0.27569756000257345,53.5,52.300424059879546,0.013229095168410948,0.07000358358994956,0.0001750089589748739,0.016171500268599544,0.009414032044695549
AVMD,IMF5,background_dynamic_mode,59.97479137691238,26,2600,2999,13.0,14.995,14.0,stable_10deg,stable_10deg,0.0,10.008290015947367,0.27569756000257345,60.0,61.372459797505115,0.01731798361385762,0.11996502257993641,0.000299912556449841,0.02099558127934302,0.012573140656746626
AVMD,IMF6,background_dynamic_mode,80.04607093184978,26,2600,2999,13.0,14.995,14.0,stable_10deg,stable_10deg,0.0,10.008290015947367,0.27569756000257345,80.0,79.97191539574926,0.041329583663854245,0.6832537943310111,0.0017081344858275278,0.05703023379465153,0.012465839241259394
AVMD,IMF7,background_dynamic_mode,90.29468011126563,26,2600,2999,13.0,14.995,14.0,stable_10deg,stable_10deg,0.0,10.008290015947367,0.27569756000257345,90.5,91.07767537747037,0.031870788192230395,0.406298855997605,0.0010157471399940125,0.041837035012817506,0.01666934164067655
AVMD,IMF1,angle_position_mode,0.008692628650904,27,2700,3099,13.5,15.495,14.5,stable_10deg,stable_10deg,0.0,10.0,0.0,,,0.1386844374777604,7.693349279409134,0.019233373198522835,0.14708177983109444,0.02821286174936449
AVMD,IMF2,background_dynamic_mode,17.793810848400554,27,2700,3099,13.5,15.495,14.5,stable_10deg,stable_10deg,0.0,10.0,0.0,16.5,17.272420525643945,0.06347918493445989,1.6118427679773437,0.004029606919943359,0.08256370085351486,0.035132288109733206
AVMD,IMF3,background_dynamic_mode,39.90785813630041,27,2700,3099,13.5,15.495,14.5,stable_10deg,stable_10deg,0.0,10.0,0.0,35.5,37.059620252342356,0.028649999048170914,0.32832897818407775,0.0008208224454601944,0.03681917950865717,0.01681429877936458
AVMD,IMF4,background_dynamic_mode,54.08118915159944,27,2700,3099,13.5,15.495,14.5,stable_10deg,stable_10deg,0.0,10.0,0.0,53.5,51.42110458399927,0.012970442671760566,0.06729295324057094,0.00016823238310142736,0.0158927965721304,0.009142551051169645
AVMD,IMF5,background_dynamic_mode,59.97479137691238,27,2700,3099,13.5,15.495,14.5,stable_10deg,stable_10deg,0.0,10.0,0.0,60.0,61.420352200045464,0.017214360692897022,0.11853368562606321,0.00029633421406515805,0.020684289816296636,0.012818291929114458
AVMD,IMF6,background_dynamic_mode,80.04607093184978,27,2700,3099,13.5,15.495,14.5,stable_10deg,stable_10deg,0.0,10.0,0.0,80.0,80.02154662718509,0.041223262047285235,0.679742933527659,0.0016993573338191475,0.056595606429565286,0.013353666970973432
AVMD,IMF7,background_dynamic_mode,90.29468011126563,27,2700,3099,13.5,15.495,14.5,stable_10deg,stable_10deg,0.0,10.0,0.0,90.5,90.67500337260746,0.02694569968614643,0.29042829263039677,0.0007260707315759919,0.03495840271844467,0.015046752893377872
AVMD,IMF1,angle_position_mode,0.008692628650904,28,2800,3199,14.0,15.995,15.0,stable_10deg,stable_10deg,0.0,10.0,0.0,,,0.13856745026803183,7.680375309513391,0.019200938273783476,0.151418112068246,0.024761539114887997
AVMD,IMF2,background_dynamic_mode,17.793810848400554,28,2800,3199,14.0,15.995,15.0,stable_10deg,stable_10deg,0.0,10.0,0.0,16.5,17.209017719833803,0.06182567773837359,1.5289657711236895,0.0038224144278092235,0.08027660375689306,0.03522951283068803
AVMD,IMF3,background_dynamic_mode,39.90785813630041,28,2800,3199,14.0,15.995,15.0,stable_10deg,stable_10deg,0.0,10.0,0.0,35.5,36.44910755294496,0.028019728344252728,0.3140420705942879,0.0007851051764857197,0.03572328728295534,0.017254750889351928
AVMD,IMF4,background_dynamic_mode,54.08118915159944,28,2800,3199,14.0,15.995,15.0,stable_10deg,stable_10deg,0.0,10.0,0.0,48.5,49.726857981402155,0.013761495485592174,0.07575150319998952,0.0001893787579999738,0.0166651488415493,0.010018145235254487
AVMD,IMF5,background_dynamic_mode,59.97479137691238,28,2800,3199,14.0,15.995,15.0,stable_10deg,stable_10deg,0.0,10.0,0.0,60.0,61.57047631853214,0.01561081135810727,0.09747897250336438,0.00024369743125841095,0.018043349315801732,0.01272414120884038
AVMD,IMF6,background_dynamic_mode,80.04607093184978,28,2800,3199,14.0,15.995,15.0,stable_10deg,stable_10deg,0.0,10.0,0.0,80.0,79.84742093267403,0.04095050011683154,0.6707773839274478,0.0016769434598186196,0.056477222181392485,0.012594539640048393
AVMD,IMF7,background_dynamic_mode,90.29468011126563,28,2800,3199,14.0,15.995,15.0,stable_10deg,stable_10deg,0.0,10.0,0.0,90.5,91.03203577350483,0.02596123210395697,0.26959422894221036,0.0006739855723555259,0.03484184495440749,0.012256972289158384
AVMD,IMF1,angle_position_mode,0.008692628650904,29,2900,3299,14.5,16.495,15.5,stable_10deg,stable_10deg,0.0,10.0,0.0,,,0.13882345310165314,7.7087804524267565,0.019271951131066892,0.1537492772516776,0.023710141801630284
AVMD,IMF2,background_dynamic_mode,17.793810848400554,29,2900,3299,14.5,16.495,15.5,stable_10deg,stable_10deg,0.0,10.0,0.0,16.5,17.24080159233494,0.06511585149989069,1.6960296466223266,0.004240074116555816,0.08566609972261816,0.033774934479688906
AVMD,IMF3,background_dynamic_mode,39.90785813630041,29,2900,3299,14.5,16.495,15.5,stable_10deg,stable_10deg,0.0,10.0,0.0,36.0,36.966146407912326,0.027353238476642103,0.2992798620640216,0.000748199655160054,0.03439894550504884,0.017669604079196495
AVMD,IMF4,background_dynamic_mode,54.08118915159944,29,2900,3299,14.5,16.495,15.5,stable_10deg,stable_10deg,0.0,10.0,0.0,53.0,51.72143636637022,0.012580466933778199,0.06330725930875465,0.00015826814827188664,0.015286274639044568,0.009088705817395933
AVMD,IMF5,background_dynamic_mode,59.97479137691238,29,2900,3299,14.5,16.495,15.5,stable_10deg,stable_10deg,0.0,10.0,0.0,60.0,61.56216471676159,0.016191873409153137,0.1048707057992162,0.0002621767644980405,0.01880387117283084,0.013069114988760996
AVMD,IMF6,background_dynamic_mode,80.04607093184978,29,2900,3299,14.5,16.495,15.5,stable_10deg,stable_10deg,0.0,10.0,0.0,80.0,79.97963305329998,0.04097814058533657,0.6716832023326432,0.0016792080058316082,0.05649881368716809,0.012697191904095453
AVMD,IMF7,background_dynamic_mode,90.29468011126563,29,2900,3299,14.5,16.495,15.5,stable_10deg,stable_10deg,0.0,10.0,0.0,90.5,90.8965788544344,0.023245327461909555,0.2161380995245626,0.0005403452488114065,0.030761792016001332,0.011447956468645545
AVMD,IMF1,angle_position_mode,0.008692628650904,30,3000,3399,15.0,16.995,16.0,stable_10deg,stable_10deg,0.0,10.0,0.0,,,0.13192626135302166,6.961815373834311,0.017404538434585778,0.150946396845163,0.022872631975441822
AVMD,IMF2,background_dynamic_mode,17.793810848400554,30,3000,3399,15.0,16.995,16.0,stable_10deg,stable_10deg,0.0,10.0,0.0,16.5,17.337334555161355,0.06186607481665079,1.530964485287773,0.0038274112132194327,0.08140054742316341,0.03225837703281759
AVMD,IMF3,background_dynamic_mode,39.90785813630041,30,3000,3399,15.0,16.995,16.0,stable_10deg,stable_10deg,0.0,10.0,0.0,40.0,36.788992658749876,0.024576398559103523,0.2415997464543623,0.0006039993661359058,0.03125322153932984,0.015004785094250047
AVMD,IMF4,background_dynamic_mode,54.08118915159944,30,3000,3399,15.0,16.995,16.0,stable_10deg,stable_10deg,0.0,10.0,0.0,53.5,51.951906706423124,0.013353325968967553,0.0713245257734013,0.00017831131443350325,0.016658942359461335,0.008804651378666059
AVMD,IMF5,background_dynamic_mode,59.97479137691238,30,3000,3399,15.0,16.995,16.0,stable_10deg,stable_10deg,0.0,10.0,0.0,60.0,62.090839558665856,0.01329248823489734,0.07067609738995367,0.00017669024347488418,0.015950015883067645,0.010047174356723003
AVMD,IMF6,background_dynamic_mode,80.04607093184978,30,3000,3399,15.0,16.995,16.0,stable_10deg,stable_10deg,0.0,10.0,0.0,80.0,79.97436683765437,0.04265449607850359,0.7277624142844312,0.0018194060357110782,0.05922787356362105,0.011428434978748158
AVMD,IMF7,background_dynamic_mode,90.29468011126563,30,3000,3399,15.0,16.995,16.0,stable_10deg,stable_10deg,0.0,10.0,0.0,90.5,91.5846136569215,0.02537273263981362,0.2575102246445854,0.0006437755616114635,0.03358851822256649,0.013205917507223752
AVMD,IMF1,angle_position_mode,0.008692628650904,31,3100,3499,15.5,17.495,16.5,stable_10deg,stable_10deg,0.0,10.0,0.0,,,0.13484063794244128,7.272799056289813,0.01818199764072453,0.15312196452815618,0.02404500827458376
AVMD,IMF2,background_dynamic_mode,17.793810848400554,31,3100,3499,15.5,17.495,16.5,stable_10deg,stable_10deg,0.0,10.0,0.0,16.5,17.0493471929751,0.0602270323638867,1.4509181709442625,0.003627295427360656,0.07906433390507422,0.031918443615509856
AVMD,IMF3,background_dynamic_mode,39.90785813630041,31,3100,3499,15.5,17.495,16.5,stable_10deg,stable_10deg,0.0,10.0,0.0,36.0,37.11105163179295,0.023982213120535074,0.23005861846350584,0.0005751465461587646,0.030431807120422955,0.015010628263462117
AVMD,IMF4,background_dynamic_mode,54.08118915159944,31,3100,3499,15.5,17.495,16.5,stable_10deg,stable_10deg,0.0,10.0,0.0,52.5,51.61755921498213,0.014065210592684226,0.07913205960662262,0.00019783014901655655,0.018061927978160704,0.00834446746716556
AVMD,IMF5,background_dynamic_mode,59.97479137691238,31,3100,3499,15.5,17.495,16.5,stable_10deg,stable_10deg,0.0,10.0,0.0,60.0,62.03525892282329,0.013545732575306809,0.07339474840069121,0.00018348687100172803,0.016484094410187767,0.009742929179173328
AVMD,IMF6,background_dynamic_mode,80.04607093184978,31,3100,3499,15.5,17.495,16.5,stable_10deg,stable_10deg,0.0,10.0,0.0,80.0,79.92766398398119,0.041922183946029756,0.702987802721902,0.0017574695068047548,0.058390058731157594,0.011153766025784372
AVMD,IMF7,background_dynamic_mode,90.29468011126563,31,3100,3499,15.5,17.495,16.5,stable_10deg,stable_10deg,0.0,10.0,0.0,90.5,91.39107214353265,0.02554650932467338,0.2610496554702496,0.000652624138675624,0.0335397845767978,0.013386933937072416
AVMD,IMF1,angle_position_mode,0.008692628650904,32,3200,3599,16.0,17.995,17.0,stable_10deg,stable_10deg,0.0,10.0,0.0,,,0.13268219571021933,7.041826023393979,0.017604565058484945,0.1562567825324978,0.028161758176801013
AVMD,IMF2,background_dynamic_mode,17.793810848400554,32,3200,3599,16.0,17.995,17.0,stable_10deg,stable_10deg,0.0,10.0,0.0,16.5,17.09851613010173,0.060202814019792696,1.4497515263606993,0.0036243788159017482,0.07918939598331902,0.030187310363124005
AVMD,IMF3,background_dynamic_mode,39.90785813630041,32,3200,3599,16.0,17.995,17.0,stable_10deg,stable_10deg,0.0,10.0,0.0,40.0,37.24128679958447,0.025751504642066707,0.26525599653215326,0.0006631399913303831,0.03248079366690315,0.016360424725347735
AVMD,IMF4,background_dynamic_mode,54.08118915159944,32,3200,3599,16.0,17.995,17.0,stable_10deg,stable_10deg,0.0,10.0,0.0,52.0,51.14582943298741,0.013553948132968046,0.0734838039964752,0.00018370950999118798,0.017518092926427017,0.007804595798369898
AVMD,IMF5,background_dynamic_mode,59.97479137691238,32,3200,3599,16.0,17.995,17.0,stable_10deg,stable_10deg,0.0,10.0,0.0,60.0,61.790718138679736,0.01449848939761674,0.084082477925122,0.000210206194812805,0.01783556789436948,0.010122102247166875
AVMD,IMF6,background_dynamic_mode,80.04607093184978,32,3200,3599,16.0,17.995,17.0,stable_10deg,stable_10deg,0.0,10.0,0.0,80.0,79.88975390175112,0.04144701251244995,0.687141938482873,0.0017178548462071824,0.057281039295863805,0.012713896960506047
AVMD,IMF7,background_dynamic_mode,90.29468011126563,32,3200,3599,16.0,17.995,17.0,stable_10deg,stable_10deg,0.0,10.0,0.0,90.5,90.9277270557847,0.024909363608790376,0.2481905581579721,0.0006204763953949302,0.032605133225372396,0.013370529029329413
AVMD,IMF1,angle_position_mode,0.008692628650904,33,3300,3699,16.5,18.495,17.5,stable_10deg,stable_10deg,0.0,10.0,0.0,,,0.13247760865381095,7.020126717852914,0.017550316794632287,0.1595767474588171,0.027730601700146348
AVMD,IMF2,background_dynamic_mode,17.793810848400554,33,3300,3699,16.5,18.495,17.5,stable_10deg,stable_10deg,0.0,10.0,0.0,16.5,17.184462816778684,0.060378758119346274,1.4582377728138094,0.0036455944320345234,0.07863531436189172,0.033391574264387214
AVMD,IMF3,background_dynamic_mode,39.90785813630041,33,3300,3699,16.5,18.495,17.5,stable_10deg,stable_10deg,0.0,10.0,0.0,40.0,37.85450249497113,0.023888508992671118,0.22826434475717156,0.0005706608618929288,0.029964234443929722,0.015469373731144596
AVMD,IMF4,background_dynamic_mode,54.08118915159944,33,3300,3699,16.5,18.495,17.5,stable_10deg,stable_10deg,0.0,10.0,0.0,53.5,51.645956909619166,0.01358833209861321,0.07385710768888082,0.00018464276922220205,0.01757214572294052,0.007853231728817371
AVMD,IMF5,background_dynamic_mode,59.97479137691238,33,3300,3699,16.5,18.495,17.5,stable_10deg,stable_10deg,0.0,10.0,0.0,60.0,61.18651961723668,0.015344705372027197,0.09418399318172813,0.00023545998295432033,0.01921191785797057,0.010099817947636008
AVMD,IMF6,background_dynamic_mode,80.04607093184978,33,3300,3699,16.5,18.495,17.5,stable_10deg,stable_10deg,0.0,10.0,0.0,80.0,79.95553173895156,0.041110252390407505,0.6760211406412024,0.001690052851603006,0.05693201498562402,0.012240983337257386
AVMD,IMF7,background_dynamic_mode,90.29468011126563,33,3300,3699,16.5,18.495,17.5,stable_10deg,stable_10deg,0.0,10.0,0.0,90.5,90.93693119717815,0.026048682638066832,0.2714135468714898,0.0006785338671787245,0.03443552109260913,0.013235706366101448
AVMD,IMF1,angle_position_mode,0.008692628650904,34,3400,3799,17.0,18.995,18.0,stable_10deg,stable_10deg,0.0,10.0,0.0,,,0.12859416058298073,6.614583254416574,0.016536458136041435,0.1604443779702924,0.02667410123039928
AVMD,IMF2,background_dynamic_mode,17.793810848400554,34,3400,3799,17.0,18.995,18.0,stable_10deg,stable_10deg,0.0,10.0,0.0,16.5,17.220202143546096,0.06306443191726963,1.590849029219174,0.003977122573047935,0.0807342645984629,0.03796243369342937
AVMD,IMF3,background_dynamic_mode,39.90785813630041,34,3400,3799,17.0,18.995,18.0,stable_10deg,stable_10deg,0.0,10.0,0.0,40.0,38.38855618119412,0.027454070408455843,0.3014903927969803,0.0007537259819924508,0.03434106098160317,0.01809870114058639
AVMD,IMF4,background_dynamic_mode,54.08118915159944,34,3400,3799,17.0,18.995,18.0,stable_10deg,stable_10deg,0.0,10.0,0.0,53.5,51.53778578666322,0.01514534691865029,0.09175261331450793,0.00022938153328626982,0.01904265457186123,0.009946148015641832
AVMD,IMF5,background_dynamic_mode,59.97479137691238,34,3400,3799,17.0,18.995,18.0,stable_10deg,stable_10deg,0.0,10.0,0.0,60.0,61.45896427096918,0.014641098627426668,0.08574470760721402,0.00021436176901803506,0.01867030577650854,0.008838484960981144
AVMD,IMF6,background_dynamic_mode,80.04607093184978,34,3400,3799,17.0,18.995,18.0,stable_10deg,stable_10deg,0.0,10.0,0.0,80.0,79.98115923512617,0.03945642125013434,0.622723671147221,0.0015568091778680527,0.05469266535200545,0.011322467029806984
AVMD,IMF7,background_dynamic_mode,90.29468011126563,34,3400,3799,17.0,18.995,18.0,stable_10deg,stable_10deg,0.0,10.0,0.0,90.5,91.27815637699868,0.027027592903898074,0.29219631127153656,0.0007304907781788414,0.03596651338076856,0.012972254545176228
AVMD,IMF1,angle_position_mode,0.008692628650904,35,3500,3899,17.5,19.495,18.5,stable_10deg,stable_10deg,0.0,10.0,0.0,,,0.11947276344097837,5.709496481689591,0.014273741204223978,0.15326189335492266,0.03044555971623005
AVMD,IMF2,background_dynamic_mode,17.793810848400554,35,3500,3899,17.5,19.495,18.5,stable_10deg,stable_10deg,0.0,10.0,0.0,16.5,17.10799544733036,0.06790752955698257,1.8445730282129844,0.004611432570532461,0.08757270917092264,0.039277106973411066
AVMD,IMF3,background_dynamic_mode,39.90785813630041,35,3500,3899,17.5,19.495,18.5,stable_10deg,stable_10deg,0.0,10.0,0.0,39.5,38.339268816942116,0.02676141378578492,0.2864693071255997,0.0007161732678139992,0.03334393964379002,0.017890957122884476
AVMD,IMF4,background_dynamic_mode,54.08118915159944,35,3500,3899,17.5,19.495,18.5,stable_10deg,stable_10deg,0.0,10.0,0.0,53.5,51.03582918466737,0.01617524932756223,0.10465547632352096,0.0002616386908088024,0.02021482382393736,0.010642323831920847
AVMD,IMF5,background_dynamic_mode,59.97479137691238,35,3500,3899,17.5,19.495,18.5,stable_10deg,stable_10deg,0.0,10.0,0.0,60.0,61.52560188592037,0.016416467612466006,0.10780016354845812,0.00026950040887114527,0.020758351345222543,0.010411480214154105
AVMD,IMF6,background_dynamic_mode,80.04607093184978,35,3500,3899,17.5,19.495,18.5,stable_10deg,stable_10deg,0.0,10.0,0.0,80.0,80.04145163184795,0.0391576655843714,0.6133291096069857,0.0015333227740174642,0.053717865451787236,0.012924441066966075
AVMD,IMF7,background_dynamic_mode,90.29468011126563,35,3500,3899,17.5,19.495,18.5,stable_10deg,stable_10deg,0.0,10.0,0.0,90.5,91.1602136643442,0.02780747338775493,0.3093022304842795,0.0007732555762106988,0.03705993316431155,0.01261416829109095
AVMD,IMF1,angle_position_mode,0.008692628650904,36,3600,3999,18.0,19.995,19.0,stable_10deg,stable_10deg,0.0,10.0,0.0,,,0.12124636055741946,5.880271979367905,0.01470067994841976,0.1522235254302257,0.026273392946696165
AVMD,IMF2,background_dynamic_mode,17.793810848400554,36,3600,3999,18.0,19.995,19.0,stable_10deg,stable_10deg,0.0,10.0,0.0,16.5,17.23638795875734,0.06400376319864964,1.6385926814355276,0.004096481703588819,0.07971964090788536,0.04342732578975242
AVMD,IMF3,background_dynamic_mode,39.90785813630041,36,3600,3999,18.0,19.995,19.0,stable_10deg,stable_10deg,0.0,10.0,0.0,39.5,37.86770892014214,0.02642459008343006,0.27930358443092407,0.0006982589610773102,0.032143100502290405,0.019128022079690554
AVMD,IMF4,background_dynamic_mode,54.08118915159944,36,3600,3999,18.0,19.995,19.0,stable_10deg,stable_10deg,0.0,10.0,0.0,48.5,50.60836053790062,0.016636798136942514,0.11071322089974955,0.0002767830522493739,0.020500500785884723,0.011540428216330558
AVMD,IMF5,background_dynamic_mode,59.97479137691238,36,3600,3999,18.0,19.995,19.0,stable_10deg,stable_10deg,0.0,10.0,0.0,59.0,61.12265194531594,0.01607621462973584,0.1033778707285331,0.00025844467682133274,0.020366345264163234,0.010118138924384764
AVMD,IMF6,background_dynamic_mode,80.04607093184978,36,3600,3999,18.0,19.995,19.0,stable_10deg,stable_10deg,0.0,10.0,0.0,80.0,79.91014409773035,0.0389389953892873,0.6064981447707751,0.001516245361926938,0.05357419949342978,0.012383126218642295
AVMD,IMF7,background_dynamic_mode,90.29468011126563,36,3600,3999,18.0,19.995,19.0,stable_10deg,stable_10deg,0.0,10.0,0.0,90.5,91.10513142136035,0.027255497786199363,0.2971448638294073,0.0007428621595735183,0.03607795514842854,0.013605285286860204
AVMD,IMF1,angle_position_mode,0.008692628650904,37,3700,4099,18.5,20.495,19.5,stable_10deg,stable_10deg,0.0,10.012550016611998,0.21296415277262257,,,0.1170175601860858,5.477243756761685,0.013693109391904212,0.1509706891237972,0.024760136900377205
AVMD,IMF2,background_dynamic_mode,17.793810848400554,37,3700,4099,18.5,20.495,19.5,stable_10deg,stable_10deg,0.0,10.012550016611998,0.21296415277262257,17.0,17.286210638624397,0.06105782441058995,1.4912231687017734,0.0037280579217544335,0.07549979712006101,0.04152797064730221
AVMD,IMF3,background_dynamic_mode,39.90785813630041,37,3700,4099,18.5,20.495,19.5,stable_10deg,stable_10deg,0.0,10.012550016611998,0.21296415277262257,40.0,37.4616129059833,0.029126949560841532,0.3393516762879227,0.0008483791907198067,0.036234794397163005,0.0194244939268311
AVMD,IMF4,background_dynamic_mode,54.08118915159944,37,3700,4099,18.5,20.495,19.5,stable_10deg,stable_10deg,0.0,10.012550016611998,0.21296415277262257,48.5,51.069776798388986,0.016190451032858797,0.1048522818589594,0.0002621307046473985,0.019728120789339033,0.011547107832898548
AVMD,IMF5,background_dynamic_mode,59.97479137691238,37,3700,4099,18.5,20.495,19.5,stable_10deg,stable_10deg,0.0,10.012550016611998,0.21296415277262257,58.5,60.76617718541904,0.015185252986955515,0.09223676331113656,0.0002305919082778414,0.019312083248227738,0.009418783542231345
AVMD,IMF6,background_dynamic_mode,80.04607093184978,37,3700,4099,18.5,20.495,19.5,stable_10deg,stable_10deg,0.0,10.012550016611998,0.21296415277262257,80.0,79.93231932479856,0.040920137842677354,0.6697830724254861,0.0016744576810637153,0.056235393551667456,0.013186381193287263
AVMD,IMF7,background_dynamic_mode,90.29468011126563,37,3700,4099,18.5,20.495,19.5,stable_10deg,stable_10deg,0.0,10.012550016611998,0.21296415277262257,90.5,91.61233799928614,0.028492127310729237,0.3247205274763212,0.0008118013186908029,0.03826259187856878,0.012753162679646218
AVMD,IMF1,angle_position_mode,0.008692628650904,38,3800,4199,19.0,20.995,20.0,stable_10deg,stable_10deg,0.0,10.085750218163733,0.32718283799910114,,,0.116103422504277,5.392001886882662,0.013480004717206655,0.14836010396532026,0.025290899644184437
AVMD,IMF2,background_dynamic_mode,17.793810848400554,38,3800,4199,19.0,20.995,20.0,stable_10deg,stable_10deg,0.0,10.085750218163733,0.32718283799910114,17.0,17.63223279969464,0.06203148336673673,1.5391619714710942,0.0038479049286777355,0.07922338142040786,0.03753182871060153
AVMD,IMF3,background_dynamic_mode,39.90785813630041,38,3800,4199,19.0,20.995,20.0,stable_10deg,stable_10deg,0.0,10.085750218163733,0.32718283799910114,36.0,37.25975264075117,0.028220882968457515,0.31856729420775015,0.0007964182355193754,0.034129074355584516,0.020726873342775513
AVMD,IMF4,background_dynamic_mode,54.08118915159944,38,3800,4199,19.0,20.995,20.0,stable_10deg,stable_10deg,0.0,10.085750218163733,0.32718283799910114,54.5,51.86010745991957,0.01467628740230332,0.08615736476600286,0.00021539341191500715,0.017739864549181864,0.010715117783036993
AVMD,IMF5,background_dynamic_mode,59.97479137691238,38,3800,4199,19.0,20.995,20.0,stable_10deg,stable_10deg,0.0,10.085750218163733,0.32718283799910114,60.0,60.89915488737892,0.01722548975646805,0.11868699894007428,0.0002967174973501857,0.021905028670360382,0.010681733644417447
AVMD,IMF6,background_dynamic_mode,80.04607093184978,38,3800,4199,19.0,20.995,20.0,stable_10deg,stable_10deg,0.0,10.085750218163733,0.32718283799910114,80.0,79.95480313141788,0.04091347638790903,0.6695650200575959,0.0016739125501439897,0.05579975721238047,0.01497248522655679
AVMD,IMF7,background_dynamic_mode,90.29468011126563,38,3800,4199,19.0,20.995,20.0,stable_10deg,stable_10deg,0.0,10.085750218163733,0.32718283799910114,91.0,91.49154922284865,0.02687966334827015,0.2890065206865351,0.0007225163017163378,0.035648275460369756,0.013137909515196704
AVMD,IMF1,angle_position_mode,0.008692628650904,39,3900,4299,19.5,21.495,20.5,stable_10deg,stable_10deg,0.0,10.215717689400526,0.38600577996975954,,,0.11742671743902894,5.515613587402217,0.013789033968505542,0.1507639561398824,0.019138287316512678
AVMD,IMF2,background_dynamic_mode,17.793810848400554,39,3900,4299,19.5,21.495,20.5,stable_10deg,stable_10deg,0.0,10.215717689400526,0.38600577996975954,17.5,17.704300319398662,0.05928657574014344,1.405959225196706,0.003514898062991765,0.07701464709100068,0.033305898093813964
AVMD,IMF3,background_dynamic_mode,39.90785813630041,39,3900,4299,19.5,21.495,20.5,stable_10deg,stable_10deg,0.0,10.215717689400526,0.38600577996975954,35.5,37.241742722761224,0.02998044450950192,0.35953082119492946,0.0008988270529873237,0.036318187736035935,0.022048474905395573
AVMD,IMF4,background_dynamic_mode,54.08118915159944,39,3900,4299,19.5,21.495,20.5,stable_10deg,stable_10deg,0.0,10.215717689400526,0.38600577996975954,51.0,51.94953736401444,0.015125034144355563,0.09150666314716865,0.00022876665786792164,0.018122760017644096,0.011417367528900466
AVMD,IMF5,background_dynamic_mode,59.97479137691238,39,3900,4299,19.5,21.495,20.5,stable_10deg,stable_10deg,0.0,10.215717689400526,0.38600577996975954,60.0,61.797644500105676,0.016470678312832616,0.10851329763392588,0.0002712832440848147,0.020979819809792258,0.010158377341456547
AVMD,IMF6,background_dynamic_mode,80.04607093184978,39,3900,4299,19.5,21.495,20.5,stable_10deg,stable_10deg,0.0,10.215717689400526,0.38600577996975954,80.0,79.94126718800266,0.04129202002376807,0.6820123670573053,0.0017050309176432632,0.056728862234278886,0.01378328442840953
AVMD,IMF7,background_dynamic_mode,90.29468011126563,39,3900,4299,19.5,21.495,20.5,stable_10deg,stable_10deg,0.0,10.215717689400526,0.38600577996975954,91.0,91.04722894177927,0.02677282508781076,0.2867136652730037,0.0007167841631825092,0.03499587525645833,0.013804089185462864
AVMD,IMF1,angle_position_mode,0.008692628650904,40,4000,4399,20.0,21.995,21.0,stable_10deg,stable_10deg,0.0,10.390319717901825,0.41493661889705785,,,0.11615462954912266,5.396759186277567,0.013491897965693918,0.15176683267558888,0.021575076560359834
AVMD,IMF2,background_dynamic_mode,17.793810848400554,40,4000,4399,20.0,21.995,21.0,stable_10deg,stable_10deg,0.0,10.390319717901825,0.41493661889705785,17.5,17.900898653857833,0.06858052963612737,1.8813156180686983,0.004703289045171746,0.0929495412674237,0.026905700331175734
AVMD,IMF3,background_dynamic_mode,39.90785813630041,40,4000,4399,20.0,21.995,21.0,stable_10deg,stable_10deg,0.0,10.390319717901825,0.41493661889705785,35.5,36.91752430019803,0.0282970496073665,0.32028920659270416,0.0008007230164817604,0.03402461552781019,0.02108213250366777
AVMD,IMF4,background_dynamic_mode,54.08118915159944,40,4000,4399,20.0,21.995,21.0,stable_10deg,stable_10deg,0.0,10.390319717901825,0.41493661889705785,51.0,51.429379327024165,0.013742114793750626,0.07553828760184791,0.0001888457190046198,0.016396467735109912,0.010428944240076218
AVMD,IMF5,background_dynamic_mode,59.97479137691238,40,4000,4399,20.0,21.995,21.0,stable_10deg,stable_10deg,0.0,10.390319717901825,0.41493661889705785,60.0,61.84237120040564,0.016859546094085354,0.11369771779943547,0.00028424429449858867,0.021905131061775246,0.00939921334115365
AVMD,IMF6,background_dynamic_mode,80.04607093184978,40,4000,4399,20.0,21.995,21.0,stable_10deg,stable_10deg,0.0,10.390319717901825,0.41493661889705785,80.0,79.95917740069105,0.04295124891967745,0.7379239135040374,0.0018448097837600935,0.05936179766870011,0.013081285897205194
AVMD,IMF7,background_dynamic_mode,90.29468011126563,40,4000,4399,20.0,21.995,21.0,stable_10deg,stable_10deg,0.0,10.390319717901825,0.41493661889705785,91.0,90.96079331163328,0.027725828080116154,0.30748861709126296,0.0007687215427281574,0.03634218033398233,0.014568885609092917
AVMD,IMF1,angle_position_mode,0.008692628650904,41,4100,4499,20.5,22.495,21.5,stable_10deg,stable_10deg,0.0,10.582754909893147,0.36791952090185553,,,0.12683072056443565,6.434412671557583,0.016086031678893956,0.15856572221021512,0.031946171530885914
AVMD,IMF2,background_dynamic_mode,17.793810848400554,41,4100,4499,20.5,22.495,21.5,stable_10deg,stable_10deg,0.0,10.582754909893147,0.36791952090185553,17.5,17.87959068574138,0.06761962345892955,1.8289653906909664,0.004572413476727416,0.09181265140724544,0.02704059228559306
AVMD,IMF3,background_dynamic_mode,39.90785813630041,41,4100,4499,20.5,22.495,21.5,stable_10deg,stable_10deg,0.0,10.582754909893147,0.36791952090185553,40.0,37.173820635455264,0.029046063327881896,0.3374695179389302,0.0008436737948473255,0.034536014764709196,0.022401677091018927
AVMD,IMF4,background_dynamic_mode,54.08118915159944,41,4100,4499,20.5,22.495,21.5,stable_10deg,stable_10deg,0.0,10.582754909893147,0.36791952090185553,51.0,51.58951606468682,0.014702074075408064,0.08646039284751436,0.0002161509821187859,0.01744286802809193,0.011230618598962409
AVMD,IMF5,background_dynamic_mode,59.97479137691238,41,4100,4499,20.5,22.495,21.5,stable_10deg,stable_10deg,0.0,10.582754909893147,0.36791952090185553,60.0,61.33332020626165,0.017710725029504198,0.1254679124282826,0.00031366978107070647,0.02292553944169766,0.010022858392507302
AVMD,IMF6,background_dynamic_mode,80.04607093184978,41,4100,4499,20.5,22.495,21.5,stable_10deg,stable_10deg,0.0,10.582754909893147,0.36791952090185553,80.0,79.84011603481515,0.03948658314499823,0.6236760993867433,0.0015591902484668582,0.05391846585978465,0.014700651435796002
AVMD,IMF7,background_dynamic_mode,90.29468011126563,41,4100,4499,20.5,22.495,21.5,stable_10deg,stable_10deg,0.0,10.582754909893147,0.36791952090185553,91.0,91.11981729176506,0.027184721250956154,0.2956036277968749,0.0007390090694921872,0.035191121955297965,0.015188169209046356
AVMD,IMF1,angle_position_mode,0.008692628650904,42,4200,4599,21.0,22.995,22.0,stable_10deg,stable_10deg,0.0,10.728928210773761,0.27318672484370254,,,0.12595581245339607,6.345946676318033,0.015864866690795083,0.1666158044559235,0.034525094528081904
AVMD,IMF2,background_dynamic_mode,17.793810848400554,42,4200,4599,21.0,22.995,22.0,stable_10deg,stable_10deg,0.0,10.728928210773761,0.27318672484370254,17.5,17.580413078956763,0.05997960039982765,1.439020985649202,0.003597552464123005,0.07897888479628506,0.0315010317991487
AVMD,IMF3,background_dynamic_mode,39.90785813630041,42,4200,4599,21.0,22.995,22.0,stable_10deg,stable_10deg,0.0,10.728928210773761,0.27318672484370254,40.0,37.29992408325747,0.026562298995022285,0.2822222911603848,0.0007055557279009619,0.031659533862997885,0.02011092155211566
AVMD,IMF4,background_dynamic_mode,54.08118915159944,42,4200,4599,21.0,22.995,22.0,stable_10deg,stable_10deg,0.0,10.728928210773761,0.27318672484370254,52.5,52.126935760245885,0.01563561000401922,0.09778892007911436,0.0002444723001977859,0.01902034920742888,0.011315163016047118
AVMD,IMF5,background_dynamic_mode,59.97479137691238,42,4200,4599,21.0,22.995,22.0,stable_10deg,stable_10deg,0.0,10.728928210773761,0.27318672484370254,60.0,61.216584678862965,0.016011637627154022,0.10254901580131781,0.0002563725395032945,0.02045964800892955,0.009726237381800099
AVMD,IMF6,background_dynamic_mode,80.04607093184978,42,4200,4599,21.0,22.995,22.0,stable_10deg,stable_10deg,0.0,10.728928210773761,0.27318672484370254,80.0,79.79502934235754,0.03997033645015497,0.6390511183754348,0.001597627795938587,0.055115539501263175,0.013015531545241784
AVMD,IMF7,background_dynamic_mode,90.29468011126563,42,4200,4599,21.0,22.995,22.0,stable_10deg,stable_10deg,0.0,10.728928210773761,0.27318672484370254,91.0,91.151043336926,0.026871131613310156,0.2888230856719346,0.0007220577141798365,0.03522960366458417,0.014325062020745042
AVMD,IMF1,angle_position_mode,0.008692628650904,43,4300,4699,21.5,23.495,22.5,stable_10deg,stable_10deg,0.0,10.815445929043186,0.18798636435613464,,,0.12128035549743917,5.883569851834089,0.014708924629585222,0.16543172496579694,0.036406637240981796
AVMD,IMF2,background_dynamic_mode,17.793810848400554,43,4300,4699,21.5,23.495,22.5,stable_10deg,stable_10deg,0.0,10.815445929043186,0.18798636435613464,17.0,17.53972271640732,0.0632386204007337,1.5996492440752372,0.003999123110188093,0.0827484208302106,0.03377346404665228
AVMD,IMF3,background_dynamic_mode,39.90785813630041,43,4300,4699,21.5,23.495,22.5,stable_10deg,stable_10deg,0.0,10.815445929043186,0.18798636435613464,39.5,37.639951261650005,0.02639043169372954,0.27858195399256186,0.0006964548849814047,0.03213126689871773,0.018866363777127
AVMD,IMF4,background_dynamic_mode,54.08118915159944,43,4300,4699,21.5,23.495,22.5,stable_10deg,stable_10deg,0.0,10.815445929043186,0.18798636435613464,53.5,52.37229687519862,0.016240991813349332,0.10550792603251202,0.00026376981508128005,0.020136986777565036,0.011054191915194638
AVMD,IMF5,background_dynamic_mode,59.97479137691238,43,4300,4699,21.5,23.495,22.5,stable_10deg,stable_10deg,0.0,10.815445929043186,0.18798636435613464,60.0,62.03674860086108,0.01595646709661333,0.10184353688212154,0.00025460884220530384,0.020510814264246724,0.009393776668458469
AVMD,IMF6,background_dynamic_mode,80.04607093184978,43,4300,4699,21.5,23.495,22.5,stable_10deg,stable_10deg,0.0,10.815445929043186,0.18798636435613464,80.0,79.91664474557547,0.039751382677194726,0.6320689698995108,0.0015801724247487769,0.054681711954158184,0.013619517243784025
AVMD,IMF7,background_dynamic_mode,90.29468011126563,43,4300,4699,21.5,23.495,22.5,stable_10deg,stable_10deg,0.0,10.815445929043186,0.18798636435613464,91.0,91.24386875317262,0.02721812970393066,0.29633063383199704,0.0007408265845799926,0.03564588086376851,0.015648465920811146
AVMD,IMF1,angle_position_mode,0.008692628650904,44,4400,4799,22.0,23.995,23.0,stable_10deg,stable_10deg,0.0,10.836545763348813,0.16344252490587724,,,0.12613194619831583,6.363707140709936,0.01590926785177484,0.1708936381336642,0.03343440458432876
AVMD,IMF2,background_dynamic_mode,17.793810848400554,44,4400,4799,22.0,23.995,23.0,stable_10deg,stable_10deg,0.0,10.836545763348813,0.16344252490587724,17.0,17.665217592220323,0.05860451216288594,1.3737955383399383,0.0034344888458498458,0.0765252909203718,0.03244762280721967
AVMD,IMF3,background_dynamic_mode,39.90785813630041,44,4400,4799,22.0,23.995,23.0,stable_10deg,stable_10deg,0.0,10.836545763348813,0.16344252490587724,39.5,38.01047637179115,0.030218446121866926,0.3652617944080697,0.0009131544860201743,0.037459413503444595,0.02055120129255391
AVMD,IMF4,background_dynamic_mode,54.08118915159944,44,4400,4799,22.0,23.995,23.0,stable_10deg,stable_10deg,0.0,10.836545763348813,0.16344252490587724,54.0,52.731439209285575,0.01714543435571514,0.11758636769845482,0.00029396591924613704,0.0216667659423432,0.01088940737347903
AVMD,IMF5,background_dynamic_mode,59.97479137691238,44,4400,4799,22.0,23.995,23.0,stable_10deg,stable_10deg,0.0,10.836545763348813,0.16344252490587724,60.0,62.227367341064955,0.014929263935542968,0.08915316866284156,0.00022288292165710392,0.018341984351892517,0.01043790300889556
AVMD,IMF6,background_dynamic_mode,80.04607093184978,44,4400,4799,22.0,23.995,23.0,stable_10deg,stable_10deg,0.0,10.836545763348813,0.16344252490587724,80.0,79.97005444933168,0.038660754170714,0.597861565219352,0.0014946539130483798,0.05313415013319718,0.013186300460351791
AVMD,IMF7,background_dynamic_mode,90.29468011126563,44,4400,4799,22.0,23.995,23.0,stable_10deg,stable_10deg,0.0,10.836545763348813,0.16344252490587724,91.0,91.14842075365337,0.025298393081408604,0.2560034770005851,0.0006400086925014628,0.0327523722934824,0.014388031572610219
AVMD,IMF1,angle_position_mode,0.008692628650904,45,4500,4899,22.5,24.495,23.5,stable_10deg,stable_10deg,0.0,10.78890972243511,0.23120231150581697,,,0.11621856775396237,5.402702196312937,0.013506755490782342,0.17058357757810966,0.030717073877455703
AVMD,IMF2,background_dynamic_mode,17.793810848400554,45,4500,4899,22.5,24.495,23.5,stable_10deg,stable_10deg,0.0,10.78890972243511,0.23120231150581697,17.0,17.367566561174243,0.05957269734132739,1.419562507408558,0.0035489062685213953,0.07778839010853156,0.032369002168933604
AVMD,IMF3,background_dynamic_mode,39.90785813630041,45,4500,4899,22.5,24.495,23.5,stable_10deg,stable_10deg,0.0,10.78890972243511,0.23120231150581697,36.0,37.058966053860836,0.029856925422924244,0.356574398284024,0.00089143599571006,0.036863374419358046,0.020607562267351148
AVMD,IMF4,background_dynamic_mode,54.08118915159944,45,4500,4899,22.5,24.495,23.5,stable_10deg,stable_10deg,0.0,10.78890972243511,0.23120231150581697,54.5,51.910481095409665,0.01660954154719943,0.1103507481632576,0.000275876870408144,0.020764277277650667,0.0110981774181493
AVMD,IMF5,background_dynamic_mode,59.97479137691238,45,4500,4899,22.5,24.495,23.5,stable_10deg,stable_10deg,0.0,10.78890972243511,0.23120231150581697,60.0,61.781870025377806,0.013749844220252393,0.07562328643248326,0.00018905821608120813,0.01678117853607465,0.009891125291042012
AVMD,IMF6,background_dynamic_mode,80.04607093184978,45,4500,4899,22.5,24.495,23.5,stable_10deg,stable_10deg,0.0,10.78890972243511,0.23120231150581697,80.0,79.99466026482489,0.04035443308825999,0.6513921079499412,0.001628480269874853,0.05591473668453787,0.011815005124284753
AVMD,IMF7,background_dynamic_mode,90.29468011126563,45,4500,4899,22.5,24.495,23.5,stable_10deg,stable_10deg,0.0,10.78890972243511,0.23120231150581697,91.0,91.33581506603676,0.026766163551895657,0.28657100451473105,0.0007164275112868276,0.03519982308574023,0.014137921361919973
AVMD,IMF1,angle_position_mode,0.008692628650904,46,4600,4999,23.0,24.995,24.0,stable_10deg,stable_10deg,0.0,10.672545609441197,0.336301537554775,,,0.11590734807417002,5.373805335034723,0.013434513337586806,0.16705993500887983,0.025992605958878107
AVMD,IMF2,background_dynamic_mode,17.793810848400554,46,4600,4999,23.0,24.995,24.0,stable_10deg,stable_10deg,0.0,10.672545609441197,0.336301537554775,17.0,17.433303968040025,0.06456301892525397,1.667353365097081,0.004168383412742702,0.08647861970701828,0.02897679543390822
AVMD,IMF3,background_dynamic_mode,39.90785813630041,46,4600,4999,23.0,24.995,24.0,stable_10deg,stable_10deg,0.0,10.672545609441197,0.336301537554775,36.0,37.21178731686505,0.03007234853579401,0.36173845858330883,0.000904346146458272,0.03780896848386175,0.019577274735921867
AVMD,IMF4,background_dynamic_mode,54.08118915159944,46,4600,4999,23.0,24.995,24.0,stable_10deg,stable_10deg,0.0,10.672545609441197,0.336301537554775,52.0,51.50818672191566,0.016455228463168443,0.10830981751002756,0.0002707745437750689,0.020628526723996288,0.010736668031701582
AVMD,IMF5,background_dynamic_mode,59.97479137691238,46,4600,4999,23.0,24.995,24.0,stable_10deg,stable_10deg,0.0,10.672545609441197,0.336301537554775,60.0,61.96705622513821,0.013804163285140015,0.07622196960112304,0.0001905549240028076,0.017450569998609767,0.00875597384661953
AVMD,IMF6,background_dynamic_mode,80.04607093184978,46,4600,4999,23.0,24.995,24.0,stable_10deg,stable_10deg,0.0,10.672545609441197,0.336301537554775,80.0,79.91710204828348,0.039858736983742545,0.6354875655756662,0.0015887189139391655,0.05499711722188092,0.012046524843407277
AVMD,IMF7,background_dynamic_mode,90.29468011126563,46,4600,4999,23.0,24.995,24.0,stable_10deg,stable_10deg,0.0,10.672545609441197,0.336301537554775,91.0,90.94228467990507,0.02550129377763598,0.26012639373331825,0.0006503159843332956,0.03274710315487974,0.015399049202882677
AVMD,IMF1,angle_position_mode,0.008692628650904,47,4700,5099,23.5,25.495,24.5,stable_10deg,stable_10deg,0.0,10.49188450083042,0.43856789776374555,,,0.11682746326158573,5.459462468854865,0.013648656172137164,0.17348301409746036,0.02251699859998446
AVMD,IMF2,background_dynamic_mode,17.793810848400554,47,4700,5099,23.5,25.495,24.5,stable_10deg,stable_10deg,0.0,10.49188450083042,0.43856789776374555,17.0,17.64693968115131,0.05955242693413621,1.4185966214982528,0.003546491553745632,0.07975065567614978,0.027200496042394124
AVMD,IMF3,background_dynamic_mode,39.90785813630041,47,4700,5099,23.5,25.495,24.5,stable_10deg,stable_10deg,0.0,10.49188450083042,0.43856789776374555,36.0,37.3448201700681,0.02944285646415325,0.34675271870749236,0.0008668817967687309,0.03675493723275855,0.019554415288500476
AVMD,IMF4,background_dynamic_mode,54.08118915159944,47,4700,5099,23.5,25.495,24.5,stable_10deg,stable_10deg,0.0,10.49188450083042,0.43856789776374555,54.5,51.618802528795605,0.01597229661569719,0.10204570367192478,0.00025511425917981197,0.019372682542366113,0.011577404784167895
AVMD,IMF5,background_dynamic_mode,59.97479137691238,47,4700,5099,23.5,25.495,24.5,stable_10deg,stable_10deg,0.0,10.49188450083042,0.43856789776374555,60.0,61.614194913576895,0.013430871828301768,0.07215532722730802,0.00018038831806827007,0.016670033527290767,0.009077859124572048
AVMD,IMF6,background_dynamic_mode,80.04607093184978,47,4700,5099,23.5,25.495,24.5,stable_10deg,stable_10deg,0.0,10.49188450083042,0.43856789776374555,80.0,79.85065432239969,0.03763089658280207,0.5664337510502176,0.001416084377625544,0.05145396659999829,0.013286883461039066
AVMD,IMF7,background_dynamic_mode,90.29468011126563,47,4700,5099,23.5,25.495,24.5,stable_10deg,stable_10deg,0.0,10.49188450083042,0.43856789776374555,90.5,90.96275833680531,0.026703971029902223,0.28524082750634283,0.0007131020687658571,0.03476989590390013,0.014800417834884921
AVMD,IMF1,angle_position_mode,0.008692628650904,48,4800,5199,24.0,25.995,25.0,stable_10deg,stable_10deg,0.0,10.296182638023492,0.4216577755164494,,,0.11108406024435706,4.93586737614878,0.012339668440371949,0.17159515088986402,0.024932644060343543
AVMD,IMF2,background_dynamic_mode,17.793810848400554,48,4800,5199,24.0,25.995,25.0,stable_10deg,stable_10deg,0.0,10.296182638023492,0.4216577755164494,17.0,17.399172797062374,0.060886365000500625,1.482859777189675,0.0037071494429741876,0.08168394163816889,0.02718829036115534
AVMD,IMF3,background_dynamic_mode,39.90785813630041,48,4800,5199,24.0,25.995,25.0,stable_10deg,stable_10deg,0.0,10.296182638023492,0.4216577755164494,39.5,37.92894184871551,0.026088535233670267,0.27224466825538196,0.0006806116706384549,0.03266233579204528,0.017174662034433016
AVMD,IMF4,background_dynamic_mode,54.08118915159944,48,4800,5199,24.0,25.995,25.0,stable_10deg,stable_10deg,0.0,10.296182638023492,0.4216577755164494,53.5,51.901629895242465,0.01626035270162179,0.10575962799245564,0.0002643990699811391,0.020179371489199394,0.01097089875097159
AVMD,IMF5,background_dynamic_mode,59.97479137691238,48,4800,5199,24.0,25.995,25.0,stable_10deg,stable_10deg,0.0,10.296182638023492,0.4216577755164494,62.0,61.98856737546066,0.014786518263703663,0.0874564489451368,0.000218641122362842,0.018650952593165248,0.009516639174105685
AVMD,IMF6,background_dynamic_mode,80.04607093184978,48,4800,5199,24.0,25.995,25.0,stable_10deg,stable_10deg,0.0,10.296182638023492,0.4216577755164494,80.0,79.93023941182582,0.03677834783667165,0.541058747838084,0.0013526468695952102,0.050289533792770076,0.0129179680667304
AVMD,IMF7,background_dynamic_mode,90.29468011126563,48,4800,5199,24.0,25.995,25.0,stable_10deg,stable_10deg,0.0,10.296182638023492,0.4216577755164494,90.5,91.1676891027352,0.026636452002145594,0.2838002301050424,0.0007095005752626061,0.03421643114410122,0.015815706171374413
AVMD,IMF1,angle_position_mode,0.008692628650904,49,4900,5299,24.5,26.495,25.5,stable_10deg,stable_10deg,0.0,10.138833470333875,0.3775024810916695,,,0.10591439983875935,4.487144037281834,0.011217860093204586,0.16844544120978291,0.022071138500363314
AVMD,IMF2,background_dynamic_mode,17.793810848400554,49,4900,5299,24.5,26.495,25.5,stable_10deg,stable_10deg,0.0,10.138833470333875,0.3775024810916695,17.0,17.15445503696897,0.0621220181029048,1.5436580532710527,0.0038591451331776317,0.0832493860433133,0.02817521741813567
AVMD,IMF3,background_dynamic_mode,39.90785813630041,49,4900,5299,24.5,26.495,25.5,stable_10deg,stable_10deg,0.0,10.138833470333875,0.3775024810916695,39.5,37.62785373165025,0.027751474181047703,0.3080577276885429,0.0007701443192213572,0.034516225259931456,0.018680412604608218
AVMD,IMF4,background_dynamic_mode,54.08118915159944,49,4900,5299,24.5,26.495,25.5,stable_10deg,stable_10deg,0.0,10.138833470333875,0.3775024810916695,53.5,52.508514730875056,0.017361092014837893,0.12056300637906722,0.00030140751594766806,0.022298247846085157,0.010264807224811129
AVMD,IMF5,background_dynamic_mode,59.97479137691238,49,4900,5299,24.5,26.495,25.5,stable_10deg,stable_10deg,0.0,10.138833470333875,0.3775024810916695,61.5,62.77755185345791,0.016771944616052283,0.11251925048157004,0.0002812981262039251,0.021349059477394263,0.010305351483931621
AVMD,IMF6,background_dynamic_mode,80.04607093184978,49,4900,5299,24.5,26.495,25.5,stable_10deg,stable_10deg,0.0,10.138833470333875,0.3775024810916695,80.0,80.06335010956198,0.035405243452755024,0.501412505579541,0.0012535312639488524,0.04789354428798465,0.014238088085683352
AVMD,IMF7,background_dynamic_mode,90.29468011126563,49,4900,5299,24.5,26.495,25.5,stable_10deg,stable_10deg,0.0,10.138833470333875,0.3775024810916695,90.5,91.13721198989025,0.024673508717563967,0.24351281297428204,0.0006087820324357051,0.03083683326389487,0.01625456984557922
AVMD,IMF1,angle_position_mode,0.008692628650904,50,5000,5399,25.0,26.995,26.0,stable_10deg,stable_10deg,0.0,10.035824080895441,0.2861866803838543,,,0.1106824231970324,4.900239521906791,0.012250598804766977,0.169625537645193,0.023732529115463367
AVMD,IMF2,background_dynamic_mode,17.793810848400554,50,5000,5399,25.0,26.995,26.0,stable_10deg,stable_10deg,0.0,10.035824080895441,0.2861866803838543,16.5,16.902522221436296,0.06324772040299395,1.6001096544701188,0.004000274136175297,0.08487738562818897,0.02754390632932842
AVMD,IMF3,background_dynamic_mode,39.90785813630041,50,5000,5399,25.0,26.995,26.0,stable_10deg,stable_10deg,0.0,10.035824080895441,0.2861866803838543,40.0,37.97488552436834,0.02750250533035049,0.3025551197783829,0.0007563877994459572,0.03363966026166504,0.01946300591532248
AVMD,IMF4,background_dynamic_mode,54.08118915159944,50,5000,5399,25.0,26.995,26.0,stable_10deg,stable_10deg,0.0,10.035824080895441,0.2861866803838543,53.5,52.22239768698042,0.015509555475319016,0.09621852441679923,0.00024054631104199808,0.019444860725432087,0.010141090992473113
AVMD,IMF5,background_dynamic_mode,59.97479137691238,50,5000,5399,25.0,26.995,26.0,stable_10deg,stable_10deg,0.0,10.035824080895441,0.2861866803838543,60.0,61.92915469238282,0.01622679954427616,0.1053236093800484,0.000263309023450121,0.02056317414962334,0.010185161759591325
AVMD,IMF6,background_dynamic_mode,80.04607093184978,50,5000,5399,25.0,26.995,26.0,stable_10deg,stable_10deg,0.0,10.035824080895441,0.2861866803838543,80.0,80.07166450190822,0.036729667102067785,0.5396273781714881,0.0013490684454287203,0.049740366768452435,0.015076991266961649
AVMD,IMF7,background_dynamic_mode,90.29468011126563,50,5000,5399,25.0,26.995,26.0,stable_10deg,stable_10deg,0.0,10.035824080895441,0.2861866803838543,90.5,90.64936921504868,0.025278551626576044,0.25560206893498816,0.0006390051723374704,0.03224622783887571,0.015838927785024753
AVMD,IMF1,angle_position_mode,0.008692628650904,51,5100,5499,25.5,27.495,26.5,stable_10deg,stable_10deg,0.0,10.0,0.0,,,0.1207835239462129,5.835463862746154,0.014588659656865385,0.17688307689670854,0.03232024575693082
AVMD,IMF2,background_dynamic_mode,17.793810848400554,51,5100,5499,25.5,27.495,26.5,stable_10deg,stable_10deg,0.0,10.0,0.0,16.5,16.798405703927948,0.06452472475701657,1.665376041987499,0.004163440104968747,0.0860943290756374,0.03053812165063735
AVMD,IMF3,background_dynamic_mode,39.90785813630041,51,5100,5499,25.5,27.495,26.5,stable_10deg,stable_10deg,0.0,10.0,0.0,40.0,37.857356375273916,0.02839729349831609,0.3225625112118021,0.0008064062780295053,0.03524482841225758,0.019370891920414364
AVMD,IMF4,background_dynamic_mode,54.08118915159944,51,5100,5499,25.5,27.495,26.5,stable_10deg,stable_10deg,0.0,10.0,0.0,53.5,52.16489751613476,0.015190788453966552,0.0923040215412654,0.00023076005385316349,0.019584795414100388,0.008898039578213966
AVMD,IMF5,background_dynamic_mode,59.97479137691238,51,5100,5499,25.5,27.495,26.5,stable_10deg,stable_10deg,0.0,10.0,0.0,60.0,61.18638194531678,0.016451833465208527,0.10826512974678207,0.0002706628243669552,0.021140010780522838,0.009689221626278973
AVMD,IMF6,background_dynamic_mode,80.04607093184978,51,5100,5499,25.5,27.495,26.5,stable_10deg,stable_10deg,0.0,10.0,0.0,80.0,80.00842458238698,0.03807334001656329,0.5798316880067358,0.0014495792200168395,0.051975957320780905,0.01393705843939012
AVMD,IMF7,background_dynamic_mode,90.29468011126563,51,5100,5499,25.5,27.495,26.5,stable_10deg,stable_10deg,0.0,10.0,0.0,90.5,91.07759289370772,0.02577363607606255,0.2657121266325252,0.000664280316581313,0.032933565634635016,0.015445640888943972
AVMD,IMF1,angle_position_mode,0.008692628650904,52,5200,5599,26.0,27.995,27.0,stable_10deg,stable_10deg,0.0,10.0,0.0,,,0.1230360134138521,6.055144238709438,0.015137860596773595,0.18174784943939953,0.03092131435006412
AVMD,IMF2,background_dynamic_mode,17.793810848400554,52,5200,5599,26.0,27.995,27.0,stable_10deg,stable_10deg,0.0,10.0,0.0,16.5,16.976168839115765,0.06159476859163218,1.5175662071426874,0.0037939155178567186,0.08101433781901149,0.03183751991644346
AVMD,IMF3,background_dynamic_mode,39.90785813630041,52,5200,5599,26.0,27.995,27.0,stable_10deg,stable_10deg,0.0,10.0,0.0,40.0,38.035331909328725,0.0303486141647949,0.3684153526894358,0.0009210383817235896,0.038215954085218946,0.01951868625220288
AVMD,IMF4,background_dynamic_mode,54.08118915159944,52,5200,5599,26.0,27.995,27.0,stable_10deg,stable_10deg,0.0,10.0,0.0,54.5,51.24814963920875,0.01536958847182283,0.09448969991727571,0.00023622424979318927,0.019586474340024737,0.00948008177965221
AVMD,IMF5,background_dynamic_mode,59.97479137691238,52,5200,5599,26.0,27.995,27.0,stable_10deg,stable_10deg,0.0,10.0,0.0,60.0,61.69430603268715,0.016310329328081408,0.106410737116189,0.0002660268427904725,0.021138384798936913,0.009200038235984294
AVMD,IMF6,background_dynamic_mode,80.04607093184978,52,5200,5599,26.0,27.995,27.0,stable_10deg,stable_10deg,0.0,10.0,0.0,80.0,79.89972140189073,0.03784880344867079,0.5730127689984454,0.0014325319224961137,0.05191921494474469,0.013108023724954135
AVMD,IMF7,background_dynamic_mode,90.29468011126563,52,5200,5599,26.0,27.995,27.0,stable_10deg,stable_10deg,0.0,10.0,0.0,90.5,91.39763302479494,0.025903410168459325,0.26839466334217676,0.0006709866583554419,0.03383523467469747,0.014194660011953802
AVMD,IMF1,angle_position_mode,0.008692628650904,53,5300,5699,26.5,28.495,27.5,stable_10deg,stable_10deg,0.0,10.0,0.0,,,0.13209162973901992,6.9792794588441325,0.017448198647110332,0.1962699604588576,0.03637533217313925
AVMD,IMF2,background_dynamic_mode,17.793810848400554,53,5300,5699,26.5,28.495,27.5,stable_10deg,stable_10deg,0.0,10.0,0.0,16.5,16.983046535021657,0.05932103405463375,1.4075940325244067,0.003518985081311017,0.0791236714435901,0.028039944980448556
AVMD,IMF3,background_dynamic_mode,39.90785813630041,53,5300,5699,26.5,28.495,27.5,stable_10deg,stable_10deg,0.0,10.0,0.0,35.5,37.52541726582607,0.027509830577412388,0.30271631135917343,0.0007567907783979336,0.03555599599233437,0.01572099762648034
AVMD,IMF4,background_dynamic_mode,54.08118915159944,53,5300,5699,26.5,28.495,27.5,stable_10deg,stable_10deg,0.0,10.0,0.0,50.5,51.541878554814204,0.014282617253341453,0.08159726224217878,0.00020399315560544695,0.01812632158367167,0.008978563438214847
AVMD,IMF5,background_dynamic_mode,59.97479137691238,53,5300,5699,26.5,28.495,27.5,stable_10deg,stable_10deg,0.0,10.0,0.0,60.0,61.670490165744354,0.016016170283592115,0.10260708422120765,0.00025651771055301914,0.02100360831778036,0.008450103137352904
AVMD,IMF6,background_dynamic_mode,80.04607093184978,53,5300,5699,26.5,28.495,27.5,stable_10deg,stable_10deg,0.0,10.0,0.0,80.0,79.87131469464326,0.03896902298936723,0.6074339010983327,0.0015185847527458317,0.053955751579690264,0.011679602598684658
AVMD,IMF7,background_dynamic_mode,90.29468011126563,53,5300,5699,26.5,28.495,27.5,stable_10deg,stable_10deg,0.0,10.0,0.0,90.5,90.80162134103432,0.025676385761294343,0.26371071430511955,0.0006592767857627989,0.03396582179902312,0.01289328892494219
AVMD,IMF1,angle_position_mode,0.008692628650904,54,5400,5799,27.0,28.995,28.0,stable_10deg,stable_10deg,0.0,10.0,0.0,,,0.13375497802802158,7.1561576589106135,0.017890394147276535,0.20683564683345296,0.030456646655485458
AVMD,IMF2,background_dynamic_mode,17.793810848400554,54,5400,5799,27.0,28.995,28.0,stable_10deg,stable_10deg,0.0,10.0,0.0,16.5,16.91469057127563,0.05925161965313886,1.4043017726080924,0.003510754431520231,0.07741796160984772,0.03262036378251569
AVMD,IMF3,background_dynamic_mode,39.90785813630041,54,5400,5799,27.0,28.995,28.0,stable_10deg,stable_10deg,0.0,10.0,0.0,36.0,37.34228267339103,0.02775174407302239,0.3080637196378133,0.0007701592990945333,0.03604324989609947,0.015616442024316474
AVMD,IMF4,background_dynamic_mode,54.08118915159944,54,5400,5799,27.0,28.995,28.0,stable_10deg,stable_10deg,0.0,10.0,0.0,51.0,50.94816177882353,0.01603669652772982,0.1028702542090007,0.00025717563552250176,0.02070157048068043,0.009227781482185402
AVMD,IMF5,background_dynamic_mode,59.97479137691238,54,5400,5799,27.0,28.995,28.0,stable_10deg,stable_10deg,0.0,10.0,0.0,60.0,61.852049528122215,0.015858229936593866,0.10059338268875276,0.0002514834567218819,0.02047478611824334,0.009157839978911104
AVMD,IMF6,background_dynamic_mode,80.04607093184978,54,5400,5799,27.0,28.995,28.0,stable_10deg,stable_10deg,0.0,10.0,0.0,80.0,79.7274218395096,0.03949735938090479,0.624016559225739,0.0015600413980643474,0.05466131400449184,0.011983889368022641
AVMD,IMF7,background_dynamic_mode,90.29468011126563,54,5400,5799,27.0,28.995,28.0,stable_10deg,stable_10deg,0.0,10.0,0.0,90.5,91.06855890695151,0.02753195257139734,0.3032033649574691,0.0007580084123936727,0.03505532732787319,0.015846224485125248
AVMD,IMF1,angle_position_mode,0.008692628650904,55,5500,5899,27.5,29.495,28.5,stable_10deg,stable_10deg,0.0,10.0,0.009046839343174184,,,0.12325788700990409,6.077002684058513,0.015192506710146284,0.2106320886669998,0.03241459834211005
AVMD,IMF2,background_dynamic_mode,17.793810848400554,55,5500,5899,27.5,29.495,28.5,stable_10deg,stable_10deg,0.0,10.0,0.009046839343174184,17.0,17.19470219569408,0.05976242280741422,1.4286188719248574,0.0035715471798121435,0.07783773673891978,0.03224363488884986
AVMD,IMF3,background_dynamic_mode,39.90785813630041,55,5500,5899,27.5,29.495,28.5,stable_10deg,stable_10deg,0.0,10.0,0.009046839343174184,40.0,38.15037143348501,0.027034960634803384,0.29235563861014746,0.0007308890965253686,0.03466431679856921,0.01596739729586902
AVMD,IMF4,background_dynamic_mode,54.08118915159944,55,5500,5899,27.5,29.495,28.5,stable_10deg,stable_10deg,0.0,10.0,0.009046839343174184,53.5,52.18611129619658,0.015732512533720412,0.09900478024946795,0.00024751195062366985,0.020410080810547945,0.008897630136424814
AVMD,IMF5,background_dynamic_mode,59.97479137691238,55,5500,5899,27.5,29.495,28.5,stable_10deg,stable_10deg,0.0,10.0,0.009046839343174184,60.0,61.24335064743914,0.014591873437994902,0.08516910817218447,0.00021292277043046117,0.018747127312372953,0.00866571931306057
AVMD,IMF6,background_dynamic_mode,80.04607093184978,55,5500,5899,27.5,29.495,28.5,stable_10deg,stable_10deg,0.0,10.0,0.009046839343174184,80.0,79.8519161625284,0.04196413131202797,0.7043953267092504,0.001760988316773126,0.05816310660927378,0.012096388176131744
AVMD,IMF7,background_dynamic_mode,90.29468011126563,55,5500,5899,27.5,29.495,28.5,stable_10deg,stable_10deg,0.0,10.0,0.009046839343174184,90.5,91.21009000804249,0.026902308736328095,0.28949368613788595,0.0007237342153447149,0.034593385060345594,0.015925176388108486
AVMD,IMF1,angle_position_mode,0.008692628650904,56,5600,5999,28.0,29.995,29.0,stable_10deg,stable_10deg,0.0,10.097614637272336,0.8288974924158302,,,0.12795245521740262,6.5487323184645705,0.016371830796161425,0.21713254846259353,0.03022140205282509
AVMD,IMF2,background_dynamic_mode,17.793810848400554,56,5600,5999,28.0,29.995,29.0,stable_10deg,stable_10deg,0.0,10.097614637272336,0.8288974924158302,17.0,17.256132572150275,0.06010865701400005,1.4452202592106789,0.003613050648026697,0.07889288455632026,0.03204303768842733
AVMD,IMF3,background_dynamic_mode,39.90785813630041,56,5600,5999,28.0,29.995,29.0,stable_10deg,stable_10deg,0.0,10.097614637272336,0.8288974924158302,40.0,37.29658977065178,0.026242364626346215,0.2754646804728429,0.0006886617011821072,0.03376769022362254,0.015442345853608635
AVMD,IMF4,background_dynamic_mode,54.08118915159944,56,5600,5999,28.0,29.995,29.0,stable_10deg,stable_10deg,0.0,10.097614637272336,0.8288974924158302,53.5,52.61909424099327,0.014953141438298794,0.0894385755495074,0.00022359643887376852,0.019158888205606836,0.008962091317492865
AVMD,IMF5,background_dynamic_mode,59.97479137691238,56,5600,5999,28.0,29.995,29.0,stable_10deg,stable_10deg,0.0,10.097614637272336,0.8288974924158302,60.0,61.817747720174445,0.014412689705421634,0.08309024981790669,0.00020772562454476673,0.018558674671709522,0.008326360553961739
AVMD,IMF6,background_dynamic_mode,80.04607093184978,56,5600,5999,28.0,29.995,29.0,stable_10deg,stable_10deg,0.0,10.097614637272336,0.8288974924158302,80.0,79.90724237755805,0.04335309634925642,0.7517963852271643,0.0018794909630679107,0.0601596442527899,0.012047347228105448
AVMD,IMF7,background_dynamic_mode,90.29468011126563,56,5600,5999,28.0,29.995,29.0,stable_10deg,stable_10deg,0.0,10.097614637272336,0.8288974924158302,90.5,91.17326308948485,0.029874903232286306,0.3570039372553883,0.0008925098431384708,0.03802624136021964,0.018086777014675315
AVMD,IMF1,angle_position_mode,0.008692628650904,57,5700,6099,28.5,30.495,29.5,stable_10deg,stable_10deg,0.0,10.43444638266051,1.3687545502896594,,,0.13000854088034908,6.760888280734959,0.0169022207018374,0.22838254423060825,0.0427596404439454
AVMD,IMF2,background_dynamic_mode,17.793810848400554,57,5700,6099,28.5,30.495,29.5,stable_10deg,stable_10deg,0.0,10.43444638266051,1.3687545502896594,16.5,17.269167502862775,0.06166100215102789,1.5208316745076265,0.003802079186269066,0.07981796058967333,0.035624291773404614
AVMD,IMF3,background_dynamic_mode,39.90785813630041,57,5700,6099,28.5,30.495,29.5,stable_10deg,stable_10deg,0.0,10.43444638266051,1.3687545502896594,35.5,37.252310532237196,0.025421518001959253,0.25850143100957534,0.0006462535775239383,0.032348969380649975,0.01577004734514219
AVMD,IMF4,background_dynamic_mode,54.08118915159944,57,5700,6099,28.5,30.495,29.5,stable_10deg,stable_10deg,0.0,10.43444638266051,1.3687545502896594,54.0,53.20772490315655,0.014144484261749909,0.08002657401235634,0.00020006643503089086,0.01753244078283448,0.009585882807194763
AVMD,IMF5,background_dynamic_mode,59.97479137691238,57,5700,6099,28.5,30.495,29.5,stable_10deg,stable_10deg,0.0,10.43444638266051,1.3687545502896594,60.0,61.35572229286405,0.01328287886890755,0.07057394841842828,0.0001764348710460707,0.01680013870481281,0.00838125937852612
AVMD,IMF6,background_dynamic_mode,80.04607093184978,57,5700,6099,28.5,30.495,29.5,stable_10deg,stable_10deg,0.0,10.43444638266051,1.3687545502896594,80.0,79.89734967612087,0.04213318104173126,0.7100819778781211,0.0017752049446953027,0.058216475060224065,0.012424801404323761
AVMD,IMF7,background_dynamic_mode,90.29468011126563,57,5700,6099,28.5,30.495,29.5,stable_10deg,stable_10deg,0.0,10.43444638266051,1.3687545502896594,90.5,91.11970868073887,0.02854906919763563,0.326019740820555,0.0008150493520513876,0.03557220840006026,0.01913497619644335
AVMD,IMF1,angle_position_mode,0.008692628650904,58,5800,6199,29.0,30.995,30.0,stable_10deg,stable_10deg,0.0,11.074980682998921,1.917620735820407,,,0.12532482315602653,6.282524519635729,0.015706311299089323,0.2423277153083741,0.03959180398662893
AVMD,IMF2,background_dynamic_mode,17.793810848400554,58,5800,6199,29.0,30.995,30.0,stable_10deg,stable_10deg,0.0,11.074980682998921,1.917620735820407,16.0,16.952068873404517,0.06394699643870964,1.6356873414129374,0.0040892183535323435,0.08265044732969525,0.03660491348680907
AVMD,IMF3,background_dynamic_mode,39.90785813630041,58,5800,6199,29.0,30.995,30.0,stable_10deg,stable_10deg,0.0,11.074980682998921,1.917620735820407,35.5,37.243980136263644,0.025963567756858107,0.2696427402659848,0.0006741068506649619,0.033371711994796625,0.01529837803906376
AVMD,IMF4,background_dynamic_mode,54.08118915159944,58,5800,6199,29.0,30.995,30.0,stable_10deg,stable_10deg,0.0,11.074980682998921,1.917620735820407,54.0,52.743242573787114,0.013154424438037209,0.06921555291841221,0.0001730388822960305,0.0159866839836991,0.009581708649233328
AVMD,IMF5,background_dynamic_mode,59.97479137691238,58,5800,6199,29.0,30.995,30.0,stable_10deg,stable_10deg,0.0,11.074980682998921,1.917620735820407,60.0,61.06379698023655,0.01292733739475964,0.06684642084718039,0.00016711605211795096,0.016406546847779185,0.008081741463839649
AVMD,IMF6,background_dynamic_mode,80.04607093184978,58,5800,6199,29.0,30.995,30.0,stable_10deg,stable_10deg,0.0,11.074980682998921,1.917620735820407,80.0,79.70411747327343,0.03990716864611767,0.637032843739871,0.0015925821093496775,0.054483657153588265,0.014121250732840939
AVMD,IMF7,background_dynamic_mode,90.29468011126563,58,5800,6199,29.0,30.995,30.0,stable_10deg,stable_10deg,0.0,11.074980682998921,1.917620735820407,90.0,91.09118244747803,0.0299068215113141,0.35776718916383987,0.0008944179729095997,0.038343720333446636,0.018049285549857404
AVMD,IMF1,angle_position_mode,0.008692628650904,59,5900,6299,29.5,31.495,30.5,stable_10deg,stable_10deg,0.2425,12.08098424898613,2.4848318054573317,,,0.12394807581320612,6.145250199118516,0.01536312549779629,0.2565364651335711,0.03693987883199585
AVMD,IMF2,background_dynamic_mode,17.793810848400554,59,5900,6299,29.5,31.495,30.5,stable_10deg,stable_10deg,0.2425,12.08098424898613,2.4848318054573317,16.0,16.86040164007212,0.06687233832144594,1.7887638530311707,0.004471909632577927,0.08656836438639046,0.03802004866860051
AVMD,IMF3,background_dynamic_mode,39.90785813630041,59,5900,6299,29.5,31.495,30.5,stable_10deg,stable_10deg,0.2425,12.08098424898613,2.4848318054573317,40.0,37.92792408394082,0.02873527608300689,0.3302864366266511,0.0008257160915666278,0.03668859835347853,0.01726334579040528
AVMD,IMF4,background_dynamic_mode,54.08118915159944,59,5900,6299,29.5,31.495,30.5,stable_10deg,stable_10deg,0.2425,12.08098424898613,2.4848318054573317,53.0,51.96557008208566,0.013352914198627252,0.07132012703836052,0.0001783003175959013,0.015983990551509196,0.010059024220514821
AVMD,IMF5,background_dynamic_mode,59.97479137691238,59,5900,6299,29.5,31.495,30.5,stable_10deg,stable_10deg,0.2425,12.08098424898613,2.4848318054573317,60.0,60.6529374853735,0.01216009348313091,0.05914714940739313,0.00014786787351848282,0.015031540392593168,0.008355304440448004
AVMD,IMF6,background_dynamic_mode,80.04607093184978,59,5900,6299,29.5,31.495,30.5,stable_10deg,stable_10deg,0.2425,12.08098424898613,2.4848318054573317,80.0,79.90513470770826,0.039025300739195086,0.6091896391138482,0.0015229740977846203,0.053559101022627946,0.012852090799821834
AVMD,IMF7,background_dynamic_mode,90.29468011126563,59,5900,6299,29.5,31.495,30.5,stable_10deg,stable_10deg,0.2425,12.08098424898613,2.4848318054573317,90.0,90.57647622847983,0.02798755436129974,0.3133212796506833,0.0007833031991267082,0.03564308496923758,0.017350204704193815
AVMD,IMF1,angle_position_mode,0.008692628650904,60,6000,6399,30.0,31.995,31.0,stable_10deg,stable_10deg,0.4925,13.411091144875463,2.948398416608467,,,0.10803210902911242,4.668374632511213,0.011670936581278032,0.27001728854689366,0.02397081657156939
AVMD,IMF2,background_dynamic_mode,17.793810848400554,60,6000,6399,30.0,31.995,31.0,stable_10deg,stable_10deg,0.4925,13.411091144875463,2.948398416608467,15.5,17.009347018022055,0.06583867226871139,1.7338923064427143,0.004334730766106786,0.08460044821448326,0.03848307759402968
AVMD,IMF3,background_dynamic_mode,39.90785813630041,60,6000,6399,30.0,31.995,31.0,stable_10deg,stable_10deg,0.4925,13.411091144875463,2.948398416608467,39.5,37.2937484565007,0.028928901798304395,0.3347525437023757,0.0008368813592559393,0.037006987335686324,0.017384108092545043
AVMD,IMF4,background_dynamic_mode,54.08118915159944,60,6000,6399,30.0,31.995,31.0,stable_10deg,stable_10deg,0.4925,13.411091144875463,2.948398416608467,53.0,52.93674615348201,0.015485708811571347,0.09592287095871138,0.00023980717739677845,0.018027158156059757,0.012432310043307398
AVMD,IMF5,background_dynamic_mode,59.97479137691238,60,6000,6399,30.0,31.995,31.0,stable_10deg,stable_10deg,0.4925,13.411091144875463,2.948398416608467,60.0,60.937926804601865,0.01137175687344838,0.05172674175552819,0.00012931685438882047,0.014100525585898433,0.007829873682235387
AVMD,IMF6,background_dynamic_mode,80.04607093184978,60,6000,6399,30.0,31.995,31.0,stable_10deg,stable_10deg,0.4925,13.411091144875463,2.948398416608467,80.0,79.81424303922404,0.03993888504510691,0.6380458154585058,0.0015951145386462644,0.05474389660025891,0.013449105050313822
AVMD,IMF7,background_dynamic_mode,90.29468011126563,60,6000,6399,30.0,31.995,31.0,stable_10deg,stable_10deg,0.4925,13.411091144875463,2.948398416608467,90.0,90.45446659751704,0.02791214471526327,0.3116351290423197,0.0007790878226057993,0.03598800632379232,0.01648990965037819
AVMD,IMF1,angle_position_mode,0.008692628650904,61,6100,6499,30.5,32.495,31.5,moving_10_to_43,moving_10_to_43,0.7425,14.972088676715444,3.3718471844387454,,,0.08496907441466443,2.8878974427539132,0.007219743606884783,0.26753954531206586,0.019627658076475284
AVMD,IMF2,background_dynamic_mode,17.793810848400554,61,6100,6499,30.5,32.495,31.5,moving_10_to_43,moving_10_to_43,0.7425,14.972088676715444,3.3718471844387454,15.5,16.666392745765727,0.06578626987225776,1.7311333214822113,0.004327833303705528,0.08457759197027367,0.03802782911652917
AVMD,IMF3,background_dynamic_mode,39.90785813630041,61,6100,6499,30.5,32.495,31.5,moving_10_to_43,moving_10_to_43,0.7425,14.972088676715444,3.3718471844387454,39.5,37.01990941209672,0.0298324060089838,0.3559889793139411,0.0008899724482848526,0.03875302475220759,0.016697639088798132
AVMD,IMF4,background_dynamic_mode,54.08118915159944,61,6100,6499,30.5,32.495,31.5,moving_10_to_43,moving_10_to_43,0.7425,14.972088676715444,3.3718471844387454,53.0,53.07638781238601,0.016804569432304416,0.11295742152205598,0.00028239355380513996,0.020632265539224984,0.011851546071318044
AVMD,IMF5,background_dynamic_mode,59.97479137691238,61,6100,6499,30.5,32.495,31.5,moving_10_to_43,moving_10_to_43,0.7425,14.972088676715444,3.3718471844387454,60.0,61.566822754835584,0.010300209675067487,0.042437727740141554,0.00010609431935035388,0.012907618272511159,0.006808222517692367
AVMD,IMF6,background_dynamic_mode,80.04607093184978,61,6100,6499,30.5,32.495,31.5,moving_10_to_43,moving_10_to_43,0.7425,14.972088676715444,3.3718471844387454,80.0,79.88574532599654,0.04140073870745077,0.6856084662090449,0.0017140211655226124,0.05689496332934155,0.01362916744413677
AVMD,IMF7,background_dynamic_mode,90.29468011126563,61,6100,6499,30.5,32.495,31.5,moving_10_to_43,moving_10_to_43,0.7425,14.972088676715444,3.3718471844387454,90.0,90.44316274758036,0.028427960946095215,0.3232595854210859,0.0008081489635527148,0.03711013372769623,0.01539035058615707
AVMD,IMF1,angle_position_mode,0.008692628650904,62,6200,6599,31.0,32.995,32.0,moving_10_to_43,moving_10_to_43,0.9925,16.738288785304533,3.738096135144139,,,0.06895698376717643,1.9020262441066533,0.004755065610266633,0.26681076470254866,0.021942997991351784
AVMD,IMF2,background_dynamic_mode,17.793810848400554,62,6200,6599,31.0,32.995,32.0,moving_10_to_43,moving_10_to_43,0.9925,16.738288785304533,3.738096135144139,15.0,16.341664323871097,0.06476750180285132,1.6779317159129397,0.004194829289782349,0.08482884680206128,0.034763924586615924
AVMD,IMF3,background_dynamic_mode,39.90785813630041,62,6200,6599,31.0,32.995,32.0,moving_10_to_43,moving_10_to_43,0.9925,16.738288785304533,3.738096135144139,40.0,37.72953341281949,0.03106502249556974,0.38601424906010157,0.0009650356226502539,0.04060439583043549,0.016764791187570145
AVMD,IMF4,background_dynamic_mode,54.08118915159944,62,6200,6599,31.0,32.995,32.0,moving_10_to_43,moving_10_to_43,0.9925,16.738288785304533,3.738096135144139,53.0,52.93089738611764,0.01720796955007167,0.11844568641447753,0.0002961142160361938,0.02122916260968661,0.011895579867409316
AVMD,IMF5,background_dynamic_mode,59.97479137691238,62,6200,6599,31.0,32.995,32.0,moving_10_to_43,moving_10_to_43,0.9925,16.738288785304533,3.738096135144139,60.0,62.07343312907433,0.010880986373543068,0.047358345784491974,0.00011839586446122994,0.013432614783673408,0.0074736295698838925
AVMD,IMF6,background_dynamic_mode,80.04607093184978,62,6200,6599,31.0,32.995,32.0,moving_10_to_43,moving_10_to_43,0.9925,16.738288785304533,3.738096135144139,80.0,79.87484910642985,0.046147726839773466,0.8518450769913394,0.0021296126924783484,0.0638987866665446,0.013391324752113357
AVMD,IMF7,background_dynamic_mode,90.29468011126563,62,6200,6599,31.0,32.995,32.0,moving_10_to_43,moving_10_to_43,0.9925,16.738288785304533,3.738096135144139,90.0,90.62278661714443,0.025136776127958102,0.2527430056428337,0.0006318575141070843,0.03324906283528266,0.012865677282784937
AVMD,IMF1,angle_position_mode,0.008692628650904,63,6300,6699,31.5,33.495,32.5,moving_10_to_43,moving_10_to_43,1.0,18.67605756170056,4.033744323865242,,,0.05493982061698224,1.2073535557704749,0.003018383889426187,0.26608988034910114,0.023770996976599033
AVMD,IMF2,background_dynamic_mode,17.793810848400554,63,6300,6699,31.5,33.495,32.5,moving_10_to_43,moving_10_to_43,1.0,18.67605756170056,4.033744323865242,15.5,16.67150079804125,0.06249333059545562,1.5621665475651638,0.0039054163689129094,0.0828795239561682,0.031355687885096586
AVMD,IMF3,background_dynamic_mode,39.90785813630041,63,6300,6699,31.5,33.495,32.5,moving_10_to_43,moving_10_to_43,1.0,18.67605756170056,4.033744323865242,40.0,37.334733943344666,0.02809558263518216,0.31574470544413974,0.0007893617636103494,0.03704074446825258,0.014680275629198682
AVMD,IMF4,background_dynamic_mode,54.08118915159944,63,6300,6699,31.5,33.495,32.5,moving_10_to_43,moving_10_to_43,1.0,18.67605756170056,4.033744323865242,55.0,53.435186061406405,0.01754373429592104,0.12311304521835045,0.00030778261304587615,0.021986660441462448,0.01146573078654704
AVMD,IMF5,background_dynamic_mode,59.97479137691238,63,6300,6699,31.5,33.495,32.5,moving_10_to_43,moving_10_to_43,1.0,18.67605756170056,4.033744323865242,59.5,62.15349921911795,0.011238048121218248,0.0505174902299268,0.000126293725574817,0.013962188969420218,0.007591893581142442
AVMD,IMF6,background_dynamic_mode,80.04607093184978,63,6300,6699,31.5,33.495,32.5,moving_10_to_43,moving_10_to_43,1.0,18.67605756170056,4.033744323865242,80.0,79.84257262127424,0.04934820438519611,0.9740981104172355,0.0024352452760430885,0.06851188029080942,0.013619301514369244
AVMD,IMF7,background_dynamic_mode,90.29468011126563,63,6300,6699,31.5,33.495,32.5,moving_10_to_43,moving_10_to_43,1.0,18.67605756170056,4.033744323865242,90.0,90.79129211624117,0.02428727868200706,0.23594876231098982,0.0005898719057774746,0.031177320164747356,0.014244432498755125
AVMD,IMF1,angle_position_mode,0.008692628650904,64,6400,6799,32.0,33.995,33.0,moving_10_to_43,moving_10_to_43,1.0,20.7461813357752,4.250103961425225,,,0.04574348550500497,0.8369865864586398,0.0020924664661465995,0.268928213914756,0.02684629735487845
AVMD,IMF2,background_dynamic_mode,17.793810848400554,64,6400,6799,32.0,33.995,33.0,moving_10_to_43,moving_10_to_43,1.0,20.7461813357752,4.250103961425225,15.5,16.69166534837265,0.065063773423435,1.6933178448384343,0.004233294612096086,0.08613354479323135,0.03270553897990927
AVMD,IMF3,background_dynamic_mode,39.90785813630041,64,6400,6799,32.0,33.995,33.0,moving_10_to_43,moving_10_to_43,1.0,20.7461813357752,4.250103961425225,40.0,37.41493491242495,0.03025787265599353,0.3662155430665283,0.0009155388576663208,0.03962706008982465,0.016181469637824082
AVMD,IMF4,background_dynamic_mode,54.08118915159944,64,6400,6799,32.0,33.995,33.0,moving_10_to_43,moving_10_to_43,1.0,20.7461813357752,4.250103961425225,53.5,53.15645258611883,0.0161764632704244,0.10467118557575589,0.0002616779639393897,0.02067313161495088,0.009798635877545286
AVMD,IMF5,background_dynamic_mode,59.97479137691238,64,6400,6799,32.0,33.995,33.0,moving_10_to_43,moving_10_to_43,1.0,20.7461813357752,4.250103961425225,59.5,61.59280070076181,0.012537102584445804,0.06287157648516706,0.00015717894121291764,0.015440346548389786,0.00868840076110785
AVMD,IMF6,background_dynamic_mode,80.04607093184978,64,6400,6799,32.0,33.995,33.0,moving_10_to_43,moving_10_to_43,1.0,20.7461813357752,4.250103961425225,80.0,79.94842153985412,0.04882422933644947,0.9535221481192852,0.002383805370298213,0.06716584972950979,0.016224964463437738
AVMD,IMF7,background_dynamic_mode,90.29468011126563,64,6400,6799,32.0,33.995,33.0,moving_10_to_43,moving_10_to_43,1.0,20.7461813357752,4.250103961425225,90.0,91.04518656265084,0.021129719756878242,0.17858602280168429,0.0004464650570042107,0.02707150282559624,0.012341202689866052
AVMD,IMF1,angle_position_mode,0.008692628650904,65,6500,6899,32.5,34.495,33.5,moving_10_to_43,moving_10_to_43,1.0,22.906340431533526,4.3831572722821095,,,0.03439033599620489,0.47307808397274637,0.0011826952099318658,0.2657342338107386,0.027097568959903742
AVMD,IMF2,background_dynamic_mode,17.793810848400554,65,6500,6899,32.5,34.495,33.5,moving_10_to_43,moving_10_to_43,1.0,22.906340431533526,4.3831572722821095,16.0,17.050465578409344,0.06315623831025573,1.5954841750007251,0.003988710437501813,0.08315146664511719,0.03285845453831754
AVMD,IMF3,background_dynamic_mode,39.90785813630041,65,6500,6899,32.5,34.495,33.5,moving_10_to_43,moving_10_to_43,1.0,22.906340431533526,4.3831572722821095,40.0,37.44047058289197,0.0304804179564817,0.37162235152072476,0.000929055878801812,0.03932542191927585,0.017787110062435354
AVMD,IMF4,background_dynamic_mode,54.08118915159944,65,6500,6899,32.5,34.495,33.5,moving_10_to_43,moving_10_to_43,1.0,22.906340431533526,4.3831572722821095,53.5,52.62994475892848,0.01515608993338165,0.09188282482750104,0.0002297070620687526,0.018817181494374568,0.010185413775415394
AVMD,IMF5,background_dynamic_mode,59.97479137691238,65,6500,6899,32.5,34.495,33.5,moving_10_to_43,moving_10_to_43,1.0,22.906340431533526,4.3831572722821095,61.0,61.42049409547102,0.013587457686362964,0.0738476025514816,0.00018461900637870398,0.01690904294583825,0.009142804334187075
AVMD,IMF6,background_dynamic_mode,80.04607093184978,65,6500,6899,32.5,34.495,33.5,moving_10_to_43,moving_10_to_43,1.0,22.906340431533526,4.3831572722821095,80.0,79.98714247182623,0.04957307034010755,0.9829957211781004,0.002457489302945251,0.06826130315921025,0.016636885422779808
AVMD,IMF7,background_dynamic_mode,90.29468011126563,65,6500,6899,32.5,34.495,33.5,moving_10_to_43,moving_10_to_43,1.0,22.906340431533526,4.3831572722821095,90.0,90.896239532209,0.02129331363048652,0.18136208214650518,0.00045340520536626294,0.026824065277279683,0.013678051212411843
AVMD,IMF1,angle_position_mode,0.008692628650904,66,6600,6999,33.0,34.995,34.0,moving_10_to_43,moving_10_to_43,1.0,25.1134364565154,4.433118300179808,,,0.034424012439264566,0.4740050529674567,0.0011850126324186418,0.2710762308701159,0.02716185857263069
AVMD,IMF2,background_dynamic_mode,17.793810848400554,66,6600,6999,33.0,34.995,34.0,moving_10_to_43,moving_10_to_43,1.0,25.1134364565154,4.433118300179808,16.0,17.425388942363707,0.06112530230739911,1.4945210328683725,0.003736302582170931,0.08061420207509318,0.03127817521572026
AVMD,IMF3,background_dynamic_mode,39.90785813630041,66,6600,6999,33.0,34.995,34.0,moving_10_to_43,moving_10_to_43,1.0,25.1134364565154,4.433118300179808,37.5,37.32502151520621,0.032047755655235925,0.4108234570150825,0.0010270586425377062,0.040739122016223595,0.0198141214747919
AVMD,IMF4,background_dynamic_mode,54.08118915159944,66,6600,6999,33.0,34.995,34.0,moving_10_to_43,moving_10_to_43,1.0,25.1134364565154,4.433118300179808,53.5,52.630902916505306,0.015959833078398336,0.10188650875613511,0.00025471627189033776,0.020111757858909497,0.010201687043887728
AVMD,IMF5,background_dynamic_mode,59.97479137691238,66,6600,6999,33.0,34.995,34.0,moving_10_to_43,moving_10_to_43,1.0,25.1134364565154,4.433118300179808,61.0,62.06530208570609,0.014274796719126251,0.08150792854895103,0.00020376982137237758,0.018021368956408233,0.009070363891334884
AVMD,IMF6,background_dynamic_mode,80.04607093184978,66,6600,6999,33.0,34.995,34.0,moving_10_to_43,moving_10_to_43,1.0,25.1134364565154,4.433118300179808,80.0,79.71382968513468,0.04996808922161757,0.9987239761838136,0.002496809940459534,0.06866772873812722,0.016887595426106215
AVMD,IMF7,background_dynamic_mode,90.29468011126563,66,6600,6999,33.0,34.995,34.0,moving_10_to_43,moving_10_to_43,1.0,25.1134364565154,4.433118300179808,90.5,91.18079717055791,0.019715212164767806,0.15547583628072337,0.00038868959070180844,0.02454060395235848,0.01326043870367137
AVMD,IMF1,angle_position_mode,0.008692628650904,67,6700,7099,33.5,35.495,34.5,moving_10_to_43,moving_10_to_43,1.0,27.325596462490413,4.4037351607581945,,,0.031230815998439465,0.39014554717135297,0.0009753638679283824,0.2685217116087997,0.02599031177760475
AVMD,IMF2,background_dynamic_mode,17.793810848400554,67,6700,7099,33.5,35.495,34.5,moving_10_to_43,moving_10_to_43,1.0,27.325596462490413,4.4037351607581945,16.0,17.561691411233472,0.05755440256892267,1.325003702026245,0.0033125092550656127,0.0745840247114682,0.03231591477696096
AVMD,IMF3,background_dynamic_mode,39.90785813630041,67,6700,7099,33.5,35.495,34.5,moving_10_to_43,moving_10_to_43,1.0,27.325596462490413,4.4037351607581945,36.0,37.46179316617008,0.03313448778726722,0.43915771236982415,0.0010978942809245604,0.04226560044064369,0.020211563384508986
AVMD,IMF4,background_dynamic_mode,54.08118915159944,67,6700,7099,33.5,35.495,34.5,moving_10_to_43,moving_10_to_43,1.0,27.325596462490413,4.4037351607581945,54.5,53.386523160487094,0.014968457821147151,0.08962189181738453,0.00022405472954346132,0.01875463076714046,0.009812917071104424
AVMD,IMF5,background_dynamic_mode,59.97479137691238,67,6700,7099,33.5,35.495,34.5,moving_10_to_43,moving_10_to_43,1.0,27.325596462490413,4.4037351607581945,62.5,62.4783746663116,0.014886205193970393,0.08863964203079644,0.0002215991050769911,0.01907559821743832,0.00894074025091214
AVMD,IMF6,background_dynamic_mode,80.04607093184978,67,6700,7099,33.5,35.495,34.5,moving_10_to_43,moving_10_to_43,1.0,27.325596462490413,4.4037351607581945,80.0,79.76028232802113,0.04860300705080947,0.944900917752414,0.002362252294381035,0.06677627060109095,0.01670550076985724
AVMD,IMF7,background_dynamic_mode,90.29468011126563,67,6700,7099,33.5,35.495,34.5,moving_10_to_43,moving_10_to_43,1.0,27.325596462490413,4.4037351607581945,90.5,91.90201472348183,0.020808683276681943,0.1732005198837051,0.00043300129970926275,0.02620866999588233,0.013141336234639946
AVMD,IMF1,angle_position_mode,0.008692628650904,68,6800,7199,34.0,35.995,35.0,moving_10_to_43,moving_10_to_43,1.0,29.503760261700037,4.301471867757804,,,0.038604731159631034,0.5961301071629548,0.001490325267907387,0.2684620385864029,0.022035156064761974
AVMD,IMF2,background_dynamic_mode,17.793810848400554,68,6800,7199,34.0,35.995,35.0,moving_10_to_43,moving_10_to_43,1.0,29.503760261700037,4.301471867757804,16.5,17.379569875019996,0.05749168792217558,1.3221176720563317,0.003305294180140829,0.07567318280869577,0.0299755363449144
AVMD,IMF3,background_dynamic_mode,39.90785813630041,68,6800,7199,34.0,35.995,35.0,moving_10_to_43,moving_10_to_43,1.0,29.503760261700037,4.301471867757804,40.0,37.66301008445045,0.03122050925722838,0.3898880793122732,0.000974720198280683,0.040169769651515884,0.018335468721621447
AVMD,IMF4,background_dynamic_mode,54.08118915159944,68,6800,7199,34.0,35.995,35.0,moving_10_to_43,moving_10_to_43,1.0,29.503760261700037,4.301471867757804,54.0,52.06655144486711,0.015974290782692066,0.10207118640400029,0.0002551779660100007,0.020406503981638558,0.009678416306854253
AVMD,IMF5,background_dynamic_mode,59.97479137691238,68,6800,7199,34.0,35.995,35.0,moving_10_to_43,moving_10_to_43,1.0,29.503760261700037,4.301471867757804,63.5,62.62692787250468,0.01414219397318926,0.08000066015012425,0.00020000165037531063,0.017950278208096918,0.008785301807972058
AVMD,IMF6,background_dynamic_mode,80.04607093184978,68,6800,7199,34.0,35.995,35.0,moving_10_to_43,moving_10_to_43,1.0,29.503760261700037,4.301471867757804,80.0,79.93956842823174,0.05138547801568285,1.05618694036009,0.002640467350900225,0.07088472398848145,0.01638999166000732
AVMD,IMF7,background_dynamic_mode,90.29468011126563,68,6800,7199,34.0,35.995,35.0,moving_10_to_43,moving_10_to_43,1.0,29.503760261700037,4.301471867757804,91.0,92.05909629596243,0.01957285259497021,0.1532386234817728,0.00038309655870443204,0.02553598551228962,0.011013818908851006
AVMD,IMF1,angle_position_mode,0.008692628650904,69,6900,7299,34.5,36.495,35.5,moving_10_to_43,moving_10_to_43,1.0,31.61281954187879,4.134657486588562,,,0.05315557861184995,1.1302062150242238,0.0028255155375605597,0.26829873857626574,0.021816369822357747
AVMD,IMF2,background_dynamic_mode,17.793810848400554,69,6900,7299,34.5,36.495,35.5,moving_10_to_43,moving_10_to_43,1.0,31.61281954187879,4.134657486588562,16.5,17.54721323651726,0.05738357479891401,1.3171498626810236,0.003292874656702559,0.07616131339568297,0.02809105988097935
AVMD,IMF3,background_dynamic_mode,39.90785813630041,69,6900,7299,34.5,36.495,35.5,moving_10_to_43,moving_10_to_43,1.0,31.61281954187879,4.134657486588562,36.5,37.91687381109739,0.032508648152723356,0.4227248818870254,0.0010568122047175635,0.04066399742579151,0.02140862849021597
AVMD,IMF4,background_dynamic_mode,54.08118915159944,69,6900,7299,34.5,36.495,35.5,moving_10_to_43,moving_10_to_43,1.0,31.61281954187879,4.134657486588562,54.5,52.347213665965164,0.017543625561310217,0.12311151913418289,0.00030777879783545724,0.023018319596401347,0.009258760815089558
AVMD,IMF5,background_dynamic_mode,59.97479137691238,69,6900,7299,34.5,36.495,35.5,moving_10_to_43,moving_10_to_43,1.0,31.61281954187879,4.134657486588562,63.0,63.24403648382435,0.015435128219802917,0.09529727326470254,0.00023824318316175634,0.01936388835289739,0.01005615917628471
AVMD,IMF6,background_dynamic_mode,80.04607093184978,69,6900,7299,34.5,36.495,35.5,moving_10_to_43,moving_10_to_43,1.0,31.61281954187879,4.134657486588562,80.0,79.9513584870027,0.05200983145568364,1.0820090272194478,0.0027050225680486195,0.07201751494647686,0.01465277944437551
AVMD,IMF7,background_dynamic_mode,90.29468011126563,69,6900,7299,34.5,36.495,35.5,moving_10_to_43,moving_10_to_43,1.0,31.61281954187879,4.134657486588562,91.0,92.58065559473569,0.020177264413217776,0.1628487996803618,0.0004071219992009045,0.026058909701963905,0.011848848798137883
AVMD,IMF1,angle_position_mode,0.008692628650904,70,7000,7399,35.0,36.995,36.0,moving_10_to_43,moving_10_to_43,1.0,33.6223193553555,3.912683376202935,,,0.06520473332498462,1.7006628991929442,0.00425165724798236,0.26141751654329837,0.0224297517271553
AVMD,IMF2,background_dynamic_mode,17.793810848400554,70,7000,7399,35.0,36.995,36.0,moving_10_to_43,moving_10_to_43,1.0,33.6223193553555,3.912683376202935,16.5,18.057647217058538,0.056445514513748594,1.2744384434887215,0.0031860961087218035,0.0744810747106322,0.02823253568336924
AVMD,IMF3,background_dynamic_mode,39.90785813630041,70,7000,7399,35.0,36.995,36.0,moving_10_to_43,moving_10_to_43,1.0,33.6223193553555,3.912683376202935,37.0,37.50411566499113,0.031322834264748786,0.3924479785507683,0.0009811199463769208,0.03966805358926436,0.019783384549970553
AVMD,IMF4,background_dynamic_mode,54.08118915159944,70,7000,7399,35.0,36.995,36.0,moving_10_to_43,moving_10_to_43,1.0,33.6223193553555,3.912683376202935,54.5,52.94667229613626,0.017398631437892227,0.12108495036464473,0.0003027123759116118,0.022771446582985418,0.009307179604614841
AVMD,IMF5,background_dynamic_mode,59.97479137691238,70,7000,7399,35.0,36.995,36.0,moving_10_to_43,moving_10_to_43,1.0,33.6223193553555,3.912683376202935,62.5,62.13899135586318,0.015166147568297117,0.09200481282534584,0.00023001203206336458,0.01907593437360577,0.009864132550881397
AVMD,IMF6,background_dynamic_mode,80.04607093184978,70,7000,7399,35.0,36.995,36.0,moving_10_to_43,moving_10_to_43,1.0,33.6223193553555,3.912683376202935,80.0,79.90723121421021,0.05190120547642066,1.0774940519622551,0.002693735129905638,0.07192765175516923,0.014743485935016003
AVMD,IMF7,background_dynamic_mode,90.29468011126563,70,7000,7399,35.0,36.995,36.0,moving_10_to_43,moving_10_to_43,1.0,33.6223193553555,3.912683376202935,91.5,92.68201322895719,0.020127244928223327,0.16204239536027665,0.0004051059884006916,0.026020276637146598,0.01160019336473381
AVMD,IMF1,angle_position_mode,0.008692628650904,71,7100,7499,35.5,37.495,36.5,moving_10_to_43,moving_10_to_43,1.0,35.50676876882321,3.645309942770136,,,0.0733007023619346,2.1491971867011705,0.005372992966752926,0.2586487099488476,0.020709550724677527
AVMD,IMF2,background_dynamic_mode,17.793810848400554,71,7100,7499,35.5,37.495,36.5,moving_10_to_43,moving_10_to_43,1.0,35.50676876882321,3.645309942770136,16.5,17.70963337230847,0.057997849796112264,1.3455002323889598,0.0033637505809723995,0.07741139801051382,0.02788194765698614
AVMD,IMF3,background_dynamic_mode,39.90785813630041,71,7100,7499,35.5,37.495,36.5,moving_10_to_43,moving_10_to_43,1.0,35.50676876882321,3.645309942770136,37.0,38.048385386592145,0.03176520914692321,0.4036114048591096,0.001009028512147774,0.04073434877725477,0.019011526601853766
AVMD,IMF4,background_dynamic_mode,54.08118915159944,71,7100,7499,35.5,37.495,36.5,moving_10_to_43,moving_10_to_43,1.0,35.50676876882321,3.645309942770136,54.5,52.68448823733545,0.01783249029169311,0.12719908400133162,0.00031799771000332906,0.023094854047226415,0.010202236894887308
AVMD,IMF5,background_dynamic_mode,59.97479137691238,71,7100,7499,35.5,37.495,36.5,moving_10_to_43,moving_10_to_43,1.0,35.50676876882321,3.645309942770136,60.0,61.9077160776575,0.015686969990282653,0.09843241099041142,0.00024608102747602855,0.019851029005716433,0.009929826253044711
AVMD,IMF6,background_dynamic_mode,80.04607093184978,71,7100,7499,35.5,37.495,36.5,moving_10_to_43,moving_10_to_43,1.0,35.50676876882321,3.645309942770136,80.0,79.85046253447386,0.05251063797477251,1.1029468402070486,0.0027573671005176213,0.07278002692622991,0.014226912483754985
AVMD,IMF7,background_dynamic_mode,90.29468011126563,71,7100,7499,35.5,37.495,36.5,moving_10_to_43,moving_10_to_43,1.0,35.50676876882321,3.645309942770136,91.5,92.29289248642272,0.018763498565455727,0.14082755136634365,0.0003520688784158591,0.024206456606375597,0.011435091139200921
AVMD,IMF1,angle_position_mode,0.008692628650904,72,7200,7599,36.0,37.995,37.0,moving_10_to_43,moving_10_to_43,0.8825,37.24563084653356,3.3421263360475506,,,0.08277907085378723,2.7409498285665306,0.006852374571416326,0.2522407451165752,0.019015777059414377
AVMD,IMF2,background_dynamic_mode,17.793810848400554,72,7200,7599,36.0,37.995,37.0,moving_10_to_43,moving_10_to_43,0.8825,37.24563084653356,3.3421263360475506,17.0,17.869708873589406,0.05767088036005455,1.3303721766014902,0.0033259304415037255,0.07521812692700128,0.031014472582209983
AVMD,IMF3,background_dynamic_mode,39.90785813630041,72,7200,7599,36.0,37.995,37.0,moving_10_to_43,moving_10_to_43,0.8825,37.24563084653356,3.3421263360475506,40.0,37.78133770426939,0.03195404913105497,0.40842450234795,0.001021061255869875,0.040368249377329794,0.02031884038978061
AVMD,IMF4,background_dynamic_mode,54.08118915159944,72,7200,7599,36.0,37.995,37.0,moving_10_to_43,moving_10_to_43,0.8825,37.24563084653356,3.3421263360475506,54.0,53.219293487019115,0.01778451101291575,0.12651553278740865,0.00031628883196852165,0.022911818597533454,0.010394417895783735
AVMD,IMF5,background_dynamic_mode,59.97479137691238,72,7200,7599,36.0,37.995,37.0,moving_10_to_43,moving_10_to_43,0.8825,37.24563084653356,3.3421263360475506,60.0,62.46955125872809,0.017593939483583138,0.1238186826207943,0.00030954670655198576,0.022471645783312514,0.010733063097396038
AVMD,IMF6,background_dynamic_mode,80.04607093184978,72,7200,7599,36.0,37.995,37.0,moving_10_to_43,moving_10_to_43,0.8825,37.24563084653356,3.3421263360475506,80.0,79.86851108343043,0.05068141597814557,1.0274423702199318,0.0025686059255498293,0.07018165031793416,0.013860940235208816
AVMD,IMF7,background_dynamic_mode,90.29468011126563,72,7200,7599,36.0,37.995,37.0,moving_10_to_43,moving_10_to_43,0.8825,37.24563084653356,3.3421263360475506,91.5,91.69693961621213,0.01921181097070136,0.14763747230958446,0.00036909368077396115,0.024818105761030315,0.011266189750307238
AVMD,IMF1,angle_position_mode,0.008692628650904,73,7300,7699,36.5,38.495,37.5,moving_10_to_43,moving_10_to_43,0.6325,38.82309201617707,3.0122248099301046,,,0.0912250042390817,3.3288005593681893,0.008322001398420473,0.2510514998611292,0.020461937525238276
AVMD,IMF2,background_dynamic_mode,17.793810848400554,73,7300,7699,36.5,38.495,37.5,moving_10_to_43,moving_10_to_43,0.6325,38.82309201617707,3.0122248099301046,17.0,17.79706065177165,0.056873825684689204,1.2938528192049654,0.0032346320480124134,0.07407633054521702,0.031112329438231556
AVMD,IMF3,background_dynamic_mode,39.90785813630041,73,7300,7699,36.5,38.495,37.5,moving_10_to_43,moving_10_to_43,0.6325,38.82309201617707,3.0122248099301046,37.5,37.07941577304006,0.030343669084634747,0.3682953014071274,0.0009207382535178185,0.03985312420769477,0.01579915412017542
AVMD,IMF4,background_dynamic_mode,54.08118915159944,73,7300,7699,36.5,38.495,37.5,moving_10_to_43,moving_10_to_43,0.6325,38.82309201617707,3.0122248099301046,54.0,52.63760983489316,0.017827294688581304,0.12712497436540765,0.00031781243591351915,0.022836543319541526,0.010670038362392293
AVMD,IMF5,background_dynamic_mode,59.97479137691238,73,7300,7699,36.5,38.495,37.5,moving_10_to_43,moving_10_to_43,0.6325,38.82309201617707,3.0122248099301046,60.0,61.96046691960702,0.016889020602393272,0.11409560676322578,0.0002852390169080644,0.021696567990449948,0.010009999962509652
AVMD,IMF6,background_dynamic_mode,80.04607093184978,73,7300,7699,36.5,38.495,37.5,moving_10_to_43,moving_10_to_43,0.6325,38.82309201617707,3.0122248099301046,80.0,79.80460469273837,0.05207577622169707,1.084754587636908,0.00271188646909227,0.07261204418700873,0.011757351170510204
AVMD,IMF7,background_dynamic_mode,90.29468011126563,73,7300,7699,36.5,38.495,37.5,moving_10_to_43,moving_10_to_43,0.6325,38.82309201617707,3.0122248099301046,91.5,92.22955154222228,0.01805351469007772,0.1303717570659408,0.00032592939266485205,0.023816830672183792,0.008809569222371796
AVMD,IMF1,angle_position_mode,0.008692628650904,74,7400,7799,37.0,38.995,38.0,stable_43deg,stable_43deg,0.3825,40.22773735118649,2.66411742074503,,,0.10106119446029947,4.085346010296986,0.010213365025742464,0.24979336281218484,0.018023901408343312
AVMD,IMF2,background_dynamic_mode,17.793810848400554,74,7400,7799,37.0,38.995,38.0,stable_43deg,stable_43deg,0.3825,40.22773735118649,2.66411742074503,16.5,17.586867816331495,0.05381459755907462,1.158404364178064,0.00289601091044516,0.06854765935117854,0.033384566388259526
AVMD,IMF3,background_dynamic_mode,39.90785813630041,74,7400,7799,37.0,38.995,38.0,stable_43deg,stable_43deg,0.3825,40.22773735118649,2.66411742074503,37.5,37.378022917839786,0.027640836045459354,0.305606326916786,0.0007640158172919651,0.03635068173856851,0.014458249597877244
AVMD,IMF4,background_dynamic_mode,54.08118915159944,74,7400,7799,37.0,38.995,38.0,stable_43deg,stable_43deg,0.3825,40.22773735118649,2.66411742074503,53.0,52.73455266964474,0.018725730584249974,0.14026119436556597,0.0003506529859139149,0.02425338813678065,0.01069272034814302
AVMD,IMF5,background_dynamic_mode,59.97479137691238,74,7400,7799,37.0,38.995,38.0,stable_43deg,stable_43deg,0.3825,40.22773735118649,2.66411742074503,60.0,60.85197768871629,0.01703593261412281,0.1160892000131733,0.0002902230000329332,0.02193838216505312,0.009939422401440903
AVMD,IMF6,background_dynamic_mode,80.04607093184978,74,7400,7799,37.0,38.995,38.0,stable_43deg,stable_43deg,0.3825,40.22773735118649,2.66411742074503,80.0,79.84121333579341,0.05146023293863191,1.0592622296393026,0.0026481555740982565,0.07169802288098046,0.011718173862023956
AVMD,IMF7,background_dynamic_mode,90.29468011126563,74,7400,7799,37.0,38.995,38.0,stable_43deg,stable_43deg,0.3825,40.22773735118649,2.66411742074503,91.5,92.97478368120214,0.016756460766586517,0.11231159096886129,0.0002807789774221532,0.022088913930160995,0.008593071557504871
AVMD,IMF1,angle_position_mode,0.008692628650904,75,7500,7899,37.5,39.495,38.5,stable_43deg,stable_43deg,0.1325,41.41742948402625,2.2200751819276854,,,0.11315522847245775,5.121642292261646,0.012804105730654113,0.24640516579989097,0.01882690851584054
AVMD,IMF2,background_dynamic_mode,17.793810848400554,75,7500,7899,37.5,39.495,38.5,stable_43deg,stable_43deg,0.1325,41.41742948402625,2.2200751819276854,17.0,17.662118686599523,0.06022029689393116,1.450593663197286,0.003626484157993215,0.07531763185031179,0.03922869026042037
AVMD,IMF3,background_dynamic_mode,39.90785813630041,75,7500,7899,37.5,39.495,38.5,stable_43deg,stable_43deg,0.1325,41.41742948402625,2.2200751819276854,38.5,37.03063551410694,0.026415479612255627,0.2791110252581971,0.0006977775631454927,0.03383056526915576,0.01563654366284911
AVMD,IMF4,background_dynamic_mode,54.08118915159944,75,7500,7899,37.5,39.495,38.5,stable_43deg,stable_43deg,0.1325,41.41742948402625,2.2200751819276854,54.0,53.83489889670581,0.019310566786631483,0.14915919584838197,0.0003728979896209549,0.02525373924733413,0.010305713536146689
AVMD,IMF5,background_dynamic_mode,59.97479137691238,75,7500,7899,37.5,39.495,38.5,stable_43deg,stable_43deg,0.1325,41.41742948402625,2.2200751819276854,60.0,61.10845984392593,0.01815462970382561,0.13183623187321086,0.00032959057968302716,0.023757568302998033,0.00968233487203225
AVMD,IMF6,background_dynamic_mode,80.04607093184978,75,7500,7899,37.5,39.495,38.5,stable_43deg,stable_43deg,0.1325,41.41742948402625,2.2200751819276854,80.0,79.82908574391797,0.05113099716806571,1.0457515485602975,0.0026143788714007438,0.07121477423861161,0.012323087898064649
AVMD,IMF7,background_dynamic_mode,90.29468011126563,75,7500,7899,37.5,39.495,38.5,stable_43deg,stable_43deg,0.1325,41.41742948402625,2.2200751819276854,91.5,92.51944895022906,0.01690542787544809,0.11431739666079091,0.0002857934916519773,0.02261114560559684,0.0078261497530112
AVMD,IMF1,angle_position_mode,0.008692628650904,76,7600,7999,38.0,39.995,39.0,stable_43deg,stable_43deg,0.0,42.25255829986995,1.714493902371242,,,0.12250231136919698,6.002726516318275,0.015006816290795689,0.2435703591127203,0.017972342246314794
AVMD,IMF2,background_dynamic_mode,17.793810848400554,76,7600,7999,38.0,39.995,39.0,stable_43deg,stable_43deg,0.0,42.25255829986995,1.714493902371242,17.0,17.690931087868318,0.061096762526573915,1.4931257564914269,0.003732814391228567,0.07806832494261473,0.03691880979729495
AVMD,IMF3,background_dynamic_mode,39.90785813630041,76,7600,7999,38.0,39.995,39.0,stable_43deg,stable_43deg,0.0,42.25255829986995,1.714493902371242,38.0,37.35150106985433,0.025759173745279675,0.2654140128158023,0.0006635350320395057,0.03275120890737302,0.015903065971191926
AVMD,IMF4,background_dynamic_mode,54.08118915159944,76,7600,7999,38.0,39.995,39.0,stable_43deg,stable_43deg,0.0,42.25255829986995,1.714493902371242,54.0,53.634116124040446,0.018711967258346507,0.14005508747097264,0.0003501377186774316,0.024023404691743896,0.01104380695390869
AVMD,IMF5,background_dynamic_mode,59.97479137691238,76,7600,7999,38.0,39.995,39.0,stable_43deg,stable_43deg,0.0,42.25255829986995,1.714493902371242,60.0,60.5994796463532,0.01894560032667181,0.1435743086951948,0.000358935771737987,0.02426785207700248,0.011346127486096428
AVMD,IMF6,background_dynamic_mode,80.04607093184978,76,7600,7999,38.0,39.995,39.0,stable_43deg,stable_43deg,0.0,42.25255829986995,1.714493902371242,80.0,79.83129711717157,0.04962339538785947,0.9849925479279329,0.002462481369819832,0.06891084307569907,0.01343123058054544
AVMD,IMF7,background_dynamic_mode,90.29468011126563,76,7600,7999,38.0,39.995,39.0,stable_43deg,stable_43deg,0.0,42.25255829986995,1.714493902371242,92.0,92.11590586206682,0.017406423667697783,0.1211934339597558,0.0003029835848993895,0.022600086341408292,0.00907071805204209
AVMD,IMF1,angle_position_mode,0.008692628650904,77,7700,8099,38.5,40.495,39.5,stable_43deg,stable_43deg,0.0,42.75804947706122,1.1965220477411083,,,0.13652057202402956,7.4551466343072965,0.018637866585768242,0.24259792943864356,0.0196477228897537
AVMD,IMF2,background_dynamic_mode,17.793810848400554,77,7700,8099,38.5,40.495,39.5,stable_43deg,stable_43deg,0.0,42.75804947706122,1.1965220477411083,17.0,17.6787670103818,0.06109203222377228,1.4928945604921724,0.003732236401230431,0.07897830384479587,0.03510785154777951
AVMD,IMF3,background_dynamic_mode,39.90785813630041,77,7700,8099,38.5,40.495,39.5,stable_43deg,stable_43deg,0.0,42.75804947706122,1.1965220477411083,37.5,37.2041476374958,0.027185608943613434,0.2956229334540299,0.0007390573336350747,0.03351261662756791,0.018812230034888622
AVMD,IMF4,background_dynamic_mode,54.08118915159944,77,7700,8099,38.5,40.495,39.5,stable_43deg,stable_43deg,0.0,42.75804947706122,1.1965220477411083,54.0,52.40914090226276,0.019522727513731398,0.15245475583016196,0.0003811368895754049,0.02555904081852898,0.01047505884874755
AVMD,IMF5,background_dynamic_mode,59.97479137691238,77,7700,8099,38.5,40.495,39.5,stable_43deg,stable_43deg,0.0,42.75804947706122,1.1965220477411083,60.0,60.56410359675493,0.018279898569281063,0.13366187668128154,0.00033415469170320386,0.023457017029695982,0.010848731317403177
AVMD,IMF6,background_dynamic_mode,80.04607093184978,77,7700,8099,38.5,40.495,39.5,stable_43deg,stable_43deg,0.0,42.75804947706122,1.1965220477411083,80.0,79.84054849393532,0.04572142630577162,0.8361795293736419,0.0020904488234341047,0.06232290551059623,0.01713851881999959
AVMD,IMF7,background_dynamic_mode,90.29468011126563,77,7700,8099,38.5,40.495,39.5,stable_43deg,stable_43deg,0.0,42.75804947706122,1.1965220477411083,92.0,92.12021962669165,0.016575539019983765,0.10989939752120173,0.00027474849380300435,0.021300522523448478,0.010010465362945708
AVMD,IMF1,angle_position_mode,0.008692628650904,78,7800,8199,39.0,40.995,40.0,stable_43deg,stable_43deg,0.0,42.9800738946657,0.5879483617194253,,,0.142961041817285,8.175143790993403,0.020437859477483507,0.23320909634423245,0.024899577370219847
AVMD,IMF2,background_dynamic_mode,17.793810848400554,78,7800,8199,39.0,40.995,40.0,stable_43deg,stable_43deg,0.0,42.9800738946657,0.5879483617194253,17.0,17.205014213482333,0.07105927441474466,2.0197681921399946,0.005049420480349986,0.09310894103954656,0.03732617881383689
AVMD,IMF3,background_dynamic_mode,39.90785813630041,78,7800,8199,39.0,40.995,40.0,stable_43deg,stable_43deg,0.0,42.9800738946657,0.5879483617194253,40.0,38.24502373139991,0.02769809854285642,0.306873865155914,0.000767184662889785,0.03393314483258556,0.01946649528199366
AVMD,IMF4,background_dynamic_mode,54.08118915159944,78,7800,8199,39.0,40.995,40.0,stable_43deg,stable_43deg,0.0,42.9800738946657,0.5879483617194253,54.5,52.46923815549564,0.01772650584076995,0.12569160372914046,0.00031422900932285116,0.022738906877786312,0.010526109902635493
AVMD,IMF5,background_dynamic_mode,59.97479137691238,78,7800,8199,39.0,40.995,40.0,stable_43deg,stable_43deg,0.0,42.9800738946657,0.5879483617194253,60.0,61.229148958000515,0.020748380174604217,0.17219811194796372,0.0004304952798699093,0.02663946881977231,0.01231809811806283
AVMD,IMF6,background_dynamic_mode,80.04607093184978,78,7800,8199,39.0,40.995,40.0,stable_43deg,stable_43deg,0.0,42.9800738946657,0.5879483617194253,80.0,79.92227894776711,0.043355554993572465,0.7518816595202744,0.001879704148800686,0.05918853267818655,0.01622011732272548
AVMD,IMF7,background_dynamic_mode,90.29468011126563,78,7800,8199,39.0,40.995,40.0,stable_43deg,stable_43deg,0.0,42.9800738946657,0.5879483617194253,91.5,92.41095326076221,0.016483754610441055,0.10868566642289468,0.0002717141660572367,0.02072844467384537,0.010605748791503436
AVMD,IMF1,angle_position_mode,0.008692628650904,79,7900,8299,39.5,41.495,40.5,stable_43deg,stable_43deg,0.0,43.0,0.0,,,0.14428473641329803,8.327234064741958,0.020818085161854894,0.2232524661813649,0.02806486442424431
AVMD,IMF2,background_dynamic_mode,17.793810848400554,79,7900,8299,39.5,41.495,40.5,stable_43deg,stable_43deg,0.0,43.0,0.0,17.0,17.528086485540488,0.07005918508579485,1.963315765954264,0.00490828941488566,0.09276626143581232,0.03489206763390339
AVMD,IMF3,background_dynamic_mode,39.90785813630041,79,7900,8299,39.5,41.495,40.5,stable_43deg,stable_43deg,0.0,43.0,0.0,40.0,37.57579267197868,0.03020481176222162,0.3649322614364966,0.0009123306535912415,0.03698193895362055,0.021458019706552638
AVMD,IMF4,background_dynamic_mode,54.08118915159944,79,7900,8299,39.5,41.495,40.5,stable_43deg,stable_43deg,0.0,43.0,0.0,54.5,52.543322810564845,0.016192378844502937,0.10487725305756253,0.0002621931326439063,0.020429033986532535,0.010352553621384446
AVMD,IMF5,background_dynamic_mode,59.97479137691238,79,7900,8299,39.5,41.495,40.5,stable_43deg,stable_43deg,0.0,43.0,0.0,60.0,61.26384990435184,0.021752859189948192,0.1892747531750854,0.0004731868829377135,0.02789292870698688,0.01297309507360228
AVMD,IMF6,background_dynamic_mode,80.04607093184978,79,7900,8299,39.5,41.495,40.5,stable_43deg,stable_43deg,0.0,43.0,0.0,80.0,80.04101460150946,0.04215632610237906,0.7108623321800502,0.0017771558304501256,0.05703398926533811,0.017215753535676562
AVMD,IMF7,background_dynamic_mode,90.29468011126563,79,7900,8299,39.5,41.495,40.5,stable_43deg,stable_43deg,0.0,43.0,0.0,91.5,92.25799938626335,0.017326176656395607,0.12007855901145124,0.0003001963975286281,0.021521087312124997,0.011320753741588545
AVMD,IMF1,angle_position_mode,0.008692628650904,80,8000,8399,40.0,41.995,41.0,stable_43deg,stable_43deg,0.0,43.0,0.0,,,0.1446005042175756,8.363722327990837,0.020909305819977093,0.21455656835021258,0.028305953076488023
AVMD,IMF2,background_dynamic_mode,17.793810848400554,80,8000,8399,40.0,41.995,41.0,stable_43deg,stable_43deg,0.0,43.0,0.0,17.5,17.82706490507146,0.07116678966821284,2.0258847806718583,0.005064711951679646,0.09261687528217426,0.039495935937920966
AVMD,IMF3,background_dynamic_mode,39.90785813630041,80,8000,8399,40.0,41.995,41.0,stable_43deg,stable_43deg,0.0,43.0,0.0,40.0,37.674403412320345,0.03216160716858914,0.41374759026665764,0.0010343689756666442,0.04044197078693692,0.020832664621606916
AVMD,IMF4,background_dynamic_mode,54.08118915159944,80,8000,8399,40.0,41.995,41.0,stable_43deg,stable_43deg,0.0,43.0,0.0,54.0,51.44288393371714,0.01590153351008269,0.10114350718891307,0.0002528587679722827,0.019773172437826204,0.01077827079504205
AVMD,IMF5,background_dynamic_mode,59.97479137691238,80,8000,8399,40.0,41.995,41.0,stable_43deg,stable_43deg,0.0,43.0,0.0,60.0,61.17618711444206,0.02031763321427108,0.16512248777186056,0.0004128062194296514,0.026514558960929663,0.011083498190593705
AVMD,IMF6,background_dynamic_mode,80.04607093184978,80,8000,8399,40.0,41.995,41.0,stable_43deg,stable_43deg,0.0,43.0,0.0,80.0,80.01868808156433,0.043145560347743854,0.7446157510883227,0.0018615393777208066,0.05876682829074133,0.016583731168748506
AVMD,IMF7,background_dynamic_mode,90.29468011126563,80,8000,8399,40.0,41.995,41.0,stable_43deg,stable_43deg,0.0,43.0,0.0,92.0,92.27273682080994,0.016667063028140597,0.11111639599360447,0.0002777909899840112,0.021218235782893075,0.010590719835297628
AVMD,IMF1,angle_position_mode,0.008692628650904,81,8100,8499,40.5,42.495,41.5,stable_43deg,stable_43deg,0.0,43.0,0.0,,,0.1411656544650489,7.971096800218231,0.01992774200054558,0.20198958105831472,0.024473947148128273
AVMD,IMF2,background_dynamic_mode,17.793810848400554,81,8100,8499,40.5,42.495,41.5,stable_43deg,stable_43deg,0.0,43.0,0.0,17.5,17.973719132339436,0.07021102180902414,1.9718350333869052,0.004929587583467263,0.0890211997510624,0.04400367271189111
AVMD,IMF3,background_dynamic_mode,39.90785813630041,81,8100,8499,40.5,42.495,41.5,stable_43deg,stable_43deg,0.0,43.0,0.0,40.0,38.4823123713296,0.030284101659683007,0.3668507253336061,0.0009171268133340151,0.03840484616821699,0.018963276525256173
AVMD,IMF4,background_dynamic_mode,54.08118915159944,81,8100,8499,40.5,42.495,41.5,stable_43deg,stable_43deg,0.0,43.0,0.0,50.0,51.25983178593728,0.01520539629681201,0.09248163061724177,0.00023120407654310442,0.018793239939677134,0.01052724806558285
AVMD,IMF5,background_dynamic_mode,59.97479137691238,81,8100,8499,40.5,42.495,41.5,stable_43deg,stable_43deg,0.0,43.0,0.0,60.0,60.631465865509455,0.020764806260395768,0.17247087161270852,0.0004311771790317713,0.027380466828660476,0.010607410629245096
AVMD,IMF6,background_dynamic_mode,80.04607093184978,81,8100,8499,40.5,42.495,41.5,stable_43deg,stable_43deg,0.0,43.0,0.0,80.0,79.90080983113889,0.046339436028167855,0.8589373325634644,0.002147343331408661,0.06382903850928562,0.015495272279127987
AVMD,IMF7,background_dynamic_mode,90.29468011126563,81,8100,8499,40.5,42.495,41.5,stable_43deg,stable_43deg,0.0,43.0,0.0,92.0,92.18789649495253,0.01608853648231604,0.10353640245712566,0.0002588410061428141,0.02063024812139185,0.009511237918760585
AVMD,IMF1,angle_position_mode,0.008692628650904,82,8200,8599,41.0,42.995,42.0,stable_43deg,stable_43deg,0.0,43.0,0.0,,,0.1420071547639457,8.06641280166049,0.020166032004151225,0.2014335819256725,0.0237137450833938
AVMD,IMF2,background_dynamic_mode,17.793810848400554,82,8200,8599,41.0,42.995,42.0,stable_43deg,stable_43deg,0.0,43.0,0.0,17.5,17.817877388389043,0.0633430397503293,1.6049362739247197,0.004012340684811799,0.08180788698761064,0.03680257497262543
AVMD,IMF3,background_dynamic_mode,39.90785813630041,82,8200,8599,41.0,42.995,42.0,stable_43deg,stable_43deg,0.0,43.0,0.0,38.0,37.75581814727721,0.029967162276785187,0.35921232596927083,0.0008980308149231771,0.0376488140570662,0.019484462043899572
AVMD,IMF4,background_dynamic_mode,54.08118915159944,82,8200,8599,41.0,42.995,42.0,stable_43deg,stable_43deg,0.0,43.0,0.0,54.0,52.235273576688606,0.016164648382999608,0.10451834293840476,0.0002612958573460119,0.02014369971483344,0.01075400549211707
AVMD,IMF5,background_dynamic_mode,59.97479137691238,82,8200,8599,41.0,42.995,42.0,stable_43deg,stable_43deg,0.0,43.0,0.0,60.0,60.55033298418692,0.01949842998629016,0.15207550877210368,0.0003801887719302592,0.02609351159110001,0.00892729545799259
AVMD,IMF6,background_dynamic_mode,80.04607093184978,82,8200,8599,41.0,42.995,42.0,stable_43deg,stable_43deg,0.0,43.0,0.0,80.0,79.92258903205456,0.049036178888167435,0.9618187359809431,0.0024045468399523577,0.06732060879379904,0.016810441636390755
AVMD,IMF7,background_dynamic_mode,90.29468011126563,82,8200,8599,41.0,42.995,42.0,stable_43deg,stable_43deg,0.0,43.0,0.0,92.0,92.22604312213308,0.01673441012155421,0.11201619284655036,0.0002800404821163759,0.02189135966316279,0.008859543180583176
AVMD,IMF1,angle_position_mode,0.008692628650904,83,8300,8699,41.5,43.495,42.5,stable_43deg,stable_43deg,0.0,43.0,0.0,,,0.14256474014655682,8.129882053222108,0.02032470513305527,0.19570807413021415,0.027331018713442706
AVMD,IMF2,background_dynamic_mode,17.793810848400554,83,8300,8699,41.5,43.495,42.5,stable_43deg,stable_43deg,0.0,43.0,0.0,17.5,17.60883211175026,0.05966969969487872,1.4241892246708039,0.0035604730616770096,0.07663552811122054,0.035597590191652075
AVMD,IMF3,background_dynamic_mode,39.90785813630041,83,8300,8699,41.5,43.495,42.5,stable_43deg,stable_43deg,0.0,43.0,0.0,37.5,37.52056990718267,0.029066969199767957,0.33795547938410364,0.000844888698460259,0.03635977386482166,0.01920460477769934
AVMD,IMF4,background_dynamic_mode,54.08118915159944,83,8300,8699,41.5,43.495,42.5,stable_43deg,stable_43deg,0.0,43.0,0.0,54.0,52.47841650383194,0.018293569526734485,0.13386187441178743,0.00033465468602946857,0.02249690612014107,0.012783854051674502
AVMD,IMF5,background_dynamic_mode,59.97479137691238,83,8300,8699,41.5,43.495,42.5,stable_43deg,stable_43deg,0.0,43.0,0.0,60.0,61.133123000302014,0.016946511604104684,0.11487370221922188,0.00028718425554805473,0.02253391361416673,0.00820864743649326
AVMD,IMF6,background_dynamic_mode,80.04607093184978,83,8300,8699,41.5,43.495,42.5,stable_43deg,stable_43deg,0.0,43.0,0.0,80.0,79.83865084418233,0.048110331845093154,0.9258416120979938,0.0023146040302449845,0.06649961495714247,0.014958672253524579
AVMD,IMF7,background_dynamic_mode,90.29468011126563,83,8300,8699,41.5,43.495,42.5,stable_43deg,stable_43deg,0.0,43.0,0.0,93.5,92.53292295568465,0.015627497115501855,0.09768746643800752,0.0002442186660950188,0.02013048925621629,0.009241560800189908
AVMD,IMF1,angle_position_mode,0.008692628650904,84,8400,8799,42.0,43.995,43.0,stable_43deg,stable_43deg,0.0,43.0,0.0,,,0.14586381465449344,8.510500970224165,0.021276252425560412,0.18929558553374895,0.02839122836014569
AVMD,IMF2,background_dynamic_mode,17.793810848400554,84,8400,8799,42.0,43.995,43.0,stable_43deg,stable_43deg,0.0,43.0,0.0,17.5,17.813475369539734,0.06256609900287724,1.5658066977751348,0.003914516744437837,0.0811405609320799,0.03470569440520282
AVMD,IMF3,background_dynamic_mode,39.90785813630041,84,8400,8799,42.0,43.995,43.0,stable_43deg,stable_43deg,0.0,43.0,0.0,40.0,38.05206829410092,0.028387466114199657,0.3223392929539335,0.0008058482323848337,0.03541927469923914,0.018879069138165956
AVMD,IMF4,background_dynamic_mode,54.08118915159944,84,8400,8799,42.0,43.995,43.0,stable_43deg,stable_43deg,0.0,43.0,0.0,50.5,52.074365619618,0.021032854922233012,0.17695239447188058,0.00044238098617970146,0.027051798485529584,0.012323661261290197
AVMD,IMF5,background_dynamic_mode,59.97479137691238,84,8400,8799,42.0,43.995,43.0,stable_43deg,stable_43deg,0.0,43.0,0.0,60.0,61.20150432980997,0.019459571599613028,0.15146997073618637,0.00037867492684046593,0.024408257709233546,0.012685450407312164
AVMD,IMF6,background_dynamic_mode,80.04607093184978,84,8400,8799,42.0,43.995,43.0,stable_43deg,stable_43deg,0.0,43.0,0.0,80.0,79.90772781588127,0.047706100023329714,0.9103487917743759,0.0022758719794359395,0.06523901283201052,0.017299298116521263
AVMD,IMF7,background_dynamic_mode,90.29468011126563,84,8400,8799,42.0,43.995,43.0,stable_43deg,stable_43deg,0.0,43.0,0.0,92.5,92.00730021158218,0.01627661671460937,0.10597130066972042,0.0002649282516743011,0.020777919911396405,0.010707365396979161
AVMD,IMF1,angle_position_mode,0.008692628650904,85,8500,8899,42.5,44.495,43.5,stable_43deg,stable_43deg,0.0,43.0,0.0,,,0.13945734832140508,7.77934080033508,0.0194483520008377,0.18175038690473738,0.027429327561685545
AVMD,IMF2,background_dynamic_mode,17.793810848400554,85,8500,8899,42.5,44.495,43.5,stable_43deg,stable_43deg,0.0,43.0,0.0,17.5,17.87231595707662,0.06419486014042511,1.6483920273794965,0.004120980068448741,0.08466584484562752,0.03268821688058699
AVMD,IMF3,background_dynamic_mode,39.90785813630041,85,8500,8899,42.5,44.495,43.5,stable_43deg,stable_43deg,0.0,43.0,0.0,40.0,38.10801338967372,0.03194632823025547,0.4082271549580871,0.0010205678873952176,0.04048255974960447,0.020104654676647054
AVMD,IMF4,background_dynamic_mode,54.08118915159944,85,8500,8899,42.5,44.495,43.5,stable_43deg,stable_43deg,0.0,43.0,0.0,54.0,52.4667635341935,0.020793616262051576,0.17294979090138227,0.0004323744772534557,0.026678325970124876,0.012274221532494108
AVMD,IMF5,background_dynamic_mode,59.97479137691238,85,8500,8899,42.5,44.495,43.5,stable_43deg,stable_43deg,0.0,43.0,0.0,60.0,61.55586384866444,0.01911088293963253,0.1460903386929351,0.0003652258467323378,0.023515663063788817,0.013330673088879023
AVMD,IMF6,background_dynamic_mode,80.04607093184978,85,8500,8899,42.5,44.495,43.5,stable_43deg,stable_43deg,0.0,43.0,0.0,80.0,79.95253558209461,0.04732012008247427,0.8956775058479141,0.002239193764619785,0.06485731229593371,0.016313132256916787
AVMD,IMF7,background_dynamic_mode,90.29468011126563,85,8500,8899,42.5,44.495,43.5,stable_43deg,stable_43deg,0.0,43.0,0.0,91.5,92.1865156069431,0.016989867573244326,0.11546224006255162,0.00028865560015637904,0.021487786385621734,0.011087267036444066
AVMD,IMF1,angle_position_mode,0.008692628650904,86,8600,8999,43.0,44.995,44.0,stable_43deg,stable_43deg,0.0,43.0,0.0,,,0.13643490285564058,7.445793086891233,0.018614482717228084,0.17383198656789062,0.025018194419417085
AVMD,IMF2,background_dynamic_mode,17.793810848400554,86,8600,8999,43.0,44.995,44.0,stable_43deg,stable_43deg,0.0,43.0,0.0,17.0,17.798039603839577,0.07279368867176134,2.119568444176526,0.005298921110441315,0.09450853762912331,0.040539017242871914
AVMD,IMF3,background_dynamic_mode,39.90785813630041,86,8600,8999,43.0,44.995,44.0,stable_43deg,stable_43deg,0.0,43.0,0.0,39.5,37.79424920476606,0.036875580545069724,0.5439233762143698,0.0013598084405359245,0.046854383797380154,0.022986918769017962
AVMD,IMF4,background_dynamic_mode,54.08118915159944,86,8600,8999,43.0,44.995,44.0,stable_43deg,stable_43deg,0.0,43.0,0.0,54.0,53.6475203901601,0.020372462511112237,0.16601489150666943,0.00041503722876667356,0.026027488958643496,0.01239371570496612
AVMD,IMF5,background_dynamic_mode,59.97479137691238,86,8600,8999,43.0,44.995,44.0,stable_43deg,stable_43deg,0.0,43.0,0.0,60.5,62.063280168882436,0.018866538289448807,0.1423785068108952,0.000355946267027238,0.02221223549319035,0.014845811576285948
AVMD,IMF6,background_dynamic_mode,80.04607093184978,86,8600,8999,43.0,44.995,44.0,stable_43deg,stable_43deg,0.0,43.0,0.0,80.0,79.7476095203054,0.04581402902231506,0.8395701021030105,0.0020989252552575262,0.06303463097878238,0.01512908673013969
AVMD,IMF7,background_dynamic_mode,90.29468011126563,86,8600,8999,43.0,44.995,44.0,stable_43deg,stable_43deg,0.0,43.0,0.0,92.0,92.95863388961743,0.017797179572214016,0.12669584029025277,0.0003167396007256319,0.022223300308510736,0.011449881180183143
AVMD,IMF1,angle_position_mode,0.008692628650904,87,8700,9099,43.5,45.495,44.5,stable_43deg,stable_43deg,0.0,43.0,0.0,,,0.13529214376588228,7.321585665907263,0.01830396416476816,0.17025335944382,0.025242141542919108
AVMD,IMF2,background_dynamic_mode,17.793810848400554,87,8700,9099,43.5,45.495,44.5,stable_43deg,stable_43deg,0.0,43.0,0.0,17.0,17.564871193903357,0.07146104892616036,2.0426726054508335,0.005106681513627084,0.09102279842363976,0.04369349314636898
AVMD,IMF3,background_dynamic_mode,39.90785813630041,87,8700,9099,43.5,45.495,44.5,stable_43deg,stable_43deg,0.0,43.0,0.0,37.0,37.1660123441882,0.03553835068692833,0.5051897478188396,0.0012629743695470991,0.04512269375468353,0.022121811679508132
AVMD,IMF4,background_dynamic_mode,54.08118915159944,87,8700,9099,43.5,45.495,44.5,stable_43deg,stable_43deg,0.0,43.0,0.0,54.0,53.44802796307497,0.018593620487698796,0.13828908913622898,0.00034572272284057247,0.023942091338888603,0.010890701504528586
AVMD,IMF5,background_dynamic_mode,59.97479137691238,87,8700,9099,43.5,45.495,44.5,stable_43deg,stable_43deg,0.0,43.0,0.0,60.0,62.38593934408752,0.02050993201562298,0.16826292451419061,0.0004206573112854765,0.024214499660021448,0.015942140217058035
AVMD,IMF6,background_dynamic_mode,80.04607093184978,87,8700,9099,43.5,45.495,44.5,stable_43deg,stable_43deg,0.0,43.0,0.0,80.0,79.77760185220282,0.048377247557694215,0.9361432325033723,0.002340358081258431,0.0666820122384841,0.015211621736463102
AVMD,IMF7,background_dynamic_mode,90.29468011126563,87,8700,9099,43.5,45.495,44.5,stable_43deg,stable_43deg,0.0,43.0,0.0,100.0,93.58540818362528,0.01902741881785769,0.14481706674806594,0.00036204266687016486,0.02457142161910592,0.011069198621710108
AVMD,IMF1,angle_position_mode,0.008692628650904,88,8800,9199,44.0,45.995,45.0,stable_43deg,stable_43deg,0.0,43.0,0.0,,,0.13156620191163285,6.923866194181017,0.017309665485452545,0.1687026271148896,0.02371231925672046
AVMD,IMF2,background_dynamic_mode,17.793810848400554,88,8800,9199,44.0,45.995,45.0,stable_43deg,stable_43deg,0.0,43.0,0.0,17.0,17.7699214012365,0.0703788922772667,1.9812753912700443,0.0049531884781751105,0.0897967632298024,0.04319929995447378
AVMD,IMF3,background_dynamic_mode,39.90785813630041,88,8800,9199,44.0,45.995,45.0,stable_43deg,stable_43deg,0.0,43.0,0.0,37.0,37.55216332262405,0.03339610338147395,0.44611988842643835,0.0011152997210660959,0.04153403728779916,0.022473396638193758
AVMD,IMF4,background_dynamic_mode,54.08118915159944,88,8800,9199,44.0,45.995,45.0,stable_43deg,stable_43deg,0.0,43.0,0.0,50.0,52.83557769490709,0.01682373896530819,0.1132152771091316,0.000283038192772829,0.022086719330690525,0.00891752013159138
AVMD,IMF5,background_dynamic_mode,59.97479137691238,88,8800,9199,44.0,45.995,45.0,stable_43deg,stable_43deg,0.0,43.0,0.0,60.0,60.88316791677275,0.018379547202906722,0.13512310215355053,0.0003378077553838763,0.022513654025863927,0.013137342355672543
AVMD,IMF6,background_dynamic_mode,80.04607093184978,88,8800,9199,44.0,45.995,45.0,stable_43deg,stable_43deg,0.0,43.0,0.0,80.0,79.82493026428911,0.050476459466248756,1.0191491840991413,0.0025478729602478535,0.07028954367870284,0.012306084042873587
AVMD,IMF7,background_dynamic_mode,90.29468011126563,88,8800,9199,44.0,45.995,45.0,stable_43deg,stable_43deg,0.0,43.0,0.0,91.5,93.2739376860571,0.016651155841695013,0.1109043963457656,0.000277260990864414,0.020615880953312703,0.010620431534359409
AVMD,IMF1,angle_position_mode,0.008692628650904,89,8900,9299,44.5,46.495,45.5,stable_43deg,stable_43deg,0.0,43.0,0.0,,,0.13448568961252982,7.234560284223083,0.01808640071055771,0.1682901685730881,0.022770568981500174
AVMD,IMF2,background_dynamic_mode,17.793810848400554,89,8900,9299,44.5,46.495,45.5,stable_43deg,stable_43deg,0.0,43.0,0.0,17.0,17.945317267199368,0.07288285873793432,2.1247644391254754,0.0053119110978136885,0.09351220758374078,0.04338294833622693
AVMD,IMF3,background_dynamic_mode,39.90785813630041,89,8900,9299,44.5,46.495,45.5,stable_43deg,stable_43deg,0.0,43.0,0.0,37.5,37.58538269632624,0.032963145777606256,0.4346275918222884,0.001086568979555721,0.040657808146656135,0.02278311630991875
AVMD,IMF4,background_dynamic_mode,54.08118915159944,89,8900,9299,44.5,46.495,45.5,stable_43deg,stable_43deg,0.0,43.0,0.0,54.0,54.029983586007305,0.017633939972508776,0.12438233558161711,0.00031095583895404276,0.022921122675593514,0.009849452150154158
AVMD,IMF5,background_dynamic_mode,59.97479137691238,89,8900,9299,44.5,46.495,45.5,stable_43deg,stable_43deg,0.0,43.0,0.0,60.0,60.53779488669391,0.019503085628564756,0.15214813961405163,0.0003803703490351291,0.023991507091481963,0.013591426318450927
AVMD,IMF6,background_dynamic_mode,80.04607093184978,89,8900,9299,44.5,46.495,45.5,stable_43deg,stable_43deg,0.0,43.0,0.0,80.0,79.87400823574676,0.049456358945623224,0.9783725760633304,0.002445931440158326,0.06873857021235481,0.012602854958440957
AVMD,IMF7,background_dynamic_mode,90.29468011126563,89,8900,9299,44.5,46.495,45.5,stable_43deg,stable_43deg,0.0,43.0,0.0,91.5,91.72135828810484,0.017148261857764142,0.1176251538969794,0.0002940628847424485,0.021122327534669427,0.01161308566230953
AVMD,IMF1,angle_position_mode,0.008692628650904,90,9000,9399,45.0,46.995,46.0,stable_43deg,stable_43deg,0.0,43.0,0.0,,,0.13397048299891393,7.179236125984914,0.017948090314962285,0.16570962270424894,0.02121256920361405
AVMD,IMF2,background_dynamic_mode,17.793810848400554,90,9000,9399,45.0,46.995,46.0,stable_43deg,stable_43deg,0.0,43.0,0.0,17.0,17.74850135883627,0.06733201803620188,1.813440261130966,0.004533600652827415,0.08728339182279615,0.03842121565711426
AVMD,IMF3,background_dynamic_mode,39.90785813630041,90,9000,9399,45.0,46.995,46.0,stable_43deg,stable_43deg,0.0,43.0,0.0,37.5,37.12254547174027,0.031077798681211112,0.3863318283479549,0.0009658295708698871,0.039554827933444406,0.019006647235716257
AVMD,IMF4,background_dynamic_mode,54.08118915159944,90,9000,9399,45.0,46.995,46.0,stable_43deg,stable_43deg,0.0,43.0,0.0,54.0,53.67974836551694,0.017460374165387045,0.12194586639812614,0.00030486466599531533,0.022376964997962646,0.010448885634610177
AVMD,IMF5,background_dynamic_mode,59.97479137691238,90,9000,9399,45.0,46.995,46.0,stable_43deg,stable_43deg,0.0,43.0,0.0,60.0,61.442176265113595,0.020100158748264613,0.16160655268217541,0.0004040163817054385,0.025781109595351646,0.011851924911724607
AVMD,IMF6,background_dynamic_mode,80.04607093184978,90,9000,9399,45.0,46.995,46.0,stable_43deg,stable_43deg,0.0,43.0,0.0,80.0,79.86781842636518,0.05089270446471159,1.0360269470929901,0.0025900673677324753,0.07104624541009348,0.011412900635539723
AVMD,IMF7,background_dynamic_mode,90.29468011126563,90,9000,9399,45.0,46.995,46.0,stable_43deg,stable_43deg,0.0,43.0,0.0,92.0,92.28499329214499,0.01769479693555134,0.12524233543615887,0.00031310583859039715,0.022106679353020596,0.012286813218567167
AVMD,IMF1,angle_position_mode,0.008692628650904,91,9100,9499,45.5,47.495,46.5,stable_43deg,stable_43deg,0.0,42.99134487347818,0.14400575135518623,,,0.13528145419890386,7.320428740068049,0.018301071850170124,0.16518432686647352,0.017694921070670323
AVMD,IMF2,background_dynamic_mode,17.793810848400554,91,9100,9499,45.5,47.495,46.5,stable_43deg,stable_43deg,0.0,42.99134487347818,0.14400575135518623,17.0,17.59383750959886,0.0690320322243976,1.9061685892121079,0.00476542147303027,0.09208800302274021,0.032938275229524194
AVMD,IMF3,background_dynamic_mode,39.90785813630041,91,9100,9499,45.5,47.495,46.5,stable_43deg,stable_43deg,0.0,42.99134487347818,0.14400575135518623,38.0,37.12537449561349,0.030663159220195465,0.3760917333452233,0.0009402293333630582,0.03969323530344694,0.01748517864208568
AVMD,IMF4,background_dynamic_mode,54.08118915159944,91,9100,9499,45.5,47.495,46.5,stable_43deg,stable_43deg,0.0,42.99134487347818,0.14400575135518623,54.0,53.24389045215598,0.01963563859014136,0.15422332113705944,0.0003855583028426486,0.02465992130949088,0.012535099713489019
AVMD,IMF5,background_dynamic_mode,59.97479137691238,91,9100,9499,45.5,47.495,46.5,stable_43deg,stable_43deg,0.0,42.99134487347818,0.14400575135518623,60.0,61.102708627876716,0.019841955748251646,0.1574812831662306,0.00039370320791557654,0.02603714204515441,0.01042180177792291
AVMD,IMF6,background_dynamic_mode,80.04607093184978,91,9100,9499,45.5,47.495,46.5,stable_43deg,stable_43deg,0.0,42.99134487347818,0.14400575135518623,80.0,79.93242593465355,0.05032699804899889,1.0131226930495754,0.0025328067326239384,0.07023542601389968,0.011357370148364307
AVMD,IMF7,background_dynamic_mode,90.29468011126563,91,9100,9499,45.5,47.495,46.5,stable_43deg,stable_43deg,0.0,42.99134487347818,0.14400575135518623,92.5,92.61278426087303,0.015614081202935887,0.09751981272475033,0.00024379953181187582,0.018838176602523845,0.011460639726463863
AVMD,IMF1,angle_position_mode,0.008692628650904,92,9200,9599,46.0,47.995,47.0,stable_43deg,stable_43deg,0.0,42.94287978833251,0.21337897465051067,,,0.13480659566511224,7.269127293926825,0.018172818234817062,0.15860866044942712,0.01810861122953879
AVMD,IMF2,background_dynamic_mode,17.793810848400554,92,9200,9599,46.0,47.995,47.0,stable_43deg,stable_43deg,0.0,42.94287978833251,0.21337897465051067,17.0,17.68157123903348,0.06519773168133552,1.7002976865565684,0.004250744216391421,0.08611447554425807,0.033595413028819514
AVMD,IMF3,background_dynamic_mode,39.90785813630041,92,9200,9599,46.0,47.995,47.0,stable_43deg,stable_43deg,0.0,42.94287978833251,0.21337897465051067,36.0,37.427825312790915,0.030353461232351556,0.36853304351354754,0.0009213326087838689,0.03891921748150291,0.01812009902339076
AVMD,IMF4,background_dynamic_mode,54.08118915159944,92,9200,9599,46.0,47.995,47.0,stable_43deg,stable_43deg,0.0,42.94287978833251,0.21337897465051067,54.0,52.922367035012186,0.020320011930721967,0.16516115394587322,0.00041290288486468303,0.025135157810983477,0.013918681156356834
AVMD,IMF5,background_dynamic_mode,59.97479137691238,92,9200,9599,46.0,47.995,47.0,stable_43deg,stable_43deg,0.0,42.94287978833251,0.21337897465051067,60.0,60.394475175970285,0.021260133526735607,0.18079731102985097,0.00045199327757462743,0.027762586275882902,0.011409483654300067
AVMD,IMF6,background_dynamic_mode,80.04607093184978,92,9200,9599,46.0,47.995,47.0,stable_43deg,stable_43deg,0.0,42.94287978833251,0.21337897465051067,80.0,79.95607749059668,0.049998839917143524,0.9999535972240579,0.0024998839930601446,0.06952146344811394,0.012494240334473555
AVMD,IMF7,background_dynamic_mode,90.29468011126563,92,9200,9599,46.0,47.995,47.0,stable_43deg,stable_43deg,0.0,42.94287978833251,0.21337897465051067,92.5,92.43042176994427,0.016971594640485983,0.11521400985638902,0.00028803502464097255,0.02098289746389785,0.011865334956712577
AVMD,IMF1,angle_position_mode,0.008692628650904,93,9300,9699,46.5,48.495,47.5,stable_43deg,stable_43deg,0.0,42.859750023573,0.24502718301023255,,,0.1326167666736136,7.034882721185471,0.017587206802963676,0.1525868975271554,0.020194995810607
AVMD,IMF2,background_dynamic_mode,17.793810848400554,93,9300,9699,46.5,48.495,47.5,stable_43deg,stable_43deg,0.0,42.859750023573,0.24502718301023255,17.0,17.736963403886506,0.06704270720180851,1.7978898355789703,0.004494724588947426,0.08838629265181566,0.03436464041002154
AVMD,IMF3,background_dynamic_mode,39.90785813630041,93,9300,9699,46.5,48.495,47.5,stable_43deg,stable_43deg,0.0,42.859750023573,0.24502718301023255,39.0,38.00666798977315,0.029952274666198753,0.35885550307176467,0.0008971387576794116,0.03886342337192807,0.016738449341049653
AVMD,IMF4,background_dynamic_mode,54.08118915159944,93,9300,9699,46.5,48.495,47.5,stable_43deg,stable_43deg,0.0,42.859750023573,0.24502718301023255,54.0,52.992026513457105,0.019566490966498862,0.1531390274968326,0.00038284756874208155,0.02449710833125586,0.012822700817364956
AVMD,IMF5,background_dynamic_mode,59.97479137691238,93,9300,9699,46.5,48.495,47.5,stable_43deg,stable_43deg,0.0,42.859750023573,0.24502718301023255,60.0,60.80385482447433,0.021392890356262264,0.18306230311802357,0.0004576557577950589,0.02731751813133896,0.012968465152680566
AVMD,IMF6,background_dynamic_mode,80.04607093184978,93,9300,9699,46.5,48.495,47.5,stable_43deg,stable_43deg,0.0,42.859750023573,0.24502718301023255,80.0,79.94202230468038,0.050921524451008685,1.0372006609658702,0.0025930016524146754,0.07098679001706962,0.011872137023888557
AVMD,IMF7,background_dynamic_mode,90.29468011126563,93,9300,9699,46.5,48.495,47.5,stable_43deg,stable_43deg,0.0,42.859750023573,0.24502718301023255,92.0,91.85254219545324,0.016074552440231545,0.10335649446150158,0.00025839123615375395,0.02056852006248625,0.009913341598815377
AVMD,IMF1,angle_position_mode,0.008692628650904,94,9400,9799,47.0,48.995,48.0,stable_43deg,stable_43deg,0.0,42.751367153761386,0.2586446908532541,,,0.12422390236187329,6.172631167204893,0.01543157791801223,0.1430803693231376,0.022462684752285387
AVMD,IMF2,background_dynamic_mode,17.793810848400554,94,9400,9799,47.0,48.995,48.0,stable_43deg,stable_43deg,0.0,42.751367153761386,0.2586446908532541,17.0,17.75018098582342,0.06003610921650127,1.4417337639422676,0.003604334409855669,0.07638015490846842,0.03709807316403802
AVMD,IMF3,background_dynamic_mode,39.90785813630041,94,9400,9799,47.0,48.995,48.0,stable_43deg,stable_43deg,0.0,42.751367153761386,0.2586446908532541,38.5,37.50177953510996,0.028554621578445946,0.32614656539530035,0.0008153664134882509,0.03729062846430582,0.015545669114940259
AVMD,IMF4,background_dynamic_mode,54.08118915159944,94,9400,9799,47.0,48.995,48.0,stable_43deg,stable_43deg,0.0,42.751367153761386,0.2586446908532541,54.0,52.86990970255109,0.019339170104346208,0.14960140012993525,0.0003740035003248381,0.024134974782505248,0.012875449733522767
AVMD,IMF5,background_dynamic_mode,59.97479137691238,94,9400,9799,47.0,48.995,48.0,stable_43deg,stable_43deg,0.0,42.751367153761386,0.2586446908532541,60.0,61.385468371697705,0.02214308079427589,0.1961264108247319,0.0004903160270618297,0.027665595469597494,0.014723215981442262
AVMD,IMF6,background_dynamic_mode,80.04607093184978,94,9400,9799,47.0,48.995,48.0,stable_43deg,stable_43deg,0.0,42.751367153761386,0.2586446908532541,80.0,79.87422312779326,0.050037398542545714,1.0014965011622223,0.0025037412529055557,0.06931418648160412,0.0138375367752173
AVMD,IMF7,background_dynamic_mode,90.29468011126563,94,9400,9799,47.0,48.995,48.0,stable_43deg,stable_43deg,0.0,42.751367153761386,0.2586446908532541,92.0,91.84757534630005,0.01687611059150067,0.11392124347862445,0.0002848031086965611,0.02148297464669802,0.01007394450404637
AVMD,IMF1,angle_position_mode,0.008692628650904,95,9500,9899,47.5,49.495,48.5,stable_43deg,stable_43deg,0.0,42.63575160470586,0.21981881200953599,,,0.12125568872457736,5.881176819228639,0.014702942048071597,0.1420781543256019,0.025800888422768092
AVMD,IMF2,background_dynamic_mode,17.793810848400554,95,9500,9899,47.5,49.495,48.5,stable_43deg,stable_43deg,0.0,42.63575160470586,0.21981881200953599,17.0,17.95823412416033,0.06423285498686891,1.6503438639056522,0.00412585965976413,0.08111330577249344,0.04008766216838373
AVMD,IMF3,background_dynamic_mode,39.90785813630041,95,9500,9899,47.5,49.495,48.5,stable_43deg,stable_43deg,0.0,42.63575160470586,0.21981881200953599,36.5,37.05752797182481,0.02896744724221106,0.3356451998921125,0.0008391129997302812,0.03767878090649577,0.016047864093599415
AVMD,IMF4,background_dynamic_mode,54.08118915159944,95,9500,9899,47.5,49.495,48.5,stable_43deg,stable_43deg,0.0,42.63575160470586,0.21981881200953599,54.0,51.993180468271056,0.020450787004320375,0.16729387563843168,0.0004182346890960792,0.026352326998793175,0.011959196822588869
AVMD,IMF5,background_dynamic_mode,59.97479137691238,95,9500,9899,47.5,49.495,48.5,stable_43deg,stable_43deg,0.0,42.63575160470586,0.21981881200953599,60.0,61.261476398571595,0.021039440935964073,0.17706322995916832,0.0004426580748979208,0.025746327280205972,0.01494617249845111
AVMD,IMF6,background_dynamic_mode,80.04607093184978,95,9500,9899,47.5,49.495,48.5,stable_43deg,stable_43deg,0.0,42.63575160470586,0.21981881200953599,80.0,79.83194829565812,0.04989171759218978,0.9956733937195277,0.002489183484298819,0.06927477600617862,0.01325542975966883
AVMD,IMF7,background_dynamic_mode,90.29468011126563,95,9500,9899,47.5,49.495,48.5,stable_43deg,stable_43deg,0.0,42.63575160470586,0.21981881200953599,92.0,92.88678634934013,0.01855254274669185,0.13767873694713134,0.00034419684236782833,0.023744470909350585,0.01099786690821215
AVMD,IMF1,angle_position_mode,0.008692628650904,96,9600,9999,48.0,49.995,49.0,stable_43deg,stable_43deg,0.0,42.55293235428353,0.1540859858755914,,,0.12027160219801167,5.786103318110706,0.014465258295276767,0.14234744341904595,0.027925555462004127
AVMD,IMF2,background_dynamic_mode,17.793810848400554,96,9600,9999,48.0,49.995,49.0,stable_43deg,stable_43deg,0.0,42.55293235428353,0.1540859858755914,17.0,17.838587848214534,0.06970390328578308,1.9434536533095206,0.004858634133273801,0.08963590145423478,0.040627400092876624
AVMD,IMF3,background_dynamic_mode,39.90785813630041,96,9600,9999,48.0,49.995,49.0,stable_43deg,stable_43deg,0.0,42.55293235428353,0.1540859858755914,37.0,37.24307807945784,0.02988805381215262,0.3573183042712523,0.0008932957606781307,0.03939762595781485,0.015292360384378355
AVMD,IMF4,background_dynamic_mode,54.08118915159944,96,9600,9999,48.0,49.995,49.0,stable_43deg,stable_43deg,0.0,42.55293235428353,0.1540859858755914,48.5,52.11291094452228,0.02174828280405338,0.18919512197003358,0.00047298780492508396,0.028067103161752628,0.012570527371512564
AVMD,IMF5,background_dynamic_mode,59.97479137691238,96,9600,9999,48.0,49.995,49.0,stable_43deg,stable_43deg,0.0,42.55293235428353,0.1540859858755914,60.0,60.52090327941498,0.019373474164883754,0.1501326004869673,0.0003753315012174183,0.023560492912062476,0.013976203272882064
AVMD,IMF6,background_dynamic_mode,80.04607093184978,96,9600,9999,48.0,49.995,49.0,stable_43deg,stable_43deg,0.0,42.55293235428353,0.1540859858755914,80.0,79.96473870624132,0.04773284035235447,0.9113696192413436,0.0022784240481033592,0.06599685806116634,0.01436718565693825
AVMD,IMF7,background_dynamic_mode,90.29468011126563,96,9600,9999,48.0,49.995,49.0,stable_43deg,stable_43deg,0.0,42.55293235428353,0.1540859858755914,91.5,92.55267241838868,0.01930351731303036,0.14905031226178517,0.0003726257806544629,0.024559307508468825,0.011390876048278143
AVMD,IMF1,angle_position_mode,0.008692628650904,97,9700,10099,48.5,50.495,49.5,stable_43deg,stable_43deg,0.0,42.50574251076183,0.09813540564370045,,,0.12046319834261288,5.804552861972676,0.014511382154931689,0.144467102629487,0.027607841900293837
AVMD,IMF2,background_dynamic_mode,17.793810848400554,97,9700,10099,48.5,50.495,49.5,stable_43deg,stable_43deg,0.0,42.50574251076183,0.09813540564370045,17.5,17.624230671059397,0.06358866599619659,1.6174073772703395,0.004043518443175849,0.08016362863307937,0.04067490537983069
AVMD,IMF3,background_dynamic_mode,39.90785813630041,97,9700,10099,48.5,50.495,49.5,stable_43deg,stable_43deg,0.0,42.50574251076183,0.09813540564370045,37.5,36.823612113079214,0.027890352600909416,0.31114870728122185,0.0007778717682030546,0.03663978254408771,0.014627090760910292
AVMD,IMF4,background_dynamic_mode,54.08118915159944,97,9700,10099,48.5,50.495,49.5,stable_43deg,stable_43deg,0.0,42.50574251076183,0.09813540564370045,51.0,52.14355384679505,0.021250771380055815,0.1806381136989597,0.0004515952842473993,0.02692285507357981,0.013398429066155343
AVMD,IMF5,background_dynamic_mode,59.97479137691238,97,9700,10099,48.5,50.495,49.5,stable_43deg,stable_43deg,0.0,42.50574251076183,0.09813540564370045,60.0,61.163245273530514,0.02000794430819028,0.16012713417585753,0.0004003178354396438,0.02479898060846967,0.01363047571350597
AVMD,IMF6,background_dynamic_mode,80.04607093184978,97,9700,10099,48.5,50.495,49.5,stable_43deg,stable_43deg,0.0,42.50574251076183,0.09813540564370045,80.0,79.85905896819573,0.04845063813538776,0.9389857342905162,0.0023474643357262906,0.06644519057127232,0.017026486418420837
AVMD,IMF7,background_dynamic_mode,90.29468011126563,97,9700,10099,48.5,50.495,49.5,stable_43deg,stable_43deg,0.0,42.50574251076183,0.09813540564370045,91.5,92.16936952003456,0.02044969182894393,0.16727595835951042,0.0004181898958987761,0.026373478501352642,0.011782583603600637
AVMD,IMF1,angle_position_mode,0.008692628650904,98,9800,10199,49.0,50.995,50.0,stable_43deg,stable_43deg,0.0,42.49153755683016,0.06801525697283362,,,0.12976684161417162,6.735773273007002,0.016839433182517505,0.15179412172945617,0.024796141707119284
AVMD,IMF2,background_dynamic_mode,17.793810848400554,98,9800,10199,49.0,50.995,50.0,stable_43deg,stable_43deg,0.0,42.49153755683016,0.06801525697283362,17.0,17.47691149837517,0.07020643593825077,1.9715774588606834,0.004928943647151709,0.09227075255639106,0.03657876204094057
AVMD,IMF3,background_dynamic_mode,39.90785813630041,98,9800,10199,49.0,50.995,50.0,stable_43deg,stable_43deg,0.0,42.49153755683016,0.06801525697283362,37.5,37.579159874084496,0.024599179558371116,0.2420478539779933,0.0006051196349449833,0.03157935127056481,0.01460052090766627
AVMD,IMF4,background_dynamic_mode,54.08118915159944,98,9800,10199,49.0,50.995,50.0,stable_43deg,stable_43deg,0.0,42.49153755683016,0.06801525697283362,54.0,52.36925090891464,0.02159578054401095,0.18655109492203276,0.00046637773730508187,0.027519541316818007,0.013226883058631216
AVMD,IMF5,background_dynamic_mode,59.97479137691238,98,9800,10199,49.0,50.995,50.0,stable_43deg,stable_43deg,0.0,42.49153755683016,0.06801525697283362,60.5,61.347199385278145,0.01847447083445768,0.136522429045291,0.0003413060726132275,0.023587867650680758,0.011234160510652826
AVMD,IMF6,background_dynamic_mode,80.04607093184978,98,9800,10199,49.0,50.995,50.0,stable_43deg,stable_43deg,0.0,42.49153755683016,0.06801525697283362,80.0,79.78817831858545,0.048738182600411975,0.9501641772764403,0.0023754104431911007,0.06702186032327749,0.016341761670037872
AVMD,IMF7,background_dynamic_mode,90.29468011126563,98,9800,10199,49.0,50.995,50.0,stable_43deg,stable_43deg,0.0,42.49153755683016,0.06801525697283362,93.0,92.16663561031685,0.020182145761351154,0.16292760301296974,0.00040731900753242434,0.026424801165505284,0.011438778271701703
AVMD,IMF1,angle_position_mode,0.008692628650904,99,9900,10299,49.5,51.495,50.5,stable_43deg,stable_43deg,0.0,42.506296065078075,0.07874231300544568,,,0.13104896254378506,6.869532233520951,0.01717383058380238,0.1483786759110294,0.025232167095046172
AVMD,IMF2,background_dynamic_mode,17.793810848400554,99,9900,10299,49.5,51.495,50.5,stable_43deg,stable_43deg,0.0,42.506296065078075,0.07874231300544568,17.0,17.587846768915643,0.06464508703626837,1.6715949111706851,0.004178987277926713,0.0838194556859506,0.03691182468479724
AVMD,IMF3,background_dynamic_mode,39.90785813630041,99,9900,10299,49.5,51.495,50.5,stable_43deg,stable_43deg,0.0,42.506296065078075,0.07874231300544568,39.5,37.51285632975311,0.025300427601980067,0.25604465473721394,0.0006401116368430349,0.03180837755164002,0.01643879252940124
AVMD,IMF4,background_dynamic_mode,54.08118915159944,99,9900,10299,49.5,51.495,50.5,stable_43deg,stable_43deg,0.0,42.506296065078075,0.07874231300544568,54.0,52.7502832926204,0.01926769847901649,0.14849768187131773,0.00037124420467829434,0.02432734724342704,0.012423576040921822
AVMD,IMF5,background_dynamic_mode,59.97479137691238,99,9900,10299,49.5,51.495,50.5,stable_43deg,stable_43deg,0.0,42.506296065078075,0.07874231300544568,60.0,60.799873012239686,0.020802565658636692,0.17309869519275628,0.0004327467379818907,0.026706931371908018,0.012329013748137335
AVMD,IMF6,background_dynamic_mode,80.04607093184978,99,9900,10299,49.5,51.495,50.5,stable_43deg,stable_43deg,0.0,42.506296065078075,0.07874231300544568,80.0,79.83731979033067,0.048108785963632404,0.9257821147578378,0.0023144552868945944,0.06539700908930397,0.01888353119433149
AVMD,IMF7,background_dynamic_mode,90.29468011126563,99,9900,10299,49.5,51.495,50.5,stable_43deg,stable_43deg,0.0,42.506296065078075,0.07874231300544568,92.5,92.00388635211009,0.01956115465632258,0.15305550859542824,0.0003826387714885706,0.025721217550831434,0.010479287797788618
AVMD,IMF1,angle_position_mode,0.008692628650904,100,10000,10399,50.0,51.995,51.0,stable_43deg,stable_43deg,0.0,42.544944880754485,0.10639342491715359,,,0.12619145774242274,6.369713602863065,0.015924284007157664,0.14212554564298469,0.02589072124446959
AVMD,IMF2,background_dynamic_mode,17.793810848400554,100,10000,10399,50.0,51.995,51.0,stable_43deg,stable_43deg,0.0,42.544944880754485,0.10639342491715359,17.5,17.638472635123488,0.06644291770155075,1.7658645250780183,0.0044146613126950455,0.0839013218559535,0.04289934066351573
AVMD,IMF3,background_dynamic_mode,39.90785813630041,100,10000,10399,50.0,51.995,51.0,stable_43deg,stable_43deg,0.0,42.544944880754485,0.10639342491715359,40.0,36.2101507796733,0.026391994313769394,0.2786149455432144,0.000696537363858036,0.033001536197589505,0.01745873428563919
AVMD,IMF4,background_dynamic_mode,54.08118915159944,100,10000,10399,50.0,51.995,51.0,stable_43deg,stable_43deg,0.0,42.544944880754485,0.10639342491715359,54.5,53.19957505927234,0.019910598811512022,0.15857277801319358,0.000396431945032984,0.025064557276713497,0.012804417481639518
AVMD,IMF5,background_dynamic_mode,59.97479137691238,100,10000,10399,50.0,51.995,51.0,stable_43deg,stable_43deg,0.0,42.544944880754485,0.10639342491715359,59.5,61.3328930312571,0.021629634695377924,0.18713643882219855,0.0004678410970554964,0.028197109942897713,0.011843762037916261
AVMD,IMF6,background_dynamic_mode,80.04607093184978,100,10000,10399,50.0,51.995,51.0,stable_43deg,stable_43deg,0.0,42.544944880754485,0.10639342491715359,80.0,79.70557491408408,0.04907454481328037,0.9633243794522653,0.0024083109486306635,0.0670771259172261,0.018267159783135117
AVMD,IMF7,background_dynamic_mode,90.29468011126563,100,10000,10399,50.0,51.995,51.0,stable_43deg,stable_43deg,0.0,42.544944880754485,0.10639342491715359,90.0,92.2752189541207,0.019565949994563236,0.15313055967589964,0.0003828263991897491,0.02610336873929148,0.010209658420502633
AVMD,IMF1,angle_position_mode,0.008692628650904,101,10100,10499,50.5,52.495,51.5,stable_43deg,stable_43deg,0.0,42.601716614577306,0.13080964241120743,,,0.12387122723981893,6.137632375159544,0.01534408093789886,0.13916834711231243,0.025388918985101247
AVMD,IMF2,background_dynamic_mode,17.793810848400554,101,10100,10499,50.5,52.495,51.5,stable_43deg,stable_43deg,0.0,42.601716614577306,0.13080964241120743,18.0,17.98517159073319,0.09140918643779816,3.3422557460880578,0.008355639365220144,0.11542205632468341,0.057453165826881106
AVMD,IMF3,background_dynamic_mode,39.90785813630041,101,10100,10499,50.5,52.495,51.5,stable_43deg,stable_43deg,0.0,42.601716614577306,0.13080964241120743,39.5,36.42150050937921,0.025497411601748135,0.2600471993555842,0.0006501179983889604,0.031738150334997633,0.017245097279115842
AVMD,IMF4,background_dynamic_mode,54.08118915159944,101,10100,10499,50.5,52.495,51.5,stable_43deg,stable_43deg,0.0,42.601716614577306,0.13080964241120743,53.5,53.22055335701393,0.02139432952176522,0.18308693427434994,0.00045771733568587483,0.027498633790985768,0.012616928293718693
AVMD,IMF5,background_dynamic_mode,59.97479137691238,101,10100,10499,50.5,52.495,51.5,stable_43deg,stable_43deg,0.0,42.601716614577306,0.13080964241120743,60.0,61.294376868900514,0.021561714133347176,0.18596300654727332,0.0004649075163681833,0.028479286688183326,0.010923724044334334
AVMD,IMF6,background_dynamic_mode,80.04607093184978,101,10100,10499,50.5,52.495,51.5,stable_43deg,stable_43deg,0.0,42.601716614577306,0.13080964241120743,80.0,79.51749960077464,0.04873592252791129,0.9500760578586285,0.0023751901446465713,0.06652594132159054,0.018141274784534412
AVMD,IMF7,background_dynamic_mode,90.29468011126563,101,10100,10499,50.5,52.495,51.5,stable_43deg,stable_43deg,0.0,42.601716614577306,0.13080964241120743,94.0,92.61547996075575,0.01953760496042862,0.15268720303590597,0.00038171800758976494,0.025532522128354218,0.011086073485776497
AVMD,IMF1,angle_position_mode,0.008692628650904,102,10200,10599,51.0,52.995,52.0,stable_43deg,stable_43deg,0.0,42.6704829783917,0.14617548141983283,,,0.12041916017722276,5.800309655115053,0.014500774137787633,0.13682274480276824,0.0254767150948098
AVMD,IMF2,background_dynamic_mode,17.793810848400554,102,10200,10599,51.0,52.995,52.0,stable_43deg,stable_43deg,0.0,42.6704829783917,0.14617548141983283,17.5,17.793430276972714,0.10402701579119875,4.328648005768926,0.010821620014422315,0.1337565743907541,0.061636256164055284
AVMD,IMF3,background_dynamic_mode,39.90785813630041,102,10200,10599,51.0,52.995,52.0,stable_43deg,stable_43deg,0.0,42.6704829783917,0.14617548141983283,39.0,36.63632118979122,0.026887746988383948,0.28918037524454004,0.0007229509381113501,0.034373649810449214,0.016274397557564643
AVMD,IMF4,background_dynamic_mode,54.08118915159944,102,10200,10599,51.0,52.995,52.0,stable_43deg,stable_43deg,0.0,42.6704829783917,0.14617548141983283,53.5,52.43289216606183,0.02330374039036586,0.21722572647262767,0.0005430643161815692,0.0294239064730423,0.01487893159857655
AVMD,IMF5,background_dynamic_mode,59.97479137691238,102,10200,10599,51.0,52.995,52.0,stable_43deg,stable_43deg,0.0,42.6704829783917,0.14617548141983283,60.0,61.63111252134783,0.022290674794803313,0.1987496731230719,0.0004968741828076797,0.029213639032969613,0.011813801332140822
AVMD,IMF6,background_dynamic_mode,80.04607093184978,102,10200,10599,51.0,52.995,52.0,stable_43deg,stable_43deg,0.0,42.6704829783917,0.14617548141983283,80.0,79.35948329046872,0.04814634384681411,0.9272281703262621,0.0023180704258156555,0.06484877152557632,0.02089046987273225
AVMD,IMF7,background_dynamic_mode,90.29468011126563,102,10200,10599,51.0,52.995,52.0,stable_43deg,stable_43deg,0.0,42.6704829783917,0.14617548141983283,90.0,91.89112830346868,0.019211266354597585,0.14762910197891727,0.0003690727549472932,0.02433182912341546,0.011498329176501674
AVMD,IMF1,angle_position_mode,0.008692628650904,103,10300,10699,51.5,53.495,52.5,stable_43deg,stable_43deg,0.0,42.74505885803159,0.15109182701413215,,,0.12352749677551145,6.103616983849596,0.01525904245962399,0.13800226940433963,0.02687626404056457
AVMD,IMF2,background_dynamic_mode,17.793810848400554,103,10300,10699,51.5,53.495,52.5,stable_43deg,stable_43deg,0.0,42.74505885803159,0.15109182701413215,17.5,17.679107773769356,0.10961890347097829,4.806521599271862,0.012016303998179656,0.14643372748312025,0.05101165572006709
AVMD,IMF3,background_dynamic_mode,39.90785813630041,103,10300,10699,51.5,53.495,52.5,stable_43deg,stable_43deg,0.0,42.74505885803159,0.15109182701413215,35.5,37.24487196402016,0.02638376680149502,0.2784412602542683,0.0006961031506356707,0.034057987727608846,0.01514350660291701
AVMD,IMF4,background_dynamic_mode,54.08118915159944,103,10300,10699,51.5,53.495,52.5,stable_43deg,stable_43deg,0.0,42.74505885803159,0.15109182701413215,49.0,50.22393969168566,0.023388908557073394,0.2188164173964564,0.000547041043491141,0.02985248739973324,0.014262342282213932
AVMD,IMF5,background_dynamic_mode,59.97479137691238,103,10300,10699,51.5,53.495,52.5,stable_43deg,stable_43deg,0.0,42.74505885803159,0.15109182701413215,60.0,61.79110793956497,0.021233080940929395,0.18033749049762365,0.0004508437262440591,0.027869382356863558,0.011139585329863982
AVMD,IMF6,background_dynamic_mode,80.04607093184978,103,10300,10699,51.5,53.495,52.5,stable_43deg,stable_43deg,0.0,42.74505885803159,0.15109182701413215,80.0,79.51859758104504,0.04842023958927256,0.937807840753023,0.0023445196018825575,0.06564196939769182,0.019792231843207823
AVMD,IMF7,background_dynamic_mode,90.29468011126563,103,10300,10699,51.5,53.495,52.5,stable_43deg,stable_43deg,0.0,42.74505885803159,0.15109182701413215,92.0,92.14847289221728,0.020908038409884276,0.1748584280596785,0.00043714607014919626,0.026695189788268046,0.012648224078120975
AVMD,IMF1,angle_position_mode,0.008692628650904,104,10400,10799,52.0,53.995,53.0,stable_43deg,stable_43deg,0.0,42.81949696692696,0.14576956728332605,,,0.1289649170132706,6.652779928095908,0.016631949820239772,0.14365246839632184,0.026576620935020955
AVMD,IMF2,background_dynamic_mode,17.793810848400554,104,10400,10799,52.0,53.995,53.0,stable_43deg,stable_43deg,0.0,42.81949696692696,0.14576956728332605,18.0,17.811025408160717,0.12880076795074896,6.635855129881072,0.016589637824702682,0.17524440816416295,0.04973832942473688
AVMD,IMF3,background_dynamic_mode,39.90785813630041,104,10400,10799,52.0,53.995,53.0,stable_43deg,stable_43deg,0.0,42.81949696692696,0.14576956728332605,37.5,37.567737572774305,0.025257279207464702,0.2551720611855315,0.0006379301529638288,0.03258602622901421,0.014647823084588639
AVMD,IMF4,background_dynamic_mode,54.08118915159944,104,10400,10799,52.0,53.995,53.0,stable_43deg,stable_43deg,0.0,42.81949696692696,0.14576956728332605,49.0,50.96866308536405,0.021267811277159057,0.18092791860834156,0.0004523197965208539,0.026817404236053013,0.013665756932090788
AVMD,IMF5,background_dynamic_mode,59.97479137691238,104,10400,10799,52.0,53.995,53.0,stable_43deg,stable_43deg,0.0,42.81949696692696,0.14576956728332605,60.0,61.86764898825396,0.022811341188266478,0.2081429147230011,0.0005203572868075027,0.029750686854960438,0.01244605789896005
AVMD,IMF6,background_dynamic_mode,80.04607093184978,104,10400,10799,52.0,53.995,53.0,stable_43deg,stable_43deg,0.0,42.81949696692696,0.14576956728332605,80.0,79.85876504075223,0.04841494852736309,0.9376028963628871,0.0023440072409072177,0.06543135573755157,0.020068320294291588
AVMD,IMF7,background_dynamic_mode,90.29468011126563,104,10400,10799,52.0,53.995,53.0,stable_43deg,stable_43deg,0.0,42.81949696692696,0.14576956728332605,92.0,91.77289121213789,0.019626673635545263,0.15408252719848303,0.00038520631799620757,0.0247366746803759,0.012272476236770732
AVMD,IMF1,angle_position_mode,0.008692628650904,105,10500,10899,52.5,54.495,53.5,stable_43deg,stable_43deg,0.0,42.88834729549325,0.130848902585065,,,0.13216579719534435,6.987119179312359,0.017467797948280895,0.14377066045502915,0.03009699554616134
AVMD,IMF2,background_dynamic_mode,17.793810848400554,105,10500,10899,52.5,54.495,53.5,stable_43deg,stable_43deg,0.0,42.88834729549325,0.130848902585065,18.0,17.70244864350631,0.11846850404030124,5.613914579818748,0.01403478644954687,0.1561262418698448,0.06258947342192403
AVMD,IMF3,background_dynamic_mode,39.90785813630041,105,10500,10899,52.5,54.495,53.5,stable_43deg,stable_43deg,0.0,42.88834729549325,0.130848902585065,37.5,37.71962788098309,0.026242302019153962,0.2754633661057968,0.000688658415264492,0.0340572101744608,0.014728079727034233
AVMD,IMF4,background_dynamic_mode,54.08118915159944,105,10500,10899,52.5,54.495,53.5,stable_43deg,stable_43deg,0.0,42.88834729549325,0.130848902585065,54.0,52.62197064744199,0.02036914764983598,0.16596087039232746,0.00041490217598081866,0.02475561380778639,0.014724289808547567
AVMD,IMF5,background_dynamic_mode,59.97479137691238,105,10500,10899,52.5,54.495,53.5,stable_43deg,stable_43deg,0.0,42.88834729549325,0.130848902585065,60.0,60.94390063499093,0.02392958497971732,0.22905001492060512,0.0005726250373015128,0.0313463084984162,0.012813568335162503
AVMD,IMF6,background_dynamic_mode,80.04607093184978,105,10500,10899,52.5,54.495,53.5,stable_43deg,stable_43deg,0.0,42.88834729549325,0.130848902585065,80.0,79.84603133317945,0.04873710735749726,0.9501222534304854,0.0023753056335762135,0.06624147061303085,0.01900007071336844
AVMD,IMF7,background_dynamic_mode,90.29468011126563,105,10500,10899,52.5,54.495,53.5,stable_43deg,stable_43deg,0.0,42.88834729549325,0.130848902585065,91.5,91.94345091633744,0.019987591993315772,0.15980153347650433,0.00039950383369126083,0.02515398006193073,0.012298804786917998
AVMD,IMF1,angle_position_mode,0.008692628650904,106,10600,10999,53.0,54.995,54.0,stable_43deg,stable_43deg,0.0,42.942168755422145,0.10493356686147458,,,0.13380349141887427,7.161349726352304,0.01790337431588076,0.14331181178120336,0.03458500496725495
AVMD,IMF2,background_dynamic_mode,17.793810848400554,106,10600,10999,53.0,54.995,54.0,stable_43deg,stable_43deg,0.0,42.942168755422145,0.10493356686147458,18.0,17.722097522852735,0.12457116269156646,6.207189829731488,0.015517974574328719,0.1635946001817365,0.06491194418041887
AVMD,IMF3,background_dynamic_mode,39.90785813630041,106,10600,10999,53.0,54.995,54.0,stable_43deg,stable_43deg,0.0,42.942168755422145,0.10493356686147458,37.5,37.69807513183983,0.029464975382056353,0.34727390970607475,0.0008681847742651868,0.03707571024338666,0.019012562512552796
AVMD,IMF4,background_dynamic_mode,54.08118915159944,106,10600,10999,53.0,54.995,54.0,stable_43deg,stable_43deg,0.0,42.942168755422145,0.10493356686147458,54.0,52.20724382886729,0.021013181762708822,0.17662152311705548,0.0004415538077926387,0.02632842110157603,0.013748164263073046
AVMD,IMF5,background_dynamic_mode,59.97479137691238,106,10600,10999,53.0,54.995,54.0,stable_43deg,stable_43deg,0.0,42.942168755422145,0.10493356686147458,60.0,60.56568688855192,0.023440792566499988,0.21978830245827247,0.0005494707561456812,0.03055571566448843,0.01284201103333325
AVMD,IMF6,background_dynamic_mode,80.04607093184978,106,10600,10999,53.0,54.995,54.0,stable_43deg,stable_43deg,0.0,42.942168755422145,0.10493356686147458,80.0,79.82316530879137,0.0437100780583109,0.7642283695454528,0.001910570923863632,0.05748984869574079,0.022525245529963614
AVMD,IMF7,background_dynamic_mode,90.29468011126563,106,10600,10999,53.0,54.995,54.0,stable_43deg,stable_43deg,0.0,42.942168755422145,0.10493356686147458,90.5,92.27566877499947,0.021200267813952147,0.17978054215331812,0.0004494513553832953,0.027241772502989453,0.012550532830328255
AVMD,IMF1,angle_position_mode,0.008692628650904,107,10700,11099,53.5,55.495,54.5,stable_43deg,stable_43deg,0.0,42.97710504311167,0.07625232800168105,,,0.12800834065734976,6.554454111139242,0.016386135277848105,0.13868321507875006,0.031784363431843134
AVMD,IMF2,background_dynamic_mode,17.793810848400554,107,10700,11099,53.5,55.495,54.5,stable_43deg,stable_43deg,0.0,42.97710504311167,0.07625232800168105,18.0,17.710294368151693,0.1293810715884443,6.69578467414966,0.01673946168537415,0.1689324096637423,0.07006263803065031
AVMD,IMF3,background_dynamic_mode,39.90785813630041,107,10700,11099,53.5,55.495,54.5,stable_43deg,stable_43deg,0.0,42.97710504311167,0.07625232800168105,38.5,36.904920321683555,0.031119755912051007,0.38737568321025345,0.0009684392080256336,0.03950011134274854,0.019337651619186522
AVMD,IMF4,background_dynamic_mode,54.08118915159944,107,10700,11099,53.5,55.495,54.5,stable_43deg,stable_43deg,0.0,42.97710504311167,0.07625232800168105,54.5,51.97042338224868,0.020692726218295127,0.17127556733812743,0.0004281889183453186,0.02566083332497891,0.014069206694744771
AVMD,IMF5,background_dynamic_mode,59.97479137691238,107,10700,11099,53.5,55.495,54.5,stable_43deg,stable_43deg,0.0,42.97710504311167,0.07625232800168105,60.0,60.46272531628164,0.023383401260902534,0.21871338181135125,0.0005467834545283782,0.030601657452304656,0.01256409405184561
AVMD,IMF6,background_dynamic_mode,80.04607093184978,107,10700,11099,53.5,55.495,54.5,stable_43deg,stable_43deg,0.0,42.97710504311167,0.07625232800168105,80.0,79.74953514886293,0.04173773186316073,0.696815304432441,0.0017420382610811025,0.05456795767218145,0.02212792540249306
AVMD,IMF7,background_dynamic_mode,90.29468011126563,107,10700,11099,53.5,55.495,54.5,stable_43deg,stable_43deg,0.0,42.97710504311167,0.07625232800168105,90.5,92.75729122882441,0.019801974752441345,0.1568472816385298,0.0003921182040963245,0.02529731241305558,0.01215104570442834
AVMD,IMF1,angle_position_mode,0.008692628650904,108,10800,11199,54.0,55.995,55.0,stable_43deg,stable_43deg,0.0,42.99530245410789,0.045388000975159506,,,0.128050427171158,6.558764759486415,0.01639691189871604,0.1361268143180819,0.03189766295594436
AVMD,IMF2,background_dynamic_mode,17.793810848400554,108,10800,11199,54.0,55.995,55.0,stable_43deg,stable_43deg,0.0,42.99530245410789,0.045388000975159506,18.0,17.795543943709475,0.11507399525501193,5.296809753580202,0.013242024383950507,0.14985832085743847,0.0630895480406555
AVMD,IMF3,background_dynamic_mode,39.90785813630041,108,10800,11199,54.0,55.995,55.0,stable_43deg,stable_43deg,0.0,42.99530245410789,0.045388000975159506,35.5,36.48613040663395,0.032210682897296034,0.41501123708406373,0.0010375280927101592,0.04096160405441939,0.019914927230779395
AVMD,IMF4,background_dynamic_mode,54.08118915159944,108,10800,11199,54.0,55.995,55.0,stable_43deg,stable_43deg,0.0,42.99530245410789,0.045388000975159506,54.0,52.510100048223606,0.022346553104772595,0.1997473742657687,0.0004993684356644217,0.028197254252229922,0.014254597943398492
AVMD,IMF5,background_dynamic_mode,59.97479137691238,108,10800,11199,54.0,55.995,55.0,stable_43deg,stable_43deg,0.0,42.99530245410789,0.045388000975159506,60.0,60.84312793181705,0.02357076256459403,0.22223233915058696,0.0005555808478764673,0.0306491626667375,0.013174969446905153
AVMD,IMF6,background_dynamic_mode,80.04607093184978,108,10800,11199,54.0,55.995,55.0,stable_43deg,stable_43deg,0.0,42.99530245410789,0.045388000975159506,80.0,79.56946257794853,0.04148176577724081,0.6882947567991469,0.0017207368919978671,0.0535909327839382,0.02323848041517057
AVMD,IMF7,background_dynamic_mode,90.29468011126563,108,10800,11199,54.0,55.995,55.0,stable_43deg,stable_43deg,0.0,42.99530245410789,0.045388000975159506,93.5,93.61617738108234,0.020899390442438503,0.17471380834619593,0.0004367845208654898,0.026943728589490002,0.011851512776843123
AVMD,IMF1,angle_position_mode,0.008692628650904,109,10900,11299,54.5,56.495,55.5,stable_43deg,stable_43deg,0.0,43.0,0.0,,,0.12938377490572528,6.696064483542154,0.016740161208855384,0.13871555303450048,0.030584433214643787
AVMD,IMF2,background_dynamic_mode,17.793810848400554,109,10900,11299,54.5,56.495,55.5,stable_43deg,stable_43deg,0.0,43.0,0.0,18.0,17.815443203905215,0.12087288530914903,5.844101761183478,0.014610254402958696,0.1607930258435433,0.05699476735929321
AVMD,IMF3,background_dynamic_mode,39.90785813630041,109,10900,11299,54.5,56.495,55.5,stable_43deg,stable_43deg,0.0,43.0,0.0,35.5,36.56271018533054,0.03258902917744419,0.4248179290913236,0.001062044822728309,0.04143661613853514,0.020183807445240065
AVMD,IMF4,background_dynamic_mode,54.08118915159944,109,10900,11299,54.5,56.495,55.5,stable_43deg,stable_43deg,0.0,43.0,0.0,54.0,52.834363409472836,0.02246343213280431,0.20184231327404206,0.0005046057831851052,0.028889914704033834,0.01321272813273808
AVMD,IMF5,background_dynamic_mode,59.97479137691238,109,10900,11299,54.5,56.495,55.5,stable_43deg,stable_43deg,0.0,43.0,0.0,60.0,61.93570215651002,0.02336546446408975,0.2183779718490564,0.000545944929622641,0.030348782290776283,0.013069541660414769
AVMD,IMF6,background_dynamic_mode,80.04607093184978,109,10900,11299,54.5,56.495,55.5,stable_43deg,stable_43deg,0.0,43.0,0.0,80.0,79.54778274150682,0.04074590227435668,0.6640914208605697,0.0016602285521514243,0.05283655627412705,0.022762880992211753
AVMD,IMF7,background_dynamic_mode,90.29468011126563,109,10900,11299,54.5,56.495,55.5,stable_43deg,stable_43deg,0.0,43.0,0.0,90.5,92.33675227352457,0.020878069839849495,0.17435752009505323,0.00043589380023763307,0.026755630123809368,0.012387760171752162
AVMD,IMF1,angle_position_mode,0.008692628650904,110,11000,11399,55.0,56.995,56.0,stable_43deg,stable_43deg,0.0,42.99922667446224,0.02333831414627746,,,0.1298486624735061,6.744270058463404,0.01686067514615851,0.13672957593784582,0.029007578716256494
AVMD,IMF2,background_dynamic_mode,17.793810848400554,110,11000,11399,55.0,56.995,56.0,stable_43deg,stable_43deg,0.0,42.99922667446224,0.02333831414627746,18.0,17.82492055460218,0.10869554227374505,4.725888364073398,0.011814720910183495,0.1440345388825751,0.05376100797041846
AVMD,IMF3,background_dynamic_mode,39.90785813630041,110,11000,11399,55.0,56.995,56.0,stable_43deg,stable_43deg,0.0,42.99922667446224,0.02333831414627746,35.5,36.97045491686617,0.0314978509299413,0.3968458452819216,0.000992114613204804,0.0395149450702897,0.020555902235191634
AVMD,IMF4,background_dynamic_mode,54.08118915159944,110,11000,11399,55.0,56.995,56.0,stable_43deg,stable_43deg,0.0,42.99922667446224,0.02333831414627746,54.0,52.555429479905044,0.020842842899496776,0.17376964005324128,0.0004344241001331032,0.02687528099291528,0.012103805812328417
AVMD,IMF5,background_dynamic_mode,59.97479137691238,110,11000,11399,55.0,56.995,56.0,stable_43deg,stable_43deg,0.0,42.99922667446224,0.02333831414627746,60.0,61.52797093892841,0.023449781891376933,0.21995690830125983,0.0005498922707531496,0.030491352091479473,0.013031633755350484
AVMD,IMF6,background_dynamic_mode,80.04607093184978,110,11000,11399,55.0,56.995,56.0,stable_43deg,stable_43deg,0.0,42.99922667446224,0.02333831414627746,80.0,79.4006386320864,0.045055148215810484,0.8119865522994603,0.0020299663807486507,0.06080581763302699,0.018980700249627943
AVMD,IMF7,background_dynamic_mode,90.29468011126563,110,11000,11399,55.0,56.995,56.0,stable_43deg,stable_43deg,0.0,42.99922667446224,0.02333831414627746,90.0,91.94561029219956,0.020115029711419458,0.16184576811651502,0.00040461442029128753,0.02548696900967035,0.01288666161364088
AVMD,IMF1,angle_position_mode,0.008692628650904,111,11100,11499,55.5,57.495,56.5,stable_43deg,stable_43deg,0.0,42.99040333533377,0.0474777090164013,,,0.13214109312768832,6.984507397192159,0.017461268492980398,0.13643303863590722,0.03327026484791729
AVMD,IMF2,background_dynamic_mode,17.793810848400554,111,11100,11499,55.5,57.495,56.5,stable_43deg,stable_43deg,0.0,42.99040333533377,0.0474777090164013,18.0,17.72830092208537,0.11652681607272451,5.431399545618627,0.013578498864046567,0.1549740539474679,0.056135703940707944
AVMD,IMF3,background_dynamic_mode,39.90785813630041,111,11100,11499,55.5,57.495,56.5,stable_43deg,stable_43deg,0.0,42.99040333533377,0.0474777090164013,37.5,36.56330053969636,0.02951624066142305,0.34848338511321736,0.0008712084627830434,0.03680491754522621,0.01976149632942292
AVMD,IMF4,background_dynamic_mode,54.08118915159944,111,11100,11499,55.5,57.495,56.5,stable_43deg,stable_43deg,0.0,42.99040333533377,0.0474777090164013,54.0,51.85217511033435,0.021356002173696202,0.18243153153716676,0.0004560788288429169,0.027427700391513453,0.012627831571490982
AVMD,IMF5,background_dynamic_mode,59.97479137691238,111,11100,11499,55.5,57.495,56.5,stable_43deg,stable_43deg,0.0,42.99040333533377,0.0474777090164013,60.0,61.18980413551897,0.023150554643923255,0.21437927212851066,0.0005359481803212766,0.029675003574547016,0.013848101636834977
AVMD,IMF6,background_dynamic_mode,80.04607093184978,111,11100,11499,55.5,57.495,56.5,stable_43deg,stable_43deg,0.0,42.99040333533377,0.0474777090164013,80.0,79.68760765347189,0.045275318061424166,0.8199417702252485,0.0020498544255631215,0.06074010231949917,0.02032400125267074
AVMD,IMF7,background_dynamic_mode,90.29468011126563,111,11100,11499,55.5,57.495,56.5,stable_43deg,stable_43deg,0.0,42.99040333533377,0.0474777090164013,96.0,93.3917939953231,0.020252097584084326,0.16405898262210966,0.00041014745655527414,0.025391265184050982,0.012877600619784308
AVMD,IMF1,angle_position_mode,0.008692628650904,112,11200,11599,56.0,57.995,57.0,stable_43deg,stable_43deg,0.0,42.97074676407657,0.06509562104259971,,,0.13134452923287507,6.900554143762229,0.017251385359405572,0.13727983411732314,0.03227241381074444
AVMD,IMF2,background_dynamic_mode,17.793810848400554,112,11200,11599,56.0,57.995,57.0,stable_43deg,stable_43deg,0.0,42.97074676407657,0.06509562104259971,18.0,17.845589000878512,0.11697205046131086,5.472984235649381,0.013682460589123454,0.1550389895261066,0.05765256037762735
AVMD,IMF3,background_dynamic_mode,39.90785813630041,112,11200,11599,56.0,57.995,57.0,stable_43deg,stable_43deg,0.0,42.97074676407657,0.06509562104259971,36.0,36.843028044786564,0.030315938001828326,0.3676224387722795,0.0009190560969306988,0.038221455427956456,0.01931158925561362
AVMD,IMF4,background_dynamic_mode,54.08118915159944,112,11200,11599,56.0,57.995,57.0,stable_43deg,stable_43deg,0.0,42.97074676407657,0.06509562104259971,54.5,51.71580026763882,0.02027922925149912,0.16449885561394298,0.00041124713903485747,0.02585515414043809,0.01239130575276685
AVMD,IMF5,background_dynamic_mode,59.97479137691238,112,11200,11599,56.0,57.995,57.0,stable_43deg,stable_43deg,0.0,42.97074676407657,0.06509562104259971,60.0,61.7864410781075,0.020683289417847115,0.17111938445697056,0.0004277984611424264,0.026513961637205426,0.012255402485584805
AVMD,IMF6,background_dynamic_mode,80.04607093184978,112,11200,11599,56.0,57.995,57.0,stable_43deg,stable_43deg,0.0,42.97074676407657,0.06509562104259971,80.0,79.66303798995656,0.04614761736576465,0.8518410354148092,0.002129602588537023,0.0619975104146415,0.020879425205427102
AVMD,IMF7,background_dynamic_mode,90.29468011126563,112,11200,11599,56.0,57.995,57.0,stable_43deg,stable_43deg,0.0,42.97074676407657,0.06509562104259971,91.5,93.78151257308178,0.019641867419926285,0.15432118229678468,0.0003858029557419617,0.024820356675877966,0.012619754650029012
AVMD,IMF1,angle_position_mode,0.008692628650904,113,11300,11699,56.5,58.495,57.5,stable_43deg,stable_43deg,0.0,42.94006459594115,0.07795426417794922,,,0.12797598070120098,6.551140654573666,0.016377851636434165,0.1325619073272691,0.031869819841950704
AVMD,IMF2,background_dynamic_mode,17.793810848400554,113,11300,11699,56.5,58.495,57.5,stable_43deg,stable_43deg,0.0,42.94006459594115,0.07795426417794922,18.0,17.669092547718208,0.11598613887615367,5.381113764559362,0.013452784411398404,0.15531324001898517,0.052498177905617206
AVMD,IMF3,background_dynamic_mode,39.90785813630041,113,11300,11699,56.5,58.495,57.5,stable_43deg,stable_43deg,0.0,42.94006459594115,0.07795426417794922,37.5,36.61205611244099,0.031077042875202382,0.38631303754686686,0.0009657825938671671,0.03814725714810127,0.02178684255260469
AVMD,IMF4,background_dynamic_mode,54.08118915159944,113,11300,11699,56.5,58.495,57.5,stable_43deg,stable_43deg,0.0,42.94006459594115,0.07795426417794922,54.0,52.48349346794706,0.022140063573671057,0.1960729660184784,0.000490182415046196,0.028402291491301995,0.013177149678136879
AVMD,IMF5,background_dynamic_mode,59.97479137691238,113,11300,11699,56.5,58.495,57.5,stable_43deg,stable_43deg,0.0,42.94006459594115,0.07795426417794922,60.0,61.665313158955335,0.021361063915486648,0.1825180206406023,0.00045629505160150574,0.027027321437320832,0.013459155291846603
AVMD,IMF6,background_dynamic_mode,80.04607093184978,113,11300,11699,56.5,58.495,57.5,stable_43deg,stable_43deg,0.0,42.94006459594115,0.07795426417794922,80.0,79.71572251569613,0.04511754027881349,0.8142369763241429,0.0020355924408103575,0.059150723320101545,0.024071103068673366
AVMD,IMF7,background_dynamic_mode,90.29468011126563,113,11300,11699,56.5,58.495,57.5,stable_43deg,stable_43deg,0.0,42.94006459594115,0.07795426417794922,91.5,92.7190237283563,0.018511699160668908,0.13707320232604397,0.00034268300581510993,0.023449089932798407,0.011685554496904664
AVMD,IMF1,angle_position_mode,0.008692628650904,114,11400,11799,57.0,58.995,58.0,stable_43deg,stable_43deg,0.0,42.90012709903087,0.08294805371695292,,,0.12987806367447374,6.747324569532262,0.016868311423830655,0.13475436746683475,0.029327626057998275
AVMD,IMF2,background_dynamic_mode,17.793810848400554,114,11400,11799,57.0,58.995,58.0,stable_43deg,stable_43deg,0.0,42.90012709903087,0.08294805371695292,18.0,17.551368387663608,0.11530155946133758,5.317779845686546,0.013294449614216365,0.15329119331420038,0.0567016273703321
AVMD,IMF3,background_dynamic_mode,39.90785813630041,114,11400,11799,57.0,58.995,58.0,stable_43deg,stable_43deg,0.0,42.90012709903087,0.08294805371695292,38.0,36.94781819788431,0.028749570247017932,0.3306151157552875,0.0008265377893882188,0.03547023299669935,0.019838866888527592
AVMD,IMF4,background_dynamic_mode,54.08118915159944,114,11400,11799,57.0,58.995,58.0,stable_43deg,stable_43deg,0.0,42.90012709903087,0.08294805371695292,54.0,52.48328867319189,0.021471899073870787,0.18441697993539724,0.0004610424498384931,0.02759111174588986,0.01268069119579861
AVMD,IMF5,background_dynamic_mode,59.97479137691238,114,11400,11799,57.0,58.995,58.0,stable_43deg,stable_43deg,0.0,42.90012709903087,0.08294805371695292,60.0,61.63736614982842,0.022560373255855786,0.2035881765774132,0.0005089704414435331,0.028977593092306412,0.013411777929469742
AVMD,IMF6,background_dynamic_mode,80.04607093184978,114,11400,11799,57.0,58.995,58.0,stable_43deg,stable_43deg,0.0,42.90012709903087,0.08294805371695292,80.0,79.69064730946145,0.04577736413403328,0.8382268268239504,0.0020955670670598763,0.05957783210595695,0.025518743627903632
AVMD,IMF7,background_dynamic_mode,90.29468011126563,114,11400,11799,57.0,58.995,58.0,stable_43deg,stable_43deg,0.0,42.90012709903087,0.08294805371695292,91.5,91.33718100920174,0.017279983695669857,0.11943913460904643,0.00029859783652261604,0.021821946054079392,0.01079232047403799
AVMD,IMF1,angle_position_mode,0.008692628650904,115,11500,11899,57.5,59.495,58.5,stable_43deg,stable_43deg,0.0,42.86027843514623,0.07669997380577595,,,0.12830239691831447,6.584602021993884,0.016461505054984713,0.13364667087143325,0.024929358404742065
AVMD,IMF2,background_dynamic_mode,17.793810848400554,115,11500,11899,57.5,59.495,58.5,stable_43deg,stable_43deg,0.0,42.86027843514623,0.07669997380577595,18.0,17.63462839064236,0.10691035774034663,4.571929836867557,0.011429824592168894,0.14303219694727265,0.04984451728813141
AVMD,IMF3,background_dynamic_mode,39.90785813630041,115,11500,11899,57.5,59.495,58.5,stable_43deg,stable_43deg,0.0,42.86027843514623,0.07669997380577595,38.0,36.467571876754114,0.030824001868137434,0.380047636466776,0.0009501190911669399,0.03832264745554811,0.020743779027866206
AVMD,IMF4,background_dynamic_mode,54.08118915159944,115,11500,11899,57.5,59.495,58.5,stable_43deg,stable_43deg,0.0,42.86027843514623,0.07669997380577595,54.0,52.19149961256328,0.02163034853139954,0.1871487910359273,0.00046787197758981825,0.027902275249078137,0.012550739634743376
AVMD,IMF5,background_dynamic_mode,59.97479137691238,115,11500,11899,57.5,59.495,58.5,stable_43deg,stable_43deg,0.0,42.86027843514623,0.07669997380577595,60.0,61.63008550113402,0.02405817493616846,0.23151831250371377,0.0005787957812592844,0.031335255103713607,0.013302915984211882
AVMD,IMF6,background_dynamic_mode,80.04607093184978,115,11500,11899,57.5,59.495,58.5,stable_43deg,stable_43deg,0.0,42.86027843514623,0.07669997380577595,80.0,79.67087194363262,0.045047719648786066,0.8117188182222506,0.0020292970455556263,0.05876921382338827,0.024652215194229478
AVMD,IMF7,background_dynamic_mode,90.29468011126563,115,11500,11899,57.5,59.495,58.5,stable_43deg,stable_43deg,0.0,42.86027843514623,0.07669997380577595,91.5,91.86385431372888,0.015614496083866475,0.09752499518123259,0.00024381248795308147,0.019800571571507955,0.010381762206630193
AVMD,IMF1,angle_position_mode,0.008692628650904,116,11600,11999,58.0,59.995,59.0,stable_43deg,stable_43deg,0.0,42.82624925843747,0.06396737799439799,,,0.12915836822000226,6.672753632501475,0.01668188408125369,0.13235599787859936,0.028887111499602706
AVMD,IMF2,background_dynamic_mode,17.793810848400554,116,11600,11999,58.0,59.995,59.0,stable_43deg,stable_43deg,0.0,42.82624925843747,0.06396737799439799,18.0,17.82457158975477,0.1139523294208834,5.194053352178211,0.012985133380445529,0.15265156928264065,0.05101459745667952
AVMD,IMF3,background_dynamic_mode,39.90785813630041,116,11600,11999,58.0,59.995,59.0,stable_43deg,stable_43deg,0.0,42.82624925843747,0.06396737799439799,38.0,35.778771990223866,0.029661677488130856,0.35192604456395554,0.0008798151114098888,0.03652890691873997,0.02082676701207073
AVMD,IMF4,background_dynamic_mode,54.08118915159944,116,11600,11999,58.0,59.995,59.0,stable_43deg,stable_43deg,0.0,42.82624925843747,0.06396737799439799,53.5,52.82707805584482,0.0209135387436231,0.17495044111240976,0.0004373761027810244,0.026607474930264146,0.013015641663936723
AVMD,IMF5,background_dynamic_mode,59.97479137691238,116,11600,11999,58.0,59.995,59.0,stable_43deg,stable_43deg,0.0,42.82624925843747,0.06396737799439799,60.0,62.01027672297485,0.02453497403781798,0.2407859804145609,0.0006019649510364023,0.03192489227514633,0.013711380560057954
AVMD,IMF6,background_dynamic_mode,80.04607093184978,116,11600,11999,58.0,59.995,59.0,stable_43deg,stable_43deg,0.0,42.82624925843747,0.06396737799439799,80.0,79.56375136757576,0.04280504571920015,0.732908775609126,0.0018322719390228151,0.0557419186629569,0.023755655490328736
AVMD,IMF7,background_dynamic_mode,90.29468011126563,116,11600,11999,58.0,59.995,59.0,stable_43deg,stable_43deg,0.0,42.82624925843747,0.06396737799439799,93.5,92.00908119591192,0.016935189722820803,0.11472026037917413,0.00028680065094793534,0.020823670953375693,0.011755088291746011
AVMD,IMF1,angle_position_mode,0.008692628650904,117,11700,12099,58.5,60.495,59.5,stable_43deg,stable_43deg,0.0,42.80181501851199,0.047723469071304474,,,0.12968314607554254,6.727087350420202,0.016817718376050506,0.1320101564510633,0.0355210829479972
AVMD,IMF2,background_dynamic_mode,17.793810848400554,117,11700,12099,58.5,60.495,59.5,stable_43deg,stable_43deg,0.0,42.80181501851199,0.047723469071304474,18.0,17.83726300608772,0.11360337370303937,5.162290606684968,0.012905726516712419,0.15017346595215464,0.05686466598276787
AVMD,IMF3,background_dynamic_mode,39.90785813630041,117,11700,12099,58.5,60.495,59.5,stable_43deg,stable_43deg,0.0,42.80181501851199,0.047723469071304474,35.0,36.26297447518311,0.028079379060517218,0.3153806113696851,0.0007884515284242127,0.03476695233750535,0.019179293498915277
AVMD,IMF4,background_dynamic_mode,54.08118915159944,117,11700,12099,58.5,60.495,59.5,stable_43deg,stable_43deg,0.0,42.80181501851199,0.047723469071304474,53.5,52.05612636013305,0.018802751553255732,0.14141738638938434,0.0003535434659734608,0.023728473455956946,0.012048189031560422
AVMD,IMF5,background_dynamic_mode,59.97479137691238,117,11700,12099,58.5,60.495,59.5,stable_43deg,stable_43deg,0.0,42.80181501851199,0.047723469071304474,60.0,61.8046258093171,0.02443419002607725,0.23881185689218112,0.0005970296422304529,0.032071726959808006,0.012897429784271587
AVMD,IMF6,background_dynamic_mode,80.04607093184978,117,11700,12099,58.5,60.495,59.5,stable_43deg,stable_43deg,0.0,42.80181501851199,0.047723469071304474,80.0,79.52671555902545,0.04246865760633205,0.7214347515535459,0.0018035868788838646,0.05627946252540203,0.02108616119567198
AVMD,IMF7,background_dynamic_mode,90.29468011126563,117,11700,12099,58.5,60.495,59.5,stable_43deg,stable_43deg,0.0,42.80181501851199,0.047723469071304474,96.0,93.27183924753876,0.01656989862374135,0.10982461616042619,0.00027456154040106547,0.020807931387973787,0.011431583917148633
AVMD,IMF1,angle_position_mode,0.008692628650904,118,11800,12199,59.0,60.995,60.0,stable_43deg,stable_43deg,0.0,42.7899249248713,0.03579514546487731,,,0.12472941857475929,6.222971143199003,0.015557427857997509,0.1277359825442687,0.033607737937301166
AVMD,IMF2,background_dynamic_mode,17.793810848400554,118,11800,12199,59.0,60.995,60.0,stable_43deg,stable_43deg,0.0,42.7899249248713,0.03579514546487731,18.0,17.58827970229857,0.11610993312753004,5.3926066283518,0.013481516570879499,0.15451741300760252,0.055051681867767155
AVMD,IMF3,background_dynamic_mode,39.90785813630041,118,11800,12199,59.0,60.995,60.0,stable_43deg,stable_43deg,0.0,42.7899249248713,0.03579514546487731,34.5,35.98562796079618,0.031054061104383236,0.3857418844299071,0.0009643547110747677,0.03828603158091374,0.021545692790257098
AVMD,IMF4,background_dynamic_mode,54.08118915159944,118,11800,12199,59.0,60.995,60.0,stable_43deg,stable_43deg,0.0,42.7899249248713,0.03579514546487731,53.5,51.98919460113617,0.020314139129081484,0.16506569942227176,0.0004126642485556794,0.025395559200676085,0.01335558920950624
AVMD,IMF5,background_dynamic_mode,59.97479137691238,118,11800,12199,59.0,60.995,60.0,stable_43deg,stable_43deg,0.0,42.7899249248713,0.03579514546487731,60.0,60.69871237297044,0.02606837014921122,0.27182396889451466,0.0006795599222362866,0.03349793802864708,0.015419148063051395
AVMD,IMF6,background_dynamic_mode,80.04607093184978,118,11800,12199,59.0,60.995,60.0,stable_43deg,stable_43deg,0.0,42.7899249248713,0.03579514546487731,80.0,79.7757750373276,0.041050004207760345,0.6740411381828568,0.001685102845457142,0.05458217543623864,0.019795996958038912
AVMD,IMF7,background_dynamic_mode,90.29468011126563,118,11800,12199,59.0,60.995,60.0,stable_43deg,stable_43deg,0.0,42.7899249248713,0.03579514546487731,91.5,93.75014106853178,0.0171806400614215,0.11806975716804854,0.00029517439292012134,0.021847467825871617,0.010699065716941156
AVMD,IMF1,angle_position_mode,0.008692628650904,119,11900,12299,59.5,61.495,60.5,stable_43deg,stable_43deg,0.0,42.792551321078406,0.04192796331248892,,,0.1276808202994145,6.520956748932551,0.016302391872331377,0.13066557465585532,0.03349826258694142
AVMD,IMF2,background_dynamic_mode,17.793810848400554,119,11900,12299,59.5,61.495,60.5,stable_43deg,stable_43deg,0.0,42.792551321078406,0.04192796331248892,18.0,17.434113763122216,0.12153646227956953,5.908444665373291,0.014771111663433227,0.16265995268657185,0.05382069680215
AVMD,IMF3,background_dynamic_mode,39.90785813630041,119,11900,12299,59.5,61.495,60.5,stable_43deg,stable_43deg,0.0,42.792551321078406,0.04192796331248892,34.0,36.426600552625494,0.03190955001721376,0.4072877529204267,0.0010182193823010668,0.038516539413964546,0.02359849082055027
AVMD,IMF4,background_dynamic_mode,54.08118915159944,119,11900,12299,59.5,61.495,60.5,stable_43deg,stable_43deg,0.0,42.792551321078406,0.04192796331248892,54.0,52.000266852503046,0.01969169066694219,0.1551050725290153,0.0003877626813225382,0.024317632598306264,0.013574270574397836
AVMD,IMF5,background_dynamic_mode,59.97479137691238,119,11900,12299,59.5,61.495,60.5,stable_43deg,stable_43deg,0.0,42.792551321078406,0.04192796331248892,60.0,60.71284467192386,0.027668381559268422,0.30621573524370593,0.0007655393381092648,0.035148619230041867,0.017193877739415782
AVMD,IMF6,background_dynamic_mode,80.04607093184978,119,11900,12299,59.5,61.495,60.5,stable_43deg,stable_43deg,0.0,42.792551321078406,0.04192796331248892,80.0,79.72219594847313,0.04243911413223245,0.7204313633314607,0.001801078408328652,0.0561583014259962,0.021491575940832078
AVMD,IMF7,background_dynamic_mode,90.29468011126563,119,11900,12299,59.5,61.495,60.5,stable_43deg,stable_43deg,0.0,42.792551321078406,0.04192796331248892,91.5,92.22373807082653,0.0185982646143347,0.1383581786659257,0.0003458954466648143,0.024272453745084827,0.009883278919219723
AVMD,IMF1,angle_position_mode,0.008692628650904,120,12000,12399,60.0,61.995,61.0,stable_43deg,stable_43deg,0.0,42.81064160995853,0.06326456201666877,,,0.1274579950668712,6.498216202586625,0.016245540506466562,0.13014963737336402,0.0324856673317883
AVMD,IMF2,background_dynamic_mode,17.793810848400554,120,12000,12399,60.0,61.995,61.0,stable_43deg,stable_43deg,0.0,42.81064160995853,0.06326456201666877,18.0,17.76231027909627,0.11549621804300361,5.3357505528948135,0.013339376382237034,0.15490461430619767,0.052671656216539194
AVMD,IMF3,background_dynamic_mode,39.90785813630041,120,12000,12399,60.0,61.995,61.0,stable_43deg,stable_43deg,0.0,42.81064160995853,0.06326456201666877,36.0,37.763524704387386,0.031438935817524515,0.3953626741353704,0.000988406685338426,0.03763481413685125,0.02358923702584055
AVMD,IMF4,background_dynamic_mode,54.08118915159944,120,12000,12399,60.0,61.995,61.0,stable_43deg,stable_43deg,0.0,42.81064160995853,0.06326456201666877,54.0,52.895731461843965,0.019114508095153766,0.14614576788787953,0.00036536441971969885,0.023798555185708992,0.012756443494622516
AVMD,IMF5,background_dynamic_mode,59.97479137691238,120,12000,12399,60.0,61.995,61.0,stable_43deg,stable_43deg,0.0,42.81064160995853,0.06326456201666877,60.0,60.96398377492933,0.028067665780357354,0.31511754494313726,0.0007877938623578432,0.03555923354469856,0.017620955346876143
AVMD,IMF6,background_dynamic_mode,80.04607093184978,120,12000,12399,60.0,61.995,61.0,stable_43deg,stable_43deg,0.0,42.81064160995853,0.06326456201666877,80.0,79.49675794541652,0.04551244660410797,0.8285531183567116,0.002071382795891779,0.0604630864878609,0.022235030887401863
AVMD,IMF7,background_dynamic_mode,90.29468011126563,120,12000,12399,60.0,61.995,61.0,stable_43deg,stable_43deg,0.0,42.81064160995853,0.06326456201666877,92.0,92.56290201365591,0.01877191964151084,0.14095398681093615,0.0003523849670273404,0.025057894266402158,0.009011378563038698
AVMD,IMF1,angle_position_mode,0.008692628650904,121,12100,12499,60.5,62.495,61.5,stable_43deg,stable_43deg,0.0,42.844162483347716,0.08883060103827455,,,0.13144179069656337,6.910777736607668,0.01727694434151917,0.13374104162542394,0.028292395086599007
AVMD,IMF2,background_dynamic_mode,17.793810848400554,121,12100,12499,60.5,62.495,61.5,stable_43deg,stable_43deg,0.0,42.844162483347716,0.08883060103827455,17.5,17.780779714827034,0.11093126645134281,4.922298350599526,0.012305745876498814,0.14899464285585493,0.04942251483116952
AVMD,IMF3,background_dynamic_mode,39.90785813630041,121,12100,12499,60.5,62.495,61.5,stable_43deg,stable_43deg,0.0,42.844162483347716,0.08883060103827455,35.5,36.990711601522875,0.031861539352662,0.4060630759684917,0.0010151576899212293,0.03919805964300111,0.022212146147284943
AVMD,IMF4,background_dynamic_mode,54.08118915159944,121,12100,12499,60.5,62.495,61.5,stable_43deg,stable_43deg,0.0,42.844162483347716,0.08883060103827455,54.0,52.06661508797643,0.020198169956672146,0.1631864278394453,0.0004079660695986133,0.025398203200901488,0.01307974304313645
AVMD,IMF5,background_dynamic_mode,59.97479137691238,121,12100,12499,60.5,62.495,61.5,stable_43deg,stable_43deg,0.0,42.844162483347716,0.08883060103827455,60.0,60.95460751819818,0.02831867241148874,0.32077888285968537,0.0008019472071492134,0.0356924898629002,0.01815689682307192
AVMD,IMF6,background_dynamic_mode,80.04607093184978,121,12100,12499,60.5,62.495,61.5,stable_43deg,stable_43deg,0.0,42.844162483347716,0.08883060103827455,80.0,79.79110992374282,0.047422071364254303,0.8995411409905713,0.002248852852476428,0.06310281102745625,0.022697017972715627
AVMD,IMF7,background_dynamic_mode,90.29468011126563,121,12100,12499,60.5,62.495,61.5,stable_43deg,stable_43deg,0.0,42.844162483347716,0.08883060103827455,92.0,92.60486162768898,0.020908063080049055,0.17485884070372415,0.0004371471017593104,0.027339455552048184,0.011086427381424999
AVMD,IMF1,angle_position_mode,0.008692628650904,122,12200,12599,61.0,62.995,62.0,stable_43deg,stable_43deg,0.0,42.891599281273045,0.10689483259156318,,,0.13137015942012378,6.9032475144274965,0.01725811878606874,0.1330060839487425,0.031261318682814836
AVMD,IMF2,background_dynamic_mode,17.793810848400554,122,12200,12599,61.0,62.995,62.0,stable_43deg,stable_43deg,0.0,42.891599281273045,0.10689483259156318,18.0,17.888778288243813,0.12125873695735681,5.8814725153973795,0.01470368128849345,0.16392172476824193,0.05063246158602987
AVMD,IMF3,background_dynamic_mode,39.90785813630041,122,12200,12599,61.0,62.995,62.0,stable_43deg,stable_43deg,0.0,42.891599281273045,0.10689483259156318,37.5,36.47976794700402,0.030392672251629414,0.36948581063798586,0.0009237145265949646,0.03856301736168152,0.018970917962614173
AVMD,IMF4,background_dynamic_mode,54.08118915159944,122,12200,12599,61.0,62.995,62.0,stable_43deg,stable_43deg,0.0,42.891599281273045,0.10689483259156318,54.0,52.20395864389917,0.021183283995921735,0.17949260834074954,0.00044873152085187385,0.026710744496702268,0.01362711383935545
AVMD,IMF5,background_dynamic_mode,59.97479137691238,122,12200,12599,61.0,62.995,62.0,stable_43deg,stable_43deg,0.0,42.891599281273045,0.10689483259156318,60.0,60.69235692214711,0.02730622599004105,0.2982519911276773,0.0007456299778191933,0.03428742496782878,0.017722857965174386
AVMD,IMF6,background_dynamic_mode,80.04607093184978,122,12200,12599,61.0,62.995,62.0,stable_43deg,stable_43deg,0.0,42.891599281273045,0.10689483259156318,80.0,79.94998529693913,0.047133916366557706,0.8886424288198624,0.0022216060720496563,0.06262534317930046,0.022835083386967894
AVMD,IMF7,background_dynamic_mode,90.29468011126563,122,12200,12599,61.0,62.995,62.0,stable_43deg,stable_43deg,0.0,42.891599281273045,0.10689483259156318,92.0,92.00632524941527,0.02256004324455856,0.2035822204785409,0.0005089555511963523,0.0289916475244814,0.013467399616702782
AVMD,IMF1,angle_position_mode,0.008692628650904,123,12300,12699,61.5,63.495,62.5,stable_43deg,stable_43deg,0.0,42.93764488807905,0.10118241573250107,,,0.132613642864178,7.034551309483101,0.01758637827370775,0.13362423150355307,0.030376747469184083
AVMD,IMF2,background_dynamic_mode,17.793810848400554,123,12300,12699,61.5,63.495,62.5,stable_43deg,stable_43deg,0.0,42.93764488807905,0.10118241573250107,18.0,17.732275787051964,0.12241766784733554,5.9944341604722275,0.01498608540118057,0.16549920702940263,0.0512715061783272
AVMD,IMF3,background_dynamic_mode,39.90785813630041,123,12300,12699,61.5,63.495,62.5,stable_43deg,stable_43deg,0.0,42.93764488807905,0.10118241573250107,37.5,36.81767610020639,0.0281496474174955,0.3169610598917244,0.000792402649729311,0.03667164638934434,0.015444126106318661
AVMD,IMF4,background_dynamic_mode,54.08118915159944,123,12300,12699,61.5,63.495,62.5,stable_43deg,stable_43deg,0.0,42.93764488807905,0.10118241573250107,54.0,52.448518719045445,0.022853187457331108,0.20890727078396637,0.0005222681769599159,0.029262659645778184,0.013718914423931477
AVMD,IMF5,background_dynamic_mode,59.97479137691238,123,12300,12699,61.5,63.495,62.5,stable_43deg,stable_43deg,0.0,42.93764488807905,0.10118241573250107,60.0,61.17571702463128,0.02645661864629897,0.2799810680782777,0.0006999526701956943,0.033748360161990974,0.01611403127721902
AVMD,IMF6,background_dynamic_mode,80.04607093184978,123,12300,12699,61.5,63.495,62.5,stable_43deg,stable_43deg,0.0,42.93764488807905,0.10118241573250107,80.0,79.6744181942289,0.04733544967255496,0.8962579182811932,0.002240644795702983,0.0635139481716863,0.020677100209470396
AVMD,IMF7,background_dynamic_mode,90.29468011126563,123,12300,12699,61.5,63.495,62.5,stable_43deg,stable_43deg,0.0,42.93764488807905,0.10118241573250107,92.0,91.96672865712874,0.023326177320883552,0.21764421936212086,0.0005441105484053022,0.029446851201643347,0.014453905038694098
AVMD,IMF1,angle_position_mode,0.008692628650904,124,12400,12799,62.0,63.995,63.0,stable_43deg,stable_43deg,0.0,42.97324034716488,0.08832431184385199,,,0.13216216612289466,6.986735261718243,0.017466838154295606,0.13281236833125531,0.02927828674871493
AVMD,IMF2,background_dynamic_mode,17.793810848400554,124,12400,12799,62.0,63.995,63.0,stable_43deg,stable_43deg,0.0,42.97324034716488,0.08832431184385199,17.5,17.681107139896216,0.1157325704158756,5.357611142026242,0.013394027855065604,0.15372760249673448,0.055930200738348604
AVMD,IMF3,background_dynamic_mode,39.90785813630041,124,12400,12799,62.0,63.995,63.0,stable_43deg,stable_43deg,0.0,42.97324034716488,0.08832431184385199,39.5,37.20963924504571,0.029621171240202672,0.35096551425656397,0.00087741378564141,0.03870192763023967,0.01605477695913616
AVMD,IMF4,background_dynamic_mode,54.08118915159944,124,12400,12799,62.0,63.995,63.0,stable_43deg,stable_43deg,0.0,42.97324034716488,0.08832431184385199,53.5,52.82863893984185,0.02256918591341218,0.20374726111766517,0.0005093681527941629,0.028887456126219454,0.013545149558350832
AVMD,IMF5,background_dynamic_mode,59.97479137691238,124,12400,12799,62.0,63.995,63.0,stable_43deg,stable_43deg,0.0,42.97324034716488,0.08832431184385199,60.0,60.81176027000418,0.026292156085239958,0.2765109886442482,0.0006912774716106206,0.034108548217538365,0.014816107623570836
AVMD,IMF6,background_dynamic_mode,80.04607093184978,124,12400,12799,62.0,63.995,63.0,stable_43deg,stable_43deg,0.0,42.97324034716488,0.08832431184385199,80.0,79.94376933167726,0.04770526580259008,0.9103169541183083,0.0022757923852957706,0.06443308540429313,0.01936160608262167
AVMD,IMF7,background_dynamic_mode,90.29468011126563,124,12400,12799,62.0,63.995,63.0,stable_43deg,stable_43deg,0.0,42.97324034716488,0.08832431184385199,93.0,92.43990810544547,0.022413532434813154,0.20094657448256853,0.0005023664362064213,0.02817581191950072,0.014433117483697029
AVMD,IMF1,angle_position_mode,0.008692628650904,125,12500,12899,62.5,64.495,63.5,stable_43deg,stable_43deg,0.0,42.99483588183661,0.06235047483142797,,,0.12822368317638685,6.576525170927372,0.01644131292731843,0.1287330803064105,0.030326831802677708
AVMD,IMF2,background_dynamic_mode,17.793810848400554,125,12500,12899,62.5,64.495,63.5,stable_43deg,stable_43deg,0.0,42.99483588183661,0.06235047483142797,18.0,17.754570193390993,0.1136244355187952,5.1642049387859394,0.012910512346964848,0.1499414732040504,0.05756490867815058
AVMD,IMF3,background_dynamic_mode,39.90785813630041,125,12500,12899,62.5,64.495,63.5,stable_43deg,stable_43deg,0.0,42.99483588183661,0.06235047483142797,40.0,36.61253939526754,0.028683921234085728,0.32910693494529364,0.0008227673373632341,0.03670847265822101,0.01728646617934055
AVMD,IMF4,background_dynamic_mode,54.08118915159944,125,12500,12899,62.5,64.495,63.5,stable_43deg,stable_43deg,0.0,42.99483588183661,0.06235047483142797,52.0,52.053919728183466,0.02154483153031138,0.18567190626779972,0.0004641797656694993,0.026340198277410732,0.015279130118718136
AVMD,IMF5,background_dynamic_mode,59.97479137691238,125,12500,12899,62.5,64.495,63.5,stable_43deg,stable_43deg,0.0,42.99483588183661,0.06235047483142797,60.0,60.6709440905142,0.02649048941866911,0.280698411856248,0.00070174602964062,0.0342197085894169,0.015199116406332706
AVMD,IMF6,background_dynamic_mode,80.04607093184978,125,12500,12899,62.5,64.495,63.5,stable_43deg,stable_43deg,0.0,42.99483588183661,0.06235047483142797,80.0,80.06017481045511,0.045682138145185125,0.8347430982063112,0.002086857745515778,0.0620165777415637,0.017662275917758954
AVMD,IMF7,background_dynamic_mode,90.29468011126563,125,12500,12899,62.5,64.495,63.5,stable_43deg,stable_43deg,0.0,42.99483588183661,0.06235047483142797,92.5,92.72075576999285,0.022685597438395176,0.2058545324547687,0.0005146363311369218,0.02821135101022438,0.01493943413535211
AVMD,IMF1,angle_position_mode,0.008692628650904,126,12600,12999,63.0,64.995,64.0,stable_43deg,stable_43deg,0.0,43.0,0.0,,,0.1255381390695134,6.303929744414592,0.01575982436103648,0.12571531242190853,0.02947676720381991
AVMD,IMF2,background_dynamic_mode,17.793810848400554,126,12600,12999,63.0,64.995,64.0,stable_43deg,stable_43deg,0.0,43.0,0.0,18.0,18.07854394067333,0.10108292099031081,4.087102766373367,0.010217756915933417,0.13466893521482454,0.04633374035717491
AVMD,IMF3,background_dynamic_mode,39.90785813630041,126,12600,12999,63.0,64.995,64.0,stable_43deg,stable_43deg,0.0,43.0,0.0,39.0,36.969482086937276,0.029564235583557863,0.34961761025604354,0.0008740440256401089,0.038008086661276926,0.017465742866456132
AVMD,IMF4,background_dynamic_mode,54.08118915159944,126,12600,12999,63.0,64.995,64.0,stable_43deg,stable_43deg,0.0,43.0,0.0,54.0,51.586412094670365,0.02003210175239204,0.16051404024727534,0.00040128510061818835,0.024491493459157142,0.014265262894165326
AVMD,IMF5,background_dynamic_mode,59.97479137691238,126,12600,12999,63.0,64.995,64.0,stable_43deg,stable_43deg,0.0,43.0,0.0,60.0,60.67795863055447,0.025262475759071663,0.25527707259107335,0.0006381926814776834,0.03283947934208471,0.014091219206672386
AVMD,IMF6,background_dynamic_mode,80.04607093184978,126,12600,12999,63.0,64.995,64.0,stable_43deg,stable_43deg,0.0,43.0,0.0,80.0,79.91455988252328,0.046786697299867584,0.8755980176917748,0.002188995044229437,0.06395060656545307,0.016515648439187184
AVMD,IMF7,background_dynamic_mode,90.29468011126563,126,12600,12999,63.0,64.995,64.0,stable_43deg,stable_43deg,0.0,43.0,0.0,92.0,91.92072835713823,0.021576818383732824,0.18622363662583633,0.0004655590915645908,0.027322925846180943,0.013574679937914794
AVMD,IMF1,angle_position_mode,0.008692628650904,127,12700,13099,63.5,65.495,64.5,stable_43deg,stable_43deg,0.0,43.0,0.0,,,0.12194693979711416,5.9484224503523935,0.014871056125880983,0.12249779558609798,0.03095335070370959
AVMD,IMF2,background_dynamic_mode,17.793810848400554,127,12700,13099,63.5,65.495,64.5,stable_43deg,stable_43deg,0.0,43.0,0.0,18.0,17.9852158063944,0.1053485476155794,4.4393265938848,0.011098316484712,0.14017463415664685,0.05159105259030088
AVMD,IMF3,background_dynamic_mode,39.90785813630041,127,12700,13099,63.5,65.495,64.5,stable_43deg,stable_43deg,0.0,43.0,0.0,39.5,37.80649745536124,0.029823903782608525,0.3557860947337164,0.0008894652368342911,0.038476774561612935,0.0173368280939954
AVMD,IMF4,background_dynamic_mode,54.08118915159944,127,12700,13099,63.5,65.495,64.5,stable_43deg,stable_43deg,0.0,43.0,0.0,54.0,52.21228441595446,0.01887845828480427,0.142558474884438,0.000356396187211095,0.023098294399990237,0.013392611810431913
AVMD,IMF5,background_dynamic_mode,59.97479137691238,127,12700,13099,63.5,65.495,64.5,stable_43deg,stable_43deg,0.0,43.0,0.0,60.0,61.30466281669088,0.023671911055040438,0.2241437491990983,0.0005603593729977457,0.030731951666359683,0.013253626873477224
AVMD,IMF6,background_dynamic_mode,80.04607093184978,127,12700,13099,63.5,65.495,64.5,stable_43deg,stable_43deg,0.0,43.0,0.0,80.0,79.81736610559213,0.04679244429154787,0.8758131371110442,0.002189532842777611,0.06260068328152109,0.021369894795387492
AVMD,IMF7,background_dynamic_mode,90.29468011126563,127,12700,13099,63.5,65.495,64.5,stable_43deg,stable_43deg,0.0,43.0,0.0,92.0,91.3579770966916,0.020040368049550047,0.16064654062457054,0.00040161635156142633,0.025174567139324856,0.01356401807755969
AVMD,IMF1,angle_position_mode,0.008692628650904,128,12800,13199,64.0,65.995,65.0,stable_43deg,stable_43deg,0.0,43.0,0.0,,,0.12748823223760244,6.501299743627541,0.016253249359068852,0.12797083328999284,0.03426932401664215
AVMD,IMF2,background_dynamic_mode,17.793810848400554,128,12800,13199,64.0,65.995,65.0,stable_43deg,stable_43deg,0.0,43.0,0.0,18.0,17.79277681950331,0.1173779643222154,5.5110346033709074,0.013777586508427269,0.1574877399422193,0.05212096507359641
AVMD,IMF3,background_dynamic_mode,39.90785813630041,128,12800,13199,64.0,65.995,65.0,stable_43deg,stable_43deg,0.0,43.0,0.0,39.0,37.72308763319659,0.03292511247458192,0.433625212585548,0.00108406303146387,0.04218925272814184,0.019808263275393263
AVMD,IMF4,background_dynamic_mode,54.08118915159944,128,12800,13199,64.0,65.995,65.0,stable_43deg,stable_43deg,0.0,43.0,0.0,54.5,52.87524564508033,0.01962975973159909,0.15413098684812368,0.0003853274671203092,0.024188871654745633,0.013575726469700617
AVMD,IMF5,background_dynamic_mode,59.97479137691238,128,12800,13199,64.0,65.995,65.0,stable_43deg,stable_43deg,0.0,43.0,0.0,60.0,61.58062314782022,0.024161176493518944,0.23350497982038892,0.0005837624495509723,0.03155926872620763,0.013015028020097777
AVMD,IMF6,background_dynamic_mode,80.04607093184978,128,12800,13199,64.0,65.995,65.0,stable_43deg,stable_43deg,0.0,43.0,0.0,80.0,79.89627389115627,0.04445550777898137,0.7905168687548292,0.001976292171887073,0.05984947030274164,0.019464079864609993
AVMD,IMF7,background_dynamic_mode,90.29468011126563,128,12800,13199,64.0,65.995,65.0,stable_43deg,stable_43deg,0.0,43.0,0.0,92.0,91.4503165866094,0.021543999101754117,0.1856575589185529,0.00046414389729638225,0.026975783125802896,0.014517276931739596
AVMD,IMF1,angle_position_mode,0.008692628650904,129,12900,13299,64.5,66.495,65.5,stable_43deg,stable_43deg,0.0,43.0,0.0,,,0.13195204336627067,6.964536699413669,0.017411341748534172,0.13260331876046771,0.033862038790660284
AVMD,IMF2,background_dynamic_mode,17.793810848400554,129,12900,13299,64.5,66.495,65.5,stable_43deg,stable_43deg,0.0,43.0,0.0,17.5,17.77831078794184,0.13350025094168902,7.1289268005975766,0.01782231700149394,0.18313074995054118,0.044903045798275656
AVMD,IMF3,background_dynamic_mode,39.90785813630041,129,12900,13299,64.5,66.495,65.5,stable_43deg,stable_43deg,0.0,43.0,0.0,38.0,38.135457629793834,0.03605607974133043,0.5200163545252714,0.0013000408863131786,0.04736033343531311,0.01902951512677364
AVMD,IMF4,background_dynamic_mode,54.08118915159944,129,12900,13299,64.5,66.495,65.5,stable_43deg,stable_43deg,0.0,43.0,0.0,55.0,52.56464594090906,0.02225956816949866,0.1981953500370231,0.0004954883750925578,0.028825414973236114,0.012668850485092373
AVMD,IMF5,background_dynamic_mode,59.97479137691238,129,12900,13299,64.5,66.495,65.5,stable_43deg,stable_43deg,0.0,43.0,0.0,60.0,61.010577642829546,0.02193375937134762,0.19243592006407179,0.00048108980016017946,0.028939092569229746,0.011238204812750752
AVMD,IMF6,background_dynamic_mode,80.04607093184978,129,12900,13299,64.5,66.495,65.5,stable_43deg,stable_43deg,0.0,43.0,0.0,80.0,79.82297799190736,0.04238961893025104,0.7187519172207588,0.001796879793051897,0.05567833875043857,0.022334814684067724
AVMD,IMF7,background_dynamic_mode,90.29468011126563,129,12900,13299,64.5,66.495,65.5,stable_43deg,stable_43deg,0.0,43.0,0.0,90.5,92.89342625309133,0.020485341556030892,0.1678596874668985,0.0004196492186672462,0.025814641652832312,0.013357943130053363
AVMD,IMF1,angle_position_mode,0.008692628650904,130,13000,13399,65.0,66.995,66.0,stable_43deg,stable_43deg,0.0,43.0,0.0,,,0.14105456236359207,7.958555825433793,0.01989638956358448,0.14170934400892066,0.03122591471031737
AVMD,IMF2,background_dynamic_mode,17.793810848400554,130,13000,13399,65.0,66.995,66.0,stable_43deg,stable_43deg,0.0,43.0,0.0,17.5,17.817220972195692,0.14014833912771144,7.856622784102406,0.019641556960256015,0.19379827292514637,0.041918038475827535
AVMD,IMF3,background_dynamic_mode,39.90785813630041,130,13000,13399,65.0,66.995,66.0,stable_43deg,stable_43deg,0.0,43.0,0.0,40.0,38.10299369152691,0.035220505215675005,0.4961935950589561,0.0012404839876473902,0.04529571867556714,0.020689693458300424
AVMD,IMF4,background_dynamic_mode,54.08118915159944,130,13000,13399,65.0,66.995,66.0,stable_43deg,stable_43deg,0.0,43.0,0.0,53.5,52.98265446342893,0.022565188978784904,0.20367510145931028,0.0005091877536482757,0.029013764605833093,0.013279305919201238
AVMD,IMF5,background_dynamic_mode,59.97479137691238,130,13000,13399,65.0,66.995,66.0,stable_43deg,stable_43deg,0.0,43.0,0.0,60.0,60.86802764931817,0.021292358728126123,0.18134581608288347,0.00045336454020720866,0.027868194375331615,0.011333600720976963
AVMD,IMF6,background_dynamic_mode,80.04607093184978,130,13000,13399,65.0,66.995,66.0,stable_43deg,stable_43deg,0.0,43.0,0.0,80.0,79.45375274404866,0.042440931336096825,0.7204930610701141,0.0018012326526752854,0.05606996400223487,0.021657290349803432
AVMD,IMF7,background_dynamic_mode,90.29468011126563,130,13000,13399,65.0,66.995,66.0,stable_43deg,stable_43deg,0.0,43.0,0.0,94.0,93.6004158810238,0.019080899225185275,0.14563228609667042,0.0003640807152416761,0.02383692321723522,0.012658554825233587
AVMD,IMF1,angle_position_mode,0.008692628650904,131,13100,13499,65.5,67.495,66.5,stable_43deg,stable_43deg,0.0,43.0,0.0,,,0.1445903993212903,8.362553430356076,0.02090638357589019,0.1457065987416858,0.028989124465842356
AVMD,IMF2,background_dynamic_mode,17.793810848400554,131,13100,13499,65.5,67.495,66.5,stable_43deg,stable_43deg,0.0,43.0,0.0,17.5,17.77018613039747,0.1345002689433201,7.2361289383301735,0.018090322345825433,0.18632473178397752,0.03935430285895546
AVMD,IMF3,background_dynamic_mode,39.90785813630041,131,13100,13499,65.5,67.495,66.5,stable_43deg,stable_43deg,0.0,43.0,0.0,39.5,37.5149046870648,0.03483759855636298,0.4854633092697216,0.001213658273174304,0.04414149246948547,0.02185025162072639
AVMD,IMF4,background_dynamic_mode,54.08118915159944,131,13100,13499,65.5,67.495,66.5,stable_43deg,stable_43deg,0.0,43.0,0.0,53.5,52.90736703871421,0.024463909056082995,0.23939313852171984,0.0005984828463042997,0.031041324722246647,0.015269121185061265
AVMD,IMF5,background_dynamic_mode,59.97479137691238,131,13100,13499,65.5,67.495,66.5,stable_43deg,stable_43deg,0.0,43.0,0.0,62.0,62.05752335908426,0.021448648740780122,0.1840178131221475,0.00046004453280536873,0.02836159003658539,0.010798445326411395
AVMD,IMF6,background_dynamic_mode,80.04607093184978,131,13100,13499,65.5,67.495,66.5,stable_43deg,stable_43deg,0.0,43.0,0.0,80.0,79.63753242621102,0.04203334643544362,0.7067208850248083,0.0017668022125620208,0.05588762041368017,0.02048543989310391
AVMD,IMF7,background_dynamic_mode,90.29468011126563,131,13100,13499,65.5,67.495,66.5,stable_43deg,stable_43deg,0.0,43.0,0.0,86.5,92.09983977986334,0.01961564367092299,0.15390939064984843,0.0003847734766246211,0.024918668787361355,0.011826076203715043
AVMD,IMF1,angle_position_mode,0.008692628650904,132,13200,13599,66.0,67.995,67.0,stable_43deg,stable_43deg,0.0,43.0,0.0,,,0.13998650611210514,7.838488757389781,0.01959622189347445,0.14088940822240806,0.02832946314651168
AVMD,IMF2,background_dynamic_mode,17.793810848400554,132,13200,13599,66.0,67.995,67.0,stable_43deg,stable_43deg,0.0,43.0,0.0,18.0,17.746411176146463,0.12817427030652706,6.571457427444265,0.016428643568610665,0.17522941560069294,0.04693712549700166
AVMD,IMF3,background_dynamic_mode,39.90785813630041,132,13200,13599,66.0,67.995,67.0,stable_43deg,stable_43deg,0.0,43.0,0.0,39.0,36.84718022238486,0.03121917267883012,0.38985469710024523,0.000974636742750613,0.03957246924351826,0.019406559661453902
AVMD,IMF4,background_dynamic_mode,54.08118915159944,132,13200,13599,66.0,67.995,67.0,stable_43deg,stable_43deg,0.0,43.0,0.0,53.5,52.66027518143113,0.023695939660563815,0.22459902255883246,0.0005614975563970812,0.02949203341718996,0.016018776605582704
AVMD,IMF5,background_dynamic_mode,59.97479137691238,132,13200,13599,66.0,67.995,67.0,stable_43deg,stable_43deg,0.0,43.0,0.0,60.0,61.27127848510927,0.024058798179777196,0.23153030794210022,0.0005788257698552506,0.030825041198030173,0.014384038340923984
AVMD,IMF6,background_dynamic_mode,80.04607093184978,132,13200,13599,66.0,67.995,67.0,stable_43deg,stable_43deg,0.0,43.0,0.0,80.0,79.48122471472975,0.042918719055477575,0.7368065781452057,0.0018420164453630142,0.05658290747977054,0.022110947509062916
AVMD,IMF7,background_dynamic_mode,90.29468011126563,132,13200,13599,66.0,67.995,67.0,stable_43deg,stable_43deg,0.0,43.0,0.0,86.5,91.84079553921121,0.017687244429176283,0.125135446198971,0.00031283861549742746,0.0225598207621577,0.010503251892849732
AVMD,IMF1,angle_position_mode,0.008692628650904,133,13300,13699,66.5,68.495,67.5,stable_43deg,stable_43deg,0.0,43.0,0.0,,,0.13524753806257886,7.316758620795488,0.01829189655198872,0.13617299586411494,0.028065225394929668
AVMD,IMF2,background_dynamic_mode,17.793810848400554,133,13300,13699,66.5,68.495,67.5,stable_43deg,stable_43deg,0.0,43.0,0.0,18.0,17.755004419293034,0.10867935759670859,4.724481107053304,0.01181120276763326,0.14328784819011983,0.0566134238246729
AVMD,IMF3,background_dynamic_mode,39.90785813630041,133,13300,13699,66.5,68.495,67.5,stable_43deg,stable_43deg,0.0,43.0,0.0,38.0,37.15688036616037,0.026546270874591958,0.2818817989388837,0.0007047044973472093,0.03322140106114706,0.017335655622040997
AVMD,IMF4,background_dynamic_mode,54.08118915159944,133,13300,13699,66.5,68.495,67.5,stable_43deg,stable_43deg,0.0,43.0,0.0,51.5,52.15415342609526,0.02337180847394115,0.21849657253703497,0.0005462414313425875,0.028944561925625282,0.01592106965402762
AVMD,IMF5,background_dynamic_mode,59.97479137691238,133,13300,13699,66.5,68.495,67.5,stable_43deg,stable_43deg,0.0,43.0,0.0,60.0,60.50289093031095,0.027058833954109865,0.2928721979824356,0.0007321804949560889,0.03431937219486723,0.01677459138997871
AVMD,IMF6,background_dynamic_mode,80.04607093184978,133,13300,13699,66.5,68.495,67.5,stable_43deg,stable_43deg,0.0,43.0,0.0,80.0,79.6996256076447,0.04494565333898626,0.8080447016273307,0.0020201117540683267,0.0605444596853015,0.019641904076181396
AVMD,IMF7,background_dynamic_mode,90.29468011126563,133,13300,13699,66.5,68.495,67.5,stable_43deg,stable_43deg,0.0,43.0,0.0,91.0,91.52914949638262,0.017414259231874177,0.12130256983796601,0.000303256424594915,0.022485884755973753,0.010073385401085301
AVMD,IMF1,angle_position_mode,0.008692628650904,134,13400,13799,67.0,68.995,68.0,stable_43deg,stable_43deg,0.0,43.0,0.0,,,0.1290283467014526,6.659325701004102,0.016648314252510253,0.13014145426946533,0.02932756977991654
AVMD,IMF2,background_dynamic_mode,17.793810848400554,134,13400,13799,67.0,68.995,68.0,stable_43deg,stable_43deg,0.0,43.0,0.0,18.0,18.010223544919395,0.10093692346622206,4.075305007530387,0.010188262518825968,0.1304425040130749,0.05806713272238985
AVMD,IMF3,background_dynamic_mode,39.90785813630041,134,13400,13799,67.0,68.995,68.0,stable_43deg,stable_43deg,0.0,43.0,0.0,38.0,36.664452848593044,0.026364453884834778,0.2780337714582318,0.0006950844286455795,0.0332675868110444,0.016813673490135933
AVMD,IMF4,background_dynamic_mode,54.08118915159944,134,13400,13799,67.0,68.995,68.0,stable_43deg,stable_43deg,0.0,43.0,0.0,53.0,52.59525799524341,0.02275338114083837,0.2070865413361036,0.0005177163533402591,0.0283177172752476,0.015299691859595748
AVMD,IMF5,background_dynamic_mode,59.97479137691238,134,13400,13799,67.0,68.995,68.0,stable_43deg,stable_43deg,0.0,43.0,0.0,60.0,60.549824350279906,0.03084864252454468,0.3806554982428586,0.0009516387456071465,0.04028592669014037,0.016763660106093595
AVMD,IMF6,background_dynamic_mode,80.04607093184978,134,13400,13799,67.0,68.995,68.0,stable_43deg,stable_43deg,0.0,43.0,0.0,80.0,80.04007837392821,0.04400434996924949,0.774553126486475,0.0019363828162161875,0.05884015741350291,0.0204244672573797
AVMD,IMF7,background_dynamic_mode,90.29468011126563,134,13400,13799,67.0,68.995,68.0,stable_43deg,stable_43deg,0.0,43.0,0.0,91.0,92.10629054671328,0.018448965048642192,0.13614572454640847,0.0003403643113660212,0.02386312361528712,0.012189306163512185
AVMD,IMF1,angle_position_mode,0.008692628650904,135,13500,13899,67.5,69.495,68.5,stable_43deg,stable_43deg,0.0,43.0,0.0,,,0.12984143647094856,6.743519449935748,0.01685879862483937,0.13104787813775207,0.028426937807614534
AVMD,IMF2,background_dynamic_mode,17.793810848400554,135,13500,13899,67.5,69.495,68.5,stable_43deg,stable_43deg,0.0,43.0,0.0,18.0,17.814061477809872,0.09421121163499882,3.5503009590938146,0.008875752397734537,0.1209314635047497,0.05464312958276917
AVMD,IMF3,background_dynamic_mode,39.90785813630041,135,13500,13899,67.5,69.495,68.5,stable_43deg,stable_43deg,0.0,43.0,0.0,40.0,35.47594151110452,0.027904209190221272,0.3114579562126517,0.0007786448905316292,0.035336610663715476,0.017686097684841307
AVMD,IMF4,background_dynamic_mode,54.08118915159944,135,13500,13899,67.5,69.495,68.5,stable_43deg,stable_43deg,0.0,43.0,0.0,53.5,52.34867024033303,0.021833075826619832,0.1906732800203725,0.00047668320005093127,0.027982134519795414,0.01310151235503121
AVMD,IMF5,background_dynamic_mode,59.97479137691238,135,13500,13899,67.5,69.495,68.5,stable_43deg,stable_43deg,0.0,43.0,0.0,60.0,60.424929735972604,0.030023617413252372,0.3605670410309404,0.000901417602577351,0.0382428891994123,0.018443859115323844
AVMD,IMF6,background_dynamic_mode,80.04607093184978,135,13500,13899,67.5,69.495,68.5,stable_43deg,stable_43deg,0.0,43.0,0.0,80.0,80.00961387040707,0.043050898788276344,0.7413519545913654,0.0018533798864784135,0.05757621990292982,0.01974135737254275
AVMD,IMF7,background_dynamic_mode,90.29468011126563,135,13500,13899,67.5,69.495,68.5,stable_43deg,stable_43deg,0.0,43.0,0.0,90.0,92.99243212746468,0.020282842653526586,0.16455748244308696,0.0004113937061077174,0.025133274511064146,0.013127055684452589
AVMD,IMF1,angle_position_mode,0.008692628650904,136,13600,13999,68.0,69.995,69.0,stable_43deg,stable_43deg,0.0,43.0,0.0,,,0.13415010755794252,7.19850054312302,0.01799625135780755,0.13502191005360392,0.03325561484840921
AVMD,IMF2,background_dynamic_mode,17.793810848400554,136,13600,13999,68.0,69.995,69.0,stable_43deg,stable_43deg,0.0,43.0,0.0,17.5,17.88136796649945,0.09615045795495214,3.697964225978808,0.00924491056494702,0.1240137957595927,0.0547572747620259
AVMD,IMF3,background_dynamic_mode,39.90785813630041,136,13600,13999,68.0,69.995,69.0,stable_43deg,stable_43deg,0.0,43.0,0.0,40.0,37.1084461804328,0.02926887239049945,0.34266675640453637,0.000856666891011341,0.03734733480433127,0.017949551775394538
AVMD,IMF4,background_dynamic_mode,54.08118915159944,136,13600,13999,68.0,69.995,69.0,stable_43deg,stable_43deg,0.0,43.0,0.0,54.5,52.518939432627555,0.021719753182609255,0.18869907132538594,0.00047174767831346487,0.027946004205120164,0.01267688025715986
AVMD,IMF5,background_dynamic_mode,59.97479137691238,136,13600,13999,68.0,69.995,69.0,stable_43deg,stable_43deg,0.0,43.0,0.0,60.0,60.67047229470654,0.02667362530430529,0.2845929147497902,0.0007114822868744755,0.0329959024963286,0.018302879497030515
AVMD,IMF6,background_dynamic_mode,80.04607093184978,136,13600,13999,68.0,69.995,69.0,stable_43deg,stable_43deg,0.0,43.0,0.0,80.0,79.53297158622124,0.04257904950705861,0.7251901827698194,0.0018129754569245484,0.05672660790922661,0.020144039201607667
AVMD,IMF7,background_dynamic_mode,90.29468011126563,136,13600,13999,68.0,69.995,69.0,stable_43deg,stable_43deg,0.0,43.0,0.0,91.5,94.55710547040526,0.02355449120974004,0.22192562245988834,0.0005548140561497209,0.029617690119613682,0.01615132180452452
AVMD,IMF1,angle_position_mode,0.008692628650904,137,13700,14099,68.5,70.495,69.5,stable_43deg,stable_43deg,0.0,43.0,0.0,,,0.1349939952051059,7.289351496574463,0.018223378741436157,0.1368965534700319,0.032996602089042086
AVMD,IMF2,background_dynamic_mode,17.793810848400554,137,13700,14099,68.5,70.495,69.5,stable_43deg,stable_43deg,0.0,43.0,0.0,18.0,17.778311124671305,0.1107821807047807,4.909076624682674,0.012272691561706685,0.1451346786011507,0.05874637237043021
AVMD,IMF3,background_dynamic_mode,39.90785813630041,137,13700,14099,68.5,70.495,69.5,stable_43deg,stable_43deg,0.0,43.0,0.0,40.0,38.21400168050687,0.030632557253683395,0.37534142556007644,0.0009383535639001911,0.039374687072961684,0.017944877698198452
AVMD,IMF4,background_dynamic_mode,54.08118915159944,137,13700,14099,68.5,70.495,69.5,stable_43deg,stable_43deg,0.0,43.0,0.0,55.0,52.80356674204171,0.021995637645118204,0.19352323016613643,0.0004838080754153411,0.027797761957992783,0.013992155978012628
AVMD,IMF5,background_dynamic_mode,59.97479137691238,137,13700,14099,68.5,70.495,69.5,stable_43deg,stable_43deg,0.0,43.0,0.0,60.0,61.21550190795853,0.02371308471161572,0.2249241546161053,0.0005623103865402632,0.02967461810057548,0.01577877313110854
AVMD,IMF6,background_dynamic_mode,80.04607093184978,137,13700,14099,68.5,70.495,69.5,stable_43deg,stable_43deg,0.0,43.0,0.0,80.0,79.55845320254512,0.041886623891042155,0.7017957043958494,0.0017544892609896235,0.055167790557068795,0.02139422679273209
AVMD,IMF7,background_dynamic_mode,90.29468011126563,137,13700,14099,68.5,70.495,69.5,stable_43deg,stable_43deg,0.0,43.0,0.0,91.5,93.67371487608865,0.024501798445574537,0.24013525082702353,0.0006003381270675588,0.03075236132937387,0.016268935134722485
AVMD,IMF1,angle_position_mode,0.008692628650904,138,13800,14199,69.0,70.995,70.0,stable_43deg,stable_43deg,0.0,43.0,0.0,,,0.13075011347154336,6.838236869128586,0.017095592172821465,0.13283106596641697,0.03287516765993797
AVMD,IMF2,background_dynamic_mode,17.793810848400554,138,13800,14199,69.0,70.995,70.0,stable_43deg,stable_43deg,0.0,43.0,0.0,18.0,17.624350037294228,0.11844787710566336,5.611959836335332,0.01402989959083833,0.15927184056336993,0.053193776121653075
AVMD,IMF3,background_dynamic_mode,39.90785813630041,138,13800,14199,69.0,70.995,70.0,stable_43deg,stable_43deg,0.0,43.0,0.0,37.0,37.68596547905954,0.03265827592918723,0.42662519466677196,0.0010665629866669299,0.04235031379811966,0.018557700772432552
AVMD,IMF4,background_dynamic_mode,54.08118915159944,138,13800,14199,69.0,70.995,70.0,stable_43deg,stable_43deg,0.0,43.0,0.0,53.0,52.58055013468597,0.02206043962226003,0.19466519853095207,0.0004866629963273802,0.02795909604416366,0.013886545269931291
AVMD,IMF5,background_dynamic_mode,59.97479137691238,138,13800,14199,69.0,70.995,70.0,stable_43deg,stable_43deg,0.0,43.0,0.0,60.0,61.30494755492754,0.02042978760075925,0.16695048856485456,0.0004173762214121364,0.026260094034505476,0.012217849474438032
AVMD,IMF6,background_dynamic_mode,80.04607093184978,138,13800,14199,69.0,70.995,70.0,stable_43deg,stable_43deg,0.0,43.0,0.0,80.0,79.97757256480463,0.040735667630039385,0.6637578469060155,0.0016593946172650386,0.052513319495502885,0.023502913986168435
AVMD,IMF7,background_dynamic_mode,90.29468011126563,138,13800,14199,69.0,70.995,70.0,stable_43deg,stable_43deg,0.0,43.0,0.0,91.5,92.86920044325971,0.02417116582946094,0.23369810302212002,0.0005842452575553001,0.03004860626382788,0.015436257555965584
AVMD,IMF1,angle_position_mode,0.008692628650904,139,13900,14299,69.5,71.495,70.5,stable_43deg,stable_43deg,0.0,43.0,0.0,,,0.12822331613036284,6.576487519786788,0.01644121879946697,0.13035847616969495,0.03384786294405501
AVMD,IMF2,background_dynamic_mode,17.793810848400554,139,13900,14299,69.5,71.495,70.5,stable_43deg,stable_43deg,0.0,43.0,0.0,18.0,17.683564333552567,0.11615187528100097,5.396503252517283,0.013491258131293206,0.1541376526196427,0.05676391649409592
AVMD,IMF3,background_dynamic_mode,39.90785813630041,139,13900,14299,69.5,71.495,70.5,stable_43deg,stable_43deg,0.0,43.0,0.0,38.5,36.33710271515697,0.03156023006300047,0.3984192486518074,0.0009960481216295186,0.04088462234734104,0.017888357152514297
AVMD,IMF4,background_dynamic_mode,54.08118915159944,139,13900,14299,69.5,71.495,70.5,stable_43deg,stable_43deg,0.0,43.0,0.0,54.0,53.08021267038218,0.024700960813551633,0.24405498604504533,0.0006101374651126133,0.03115302913429352,0.015796054880866203
AVMD,IMF5,background_dynamic_mode,59.97479137691238,139,13900,14299,69.5,71.495,70.5,stable_43deg,stable_43deg,0.0,43.0,0.0,60.0,61.806060175207676,0.02214577985000102,0.19617422606588447,0.0004904355651647111,0.028401553989536175,0.013158077873641831
AVMD,IMF6,background_dynamic_mode,80.04607093184978,139,13900,14299,69.5,71.495,70.5,stable_43deg,stable_43deg,0.0,43.0,0.0,80.0,79.59864310166854,0.04425171008905019,0.7832855383221384,0.001958213845805346,0.058045649475117145,0.02326165032187509
AVMD,IMF7,background_dynamic_mode,90.29468011126563,139,13900,14299,69.5,71.495,70.5,stable_43deg,stable_43deg,0.0,43.0,0.0,92.0,91.84638228090782,0.022900332273689247,0.2097700872981493,0.0005244252182453733,0.028316127827334885,0.016514211507440365
AVMD,IMF1,angle_position_mode,0.008692628650904,140,14000,14399,70.0,71.995,71.0,stable_43deg,stable_43deg,0.0,43.0,0.0,,,0.12335738998139842,6.086818265209126,0.015217045663022814,0.12656823343299675,0.031012458795488664
AVMD,IMF2,background_dynamic_mode,17.793810848400554,140,14000,14399,70.0,71.995,71.0,stable_43deg,stable_43deg,0.0,43.0,0.0,18.0,17.68973543114392,0.12250886840933731,6.0033691355745304,0.015008422838936325,0.16254901746076325,0.06082847805301471
AVMD,IMF3,background_dynamic_mode,39.90785813630041,140,14000,14399,70.0,71.995,71.0,stable_43deg,stable_43deg,0.0,43.0,0.0,38.0,36.56024505055045,0.03684448421467058,0.5430064068180438,0.0013575160170451095,0.04598026259791928,0.024483662704871376
AVMD,IMF4,background_dynamic_mode,54.08118915159944,140,14000,14399,70.0,71.995,71.0,stable_43deg,stable_43deg,0.0,43.0,0.0,54.0,53.31232729385679,0.025420452867399083,0.2584797695934633,0.0006461994239836583,0.03233054480022543,0.0157191900964804
AVMD,IMF5,background_dynamic_mode,59.97479137691238,140,14000,14399,70.0,71.995,71.0,stable_43deg,stable_43deg,0.0,43.0,0.0,60.0,61.45921053175281,0.023700398011606963,0.22468354636343332,0.0005617088659085833,0.031153991091685995,0.012422517181878307
AVMD,IMF6,background_dynamic_mode,80.04607093184978,140,14000,14399,70.0,71.995,71.0,stable_43deg,stable_43deg,0.0,43.0,0.0,80.0,79.60147551748318,0.042275831320002406,0.7148983655189186,0.0017872459137972965,0.055102858624807925,0.022920590381449817
AVMD,IMF7,background_dynamic_mode,90.29468011126563,140,14000,14399,70.0,71.995,71.0,stable_43deg,stable_43deg,0.0,43.0,0.0,100.0,92.8027409450069,0.022568910262912953,0.20374228418216703,0.0005093557104554176,0.02703609575037169,0.015857739775574333
AVMD,IMF1,angle_position_mode,0.008692628650904,141,14100,14499,70.5,72.495,71.5,stable_43deg,stable_43deg,0.0,43.0,0.0,,,0.12517544703761832,6.267557016427035,0.015668892541067587,0.12715845616805155,0.03266734010531389
AVMD,IMF2,background_dynamic_mode,17.793810848400554,141,14100,14499,70.5,72.495,71.5,stable_43deg,stable_43deg,0.0,43.0,0.0,18.0,17.576482383782317,0.12169297153721194,5.92367172862267,0.014809179321556676,0.16210076250091937,0.05805080023767936
AVMD,IMF3,background_dynamic_mode,39.90785813630041,141,14100,14499,70.5,72.495,71.5,stable_43deg,stable_43deg,0.0,43.0,0.0,37.0,36.9752764211582,0.03778641372555862,0.571125224895634,0.001427813062239085,0.047488546783194516,0.024568029317360424
AVMD,IMF4,background_dynamic_mode,54.08118915159944,141,14100,14499,70.5,72.495,71.5,stable_43deg,stable_43deg,0.0,43.0,0.0,54.0,52.53317007451951,0.025140784707613332,0.2528236222858258,0.0006320590557145644,0.032088578878000124,0.015332475029186608
AVMD,IMF5,background_dynamic_mode,59.97479137691238,141,14100,14499,70.5,72.495,71.5,stable_43deg,stable_43deg,0.0,43.0,0.0,60.0,61.349781253721204,0.023983788314190537,0.230088840759961,0.0005752221018999025,0.031216705080714877,0.01329584633017929
AVMD,IMF6,background_dynamic_mode,80.04607093184978,141,14100,14499,70.5,72.495,71.5,stable_43deg,stable_43deg,0.0,43.0,0.0,80.0,79.96136419671409,0.04338115661738283,0.7527698997847592,0.001881924749461898,0.05707910053447557,0.022360782435506633
AVMD,IMF7,background_dynamic_mode,90.29468011126563,141,14100,14499,70.5,72.495,71.5,stable_43deg,stable_43deg,0.0,43.0,0.0,93.0,93.05747775618437,0.021634860891349434,0.1872268823152165,0.00046806720578804125,0.0261911564821302,0.015101653402581582
AVMD,IMF1,angle_position_mode,0.008692628650904,142,14200,14599,71.0,72.995,72.0,stable_43deg,stable_43deg,0.0,43.0,0.0,,,0.13174600536924722,6.942803972301487,0.017357009930753717,0.1344046500405257,0.0326018869325474
AVMD,IMF2,background_dynamic_mode,17.793810848400554,142,14200,14599,71.0,72.995,72.0,stable_43deg,stable_43deg,0.0,43.0,0.0,18.0,17.559943596354998,0.11727886981736692,5.501733322255559,0.013754333305638897,0.14953430667303608,0.07076572129896118
AVMD,IMF3,background_dynamic_mode,39.90785813630041,142,14200,14599,71.0,72.995,72.0,stable_43deg,stable_43deg,0.0,43.0,0.0,37.5,36.86832203596079,0.036255811407712245,0.5257935443326389,0.0013144838608315974,0.04505754480257444,0.024380265556368512
AVMD,IMF4,background_dynamic_mode,54.08118915159944,142,14200,14599,71.0,72.995,72.0,stable_43deg,stable_43deg,0.0,43.0,0.0,54.5,51.17197051187855,0.024991293202383913,0.2498258943710081,0.0006245647359275203,0.03203512035781187,0.01488425388148497
AVMD,IMF5,background_dynamic_mode,59.97479137691238,142,14200,14599,71.0,72.995,72.0,stable_43deg,stable_43deg,0.0,43.0,0.0,60.0,60.819674321085095,0.027254158128857876,0.297115654125116,0.0007427891353127899,0.03440220515032491,0.017277998554560522
AVMD,IMF6,background_dynamic_mode,80.04607093184978,142,14200,14599,71.0,72.995,72.0,stable_43deg,stable_43deg,0.0,43.0,0.0,80.0,80.09921416945417,0.044512539161698776,0.7925464570487069,0.0019813661426217673,0.05998628984266115,0.019150294389108296
AVMD,IMF7,background_dynamic_mode,90.29468011126563,142,14200,14599,71.0,72.995,72.0,stable_43deg,stable_43deg,0.0,43.0,0.0,93.0,92.95778114304959,0.022968752099982063,0.21102542921217218,0.0005275635730304305,0.028008540397776168,0.015594777590536377
AVMD,IMF1,angle_position_mode,0.008692628650904,143,14300,14699,71.5,73.495,72.5,stable_43deg,stable_43deg,0.0,43.0,0.0,,,0.12867077167115237,6.6224669929799305,0.016556167482449827,0.1324742150382021,0.03109744053190609
AVMD,IMF2,background_dynamic_mode,17.793810848400554,143,14300,14699,71.5,73.495,72.5,stable_43deg,stable_43deg,0.0,43.0,0.0,18.0,17.585592868991682,0.1189878719503483,5.663245468508993,0.014158113671272484,0.1552951657029591,0.06484689304173862
AVMD,IMF3,background_dynamic_mode,39.90785813630041,143,14300,14699,71.5,73.495,72.5,stable_43deg,stable_43deg,0.0,43.0,0.0,36.0,36.12265548542202,0.03603786881935221,0.5194911956163354,0.0012987279890408385,0.045059716171465265,0.02373603060326564
AVMD,IMF4,background_dynamic_mode,54.08118915159944,143,14300,14699,71.5,73.495,72.5,stable_43deg,stable_43deg,0.0,43.0,0.0,54.0,52.50451942814255,0.021266322262937953,0.18090258503645218,0.00045225646259113044,0.027459044006956562,0.01225740698484781
AVMD,IMF5,background_dynamic_mode,59.97479137691238,143,14300,14699,71.5,73.495,72.5,stable_43deg,stable_43deg,0.0,43.0,0.0,60.0,60.937547857210696,0.026460137830799292,0.28005555760995837,0.0007001388940248959,0.03315722253793965,0.01738036830871399
AVMD,IMF6,background_dynamic_mode,80.04607093184978,143,14300,14699,71.5,73.495,72.5,stable_43deg,stable_43deg,0.0,43.0,0.0,80.0,79.94162491204767,0.04062910248439858,0.6602895874751051,0.0016507239686877628,0.05423431613502732,0.01922962839873193
AVMD,IMF7,background_dynamic_mode,90.29468011126563,143,14300,14699,71.5,73.495,72.5,stable_43deg,stable_43deg,0.0,43.0,0.0,92.0,92.53423432232809,0.023644429077935875,0.2236236105686158,0.0005590590264215395,0.02918223481170907,0.016038527537270534
AVMD,IMF1,angle_position_mode,0.008692628650904,144,14400,14799,72.0,73.995,73.0,stable_43deg,stable_43deg,0.0,43.0,0.0,,,0.1287124218091509,6.626755011190713,0.016566887527976783,0.1322592503732331,0.03219043444240245
AVMD,IMF2,background_dynamic_mode,17.793810848400554,144,14400,14799,72.0,73.995,73.0,stable_43deg,stable_43deg,0.0,43.0,0.0,18.0,17.629062794415013,0.1155514010069702,5.340850509869454,0.013352126274673635,0.15229454140598034,0.05957376326857964
AVMD,IMF3,background_dynamic_mode,39.90785813630041,144,14400,14799,72.0,73.995,73.0,stable_43deg,stable_43deg,0.0,43.0,0.0,37.5,37.44633968737297,0.03106380881055305,0.38598408712743737,0.0009649602178185934,0.04016966975371922,0.01775206479766192
AVMD,IMF4,background_dynamic_mode,54.08118915159944,144,14400,14799,72.0,73.995,73.0,stable_43deg,stable_43deg,0.0,43.0,0.0,54.0,52.85011323013518,0.023955981035090616,0.2295556109414485,0.0005738890273536213,0.030963821258966108,0.013742018140959439
AVMD,IMF5,background_dynamic_mode,59.97479137691238,144,14400,14799,72.0,73.995,73.0,stable_43deg,stable_43deg,0.0,43.0,0.0,60.0,61.019734146202104,0.030960372148028475,0.3834178574177669,0.0009585446435444173,0.03861259797331477,0.020700215859430805
AVMD,IMF6,background_dynamic_mode,80.04607093184978,144,14400,14799,72.0,73.995,73.0,stable_43deg,stable_43deg,0.0,43.0,0.0,80.0,79.41412220474108,0.03932600180016212,0.6186137670345419,0.0015465344175863546,0.05205882501859769,0.019990365364828056
AVMD,IMF7,background_dynamic_mode,90.29468011126563,144,14400,14799,72.0,73.995,73.0,stable_43deg,stable_43deg,0.0,43.0,0.0,92.5,92.49521791366357,0.020770458247614493,0.17256477432635878,0.0004314119358158969,0.025781385066016994,0.01422466716066992
AVMD,IMF1,angle_position_mode,0.008692628650904,145,14500,14899,72.5,74.495,73.5,stable_43deg,stable_43deg,0.0,43.0,0.0,,,0.1287269670806053,6.628252821508497,0.016570632053771243,0.1329130736408932,0.02985780427479795
AVMD,IMF2,background_dynamic_mode,17.793810848400554,145,14500,14899,72.5,74.495,73.5,stable_43deg,stable_43deg,0.0,43.0,0.0,18.0,17.610908530440575,0.10858839240656569,4.716575586176917,0.011791438965442293,0.142591941003201,0.056202112955050954
AVMD,IMF3,background_dynamic_mode,39.90785813630041,145,14500,14899,72.5,74.495,73.5,stable_43deg,stable_43deg,0.0,43.0,0.0,39.0,37.6336085735192,0.028764402678960018,0.3309563445909449,0.0008273908614773623,0.0369032286303406,0.017228557563390378
AVMD,IMF4,background_dynamic_mode,54.08118915159944,145,14500,14899,72.5,74.495,73.5,stable_43deg,stable_43deg,0.0,43.0,0.0,54.0,52.501089456999,0.02159757184786778,0.18658204388952435,0.0004664551097238109,0.027328317428169033,0.013581997471115617
AVMD,IMF5,background_dynamic_mode,59.97479137691238,145,14500,14899,72.5,74.495,73.5,stable_43deg,stable_43deg,0.0,43.0,0.0,60.0,61.27963444910783,0.03109298630360954,0.38670951891058014,0.0009667737972764504,0.03866366591056167,0.020914977556192923
AVMD,IMF6,background_dynamic_mode,80.04607093184978,145,14500,14899,72.5,74.495,73.5,stable_43deg,stable_43deg,0.0,43.0,0.0,80.0,79.60702775991156,0.04131438374739803,0.6827513217709066,0.0017068783044272664,0.0549097406354039,0.020354037130055465
AVMD,IMF7,background_dynamic_mode,90.29468011126563,145,14500,14899,72.5,74.495,73.5,stable_43deg,stable_43deg,0.0,43.0,0.0,92.0,92.27291100786994,0.021426114548857702,0.1836313538643087,0.00045907838466077174,0.02711375376374896,0.01383817659544146
AVMD,IMF1,angle_position_mode,0.008692628650904,146,14600,14999,73.0,74.995,74.0,stable_43deg,stable_43deg,0.0,43.0,0.0,,,0.1315033297171678,6.91725029068086,0.01729312572670215,0.1360219896485186,0.034006005701211345
AVMD,IMF2,background_dynamic_mode,17.793810848400554,146,14600,14999,73.0,74.995,74.0,stable_43deg,stable_43deg,0.0,43.0,0.0,18.0,17.598527883397196,0.10510981486757183,4.41922927259809,0.011048073181495225,0.1415912234929152,0.045070480605340336
AVMD,IMF3,background_dynamic_mode,39.90785813630041,146,14600,14999,73.0,74.995,74.0,stable_43deg,stable_43deg,0.0,43.0,0.0,40.5,37.6753717403933,0.029787977878886113,0.3549294504452034,0.0008873236261130085,0.03761409497873038,0.0191065244437156
AVMD,IMF4,background_dynamic_mode,54.08118915159944,146,14600,14999,73.0,74.995,74.0,stable_43deg,stable_43deg,0.0,43.0,0.0,53.5,52.57666924138419,0.022631739287628707,0.20487824927327872,0.0005121956231831968,0.02835913656534541,0.01476725881436
AVMD,IMF5,background_dynamic_mode,59.97479137691238,146,14600,14999,73.0,74.995,74.0,stable_43deg,stable_43deg,0.0,43.0,0.0,60.0,60.76960110536525,0.027972981662723856,0.31299508124123404,0.0007824877031030851,0.035002538750185545,0.018425137719906406
AVMD,IMF6,background_dynamic_mode,80.04607093184978,146,14600,14999,73.0,74.995,74.0,stable_43deg,stable_43deg,0.0,43.0,0.0,80.0,80.02151716870965,0.0412683747394783,0.6812315014552042,0.0017030787536380105,0.05491967611846512,0.019881197447762577
AVMD,IMF7,background_dynamic_mode,90.29468011126563,146,14600,14999,73.0,74.995,74.0,stable_43deg,stable_43deg,0.0,43.0,0.0,92.0,92.4503875822554,0.020024414372598928,0.16039086838621863,0.0004009771709655466,0.02535087665763422,0.013185986290537011
AVMD,IMF1,angle_position_mode,0.008692628650904,147,14700,15099,73.5,75.495,74.5,stable_43deg,stable_43deg,0.0,42.99963364373892,0.03837124864566742,,,0.13806347136460664,7.624608850098224,0.01906152212524556,0.14304951774510888,0.03542460655446779
AVMD,IMF2,background_dynamic_mode,17.793810848400554,147,14700,15099,73.5,75.495,74.5,stable_43deg,stable_43deg,0.0,42.99963364373892,0.03837124864566742,18.0,17.51980828519451,0.1035339798137239,4.287713990427435,0.010719284976068588,0.1378927683937786,0.04863407893074465
AVMD,IMF3,background_dynamic_mode,39.90785813630041,147,14700,15099,73.5,75.495,74.5,stable_43deg,stable_43deg,0.0,42.99963364373892,0.03837124864566742,36.0,36.8004755206611,0.03316886548254623,0.44006945495969874,0.0011001736373992467,0.04104892339846412,0.022694447085379883
AVMD,IMF4,background_dynamic_mode,54.08118915159944,147,14700,15099,73.5,75.495,74.5,stable_43deg,stable_43deg,0.0,42.99963364373892,0.03837124864566742,53.5,52.809418003318015,0.021869539799258143,0.19131070841253434,0.00047827677103133586,0.02705443532363514,0.014927786895788914
AVMD,IMF5,background_dynamic_mode,59.97479137691238,147,14700,15099,73.5,75.495,74.5,stable_43deg,stable_43deg,0.0,42.99963364373892,0.03837124864566742,60.0,61.649225268264395,0.030039079417074024,0.36093851689011214,0.0009023462922252804,0.03809986841488971,0.018769210803459987
AVMD,IMF6,background_dynamic_mode,80.04607093184978,147,14700,15099,73.5,75.495,74.5,stable_43deg,stable_43deg,0.0,42.99963364373892,0.03837124864566742,80.0,79.80760043027198,0.04036553153702842,0.6517504545067343,0.0016293761362668358,0.05387468386552247,0.01880301667396906
AVMD,IMF7,background_dynamic_mode,90.29468011126563,147,14700,15099,73.5,75.495,74.5,stable_43deg,stable_43deg,0.0,42.99963364373892,0.03837124864566742,93.5,92.91434673828296,0.020635596658685355,0.1703311397839785,0.0004258278494599463,0.026698486324839746,0.011720568416817862
AVMD,IMF1,angle_position_mode,0.008692628650904,148,14800,15199,74.0,75.995,75.0,stable_43deg,stable_43deg,0.0,42.982997656239995,0.11035204091703876,,,0.13795669389627013,7.61281975631567,0.019032049390789174,0.14743443095798348,0.030655965565826768
AVMD,IMF2,background_dynamic_mode,17.793810848400554,148,14800,15199,74.0,75.995,75.0,stable_43deg,stable_43deg,0.0,42.982997656239995,0.11035204091703876,18.0,17.534008606060624,0.10121090464424104,4.0974588875622615,0.010243647218905654,0.13391202960873513,0.050304593389517746
AVMD,IMF3,background_dynamic_mode,39.90785813630041,148,14800,15199,74.0,75.995,75.0,stable_43deg,stable_43deg,0.0,42.982997656239995,0.11035204091703876,38.0,37.38866274767869,0.03412434914932783,0.46578848194609246,0.0011644712048652312,0.04253044603821929,0.022845306835075747
AVMD,IMF4,background_dynamic_mode,54.08118915159944,148,14800,15199,74.0,75.995,75.0,stable_43deg,stable_43deg,0.0,42.982997656239995,0.11035204091703876,54.0,52.69034327400279,0.019949882525085075,0.15919912510587791,0.00039799781276469477,0.02494334360510631,0.013195504221667681
AVMD,IMF5,background_dynamic_mode,59.97479137691238,148,14800,15199,74.0,75.995,75.0,stable_43deg,stable_43deg,0.0,42.982997656239995,0.11035204091703876,60.0,61.28010545486048,0.02695883897596782,0.2907115995728647,0.0007267789989321617,0.03450544505353196,0.0161112268822101
AVMD,IMF6,background_dynamic_mode,80.04607093184978,148,14800,15199,74.0,75.995,75.0,stable_43deg,stable_43deg,0.0,42.982997656239995,0.11035204091703876,80.0,79.55858986531682,0.041529280900657065,0.689872468850272,0.0017246811721256799,0.05604414232743874,0.01738349245882992
AVMD,IMF7,background_dynamic_mode,90.29468011126563,148,14800,15199,74.0,75.995,75.0,stable_43deg,stable_43deg,0.0,42.982997656239995,0.11035204091703876,93.5,93.1771106664763,0.020805758650866635,0.1731518372152447,0.0004328795930381118,0.026870295596245874,0.0113294913090773
AVMD,IMF1,angle_position_mode,0.008692628650904,149,14900,15299,74.5,76.495,75.5,stable_43deg,stable_43deg,0.0,42.938569523501336,0.16117338798718653,,,0.1351787407492063,7.3093167802164505,0.018273291950541126,0.14510101961070912,0.030937058841958492
AVMD,IMF2,background_dynamic_mode,17.793810848400554,149,14900,15299,74.5,76.495,75.5,stable_43deg,stable_43deg,0.0,42.938569523501336,0.16117338798718653,18.0,17.75436598446347,0.10851031522783004,4.709795404337218,0.011774488510843045,0.14372070797703995,0.055202709955973976
AVMD,IMF3,background_dynamic_mode,39.90785813630041,149,14900,15299,74.5,76.495,75.5,stable_43deg,stable_43deg,0.0,42.938569523501336,0.16117338798718653,38.0,37.64163121105317,0.03672949475217293,0.5396223138999594,0.0013490557847498986,0.04663612828255087,0.02279632082065822
AVMD,IMF4,background_dynamic_mode,54.08118915159944,149,14900,15299,74.5,76.495,75.5,stable_43deg,stable_43deg,0.0,42.938569523501336,0.16117338798718653,54.0,52.98304094103398,0.02212573874573438,0.1958193260177966,0.0004895483150444915,0.02821407533217859,0.013675015248207176
AVMD,IMF5,background_dynamic_mode,59.97479137691238,149,14900,15299,74.5,76.495,75.5,stable_43deg,stable_43deg,0.0,42.938569523501336,0.16117338798718653,60.0,61.6231764042768,0.029730049649702866,0.353550340869519,0.0008838758521737975,0.03834017313943283,0.017253438826466554
AVMD,IMF6,background_dynamic_mode,80.04607093184978,149,14900,15299,74.5,76.495,75.5,stable_43deg,stable_43deg,0.0,42.938569523501336,0.16117338798718653,80.0,79.6124601025136,0.04003602778307445,0.6411534082588437,0.0016028835206471092,0.05387019649817506,0.01705621871850651
AVMD,IMF7,background_dynamic_mode,90.29468011126563,149,14900,15299,74.5,76.495,75.5,stable_43deg,stable_43deg,0.0,42.938569523501336,0.16117338798718653,98.0,92.95858864023697,0.01952294834090799,0.15245820476870486,0.00038114551192176214,0.025314729037021727,0.011216270041641885
AVMD,IMF1,angle_position_mode,0.008692628650904,150,15000,15399,75.0,76.995,76.0,stable_43deg,stable_43deg,0.0,42.8641382067013,0.20123069199154084,,,0.12941009951650312,6.698789542748496,0.01674697385687124,0.1424474092699407,0.026312788259773807
AVMD,IMF2,background_dynamic_mode,17.793810848400554,150,15000,15399,75.0,76.995,76.0,stable_43deg,stable_43deg,0.0,42.8641382067013,0.20123069199154084,18.0,17.580205889185567,0.1104753977916832,4.881925406892256,0.012204813517230639,0.1469443111093959,0.05276881560549373
AVMD,IMF3,background_dynamic_mode,39.90785813630041,150,15000,15399,75.0,76.995,76.0,stable_43deg,stable_43deg,0.0,42.8641382067013,0.20123069199154084,38.0,37.33938769414879,0.03773230123966544,0.5694906227363432,0.001423726556840858,0.048265581149163204,0.02265089075493133
AVMD,IMF4,background_dynamic_mode,54.08118915159944,150,15000,15399,75.0,76.995,76.0,stable_43deg,stable_43deg,0.0,42.8641382067013,0.20123069199154084,54.0,52.69845861882214,0.02111310999466309,0.17830536545869696,0.0004457634136467424,0.02649790407873738,0.0138857925187723
AVMD,IMF5,background_dynamic_mode,59.97479137691238,150,15000,15399,75.0,76.995,76.0,stable_43deg,stable_43deg,0.0,42.8641382067013,0.20123069199154084,60.0,61.71618414719017,0.029388072497595473,0.345463522049571,0.0008636588051239275,0.03789493241527895,0.017133674175797805
AVMD,IMF6,background_dynamic_mode,80.04607093184978,150,15000,15399,75.0,76.995,76.0,stable_43deg,stable_43deg,0.0,42.8641382067013,0.20123069199154084,80.0,79.80472507562492,0.04051384818692294,0.6565487579652158,0.0016413718949130395,0.05410349959318115,0.018422900673935375
AVMD,IMF7,background_dynamic_mode,90.29468011126563,150,15000,15399,75.0,76.995,76.0,stable_43deg,stable_43deg,0.0,42.8641382067013,0.20123069199154084,96.0,93.83836387925867,0.019373846576849266,0.1501383724733176,0.000375345931183294,0.025127035376401194,0.011256740726309434
AVMD,IMF1,angle_position_mode,0.008692628650904,151,15100,15499,75.5,77.495,76.5,stable_43deg,stable_43deg,0.0,42.76099458889712,0.225993242283256,,,0.12312905781386013,6.064305951251564,0.01516076487812891,0.13573994997806385,0.02575963903497
AVMD,IMF2,background_dynamic_mode,17.793810848400554,151,15100,15499,75.5,77.495,76.5,stable_43deg,stable_43deg,0.0,42.76099458889712,0.225993242283256,18.0,17.336170557068566,0.11801544229748602,5.5710578482685005,0.013927644620671252,0.15848189708757815,0.05273347739001309
AVMD,IMF3,background_dynamic_mode,39.90785813630041,151,15100,15499,75.5,77.495,76.5,stable_43deg,stable_43deg,0.0,42.76099458889712,0.225993242283256,36.0,37.12721305807294,0.035556818740894544,0.5057149435891317,0.0012642873589728293,0.045653786327296206,0.021112798407067215
AVMD,IMF4,background_dynamic_mode,54.08118915159944,151,15100,15499,75.5,77.495,76.5,stable_43deg,stable_43deg,0.0,42.76099458889712,0.225993242283256,54.0,52.19634435215103,0.02165356432898779,0.18755073925984495,0.00046887684814961235,0.02726329221513362,0.013989543815670271
AVMD,IMF5,background_dynamic_mode,59.97479137691238,151,15100,15499,75.5,77.495,76.5,stable_43deg,stable_43deg,0.0,42.76099458889712,0.225993242283256,60.0,61.137114528180135,0.02838230889137645,0.3222221832022027,0.0008055554580055067,0.036940460789453275,0.015741817961624716
AVMD,IMF6,background_dynamic_mode,80.04607093184978,151,15100,15499,75.5,77.495,76.5,stable_43deg,stable_43deg,0.0,42.76099458889712,0.225993242283256,80.0,80.10652833994955,0.04465272376188548,0.7975462957421008,0.001993865739355252,0.06009779009534071,0.019029809232496166
AVMD,IMF7,background_dynamic_mode,90.29468011126563,151,15100,15499,75.5,77.495,76.5,stable_43deg,stable_43deg,0.0,42.76099458889712,0.225993242283256,96.0,93.40905065474217,0.019595435666991096,0.15359243959167468,0.0003839810989791867,0.02568301829283546,0.011266351354566183
AVMD,IMF1,angle_position_mode,0.008692628650904,152,15200,15599,76.0,77.995,77.0,stable_43deg,stable_43deg,0.0,42.649689566489975,0.21764855195099292,,,0.12300646440027485,6.052236113702434,0.015130590284256085,0.1343472821536128,0.02315672505070014
AVMD,IMF2,background_dynamic_mode,17.793810848400554,152,15200,15599,76.0,77.995,77.0,stable_43deg,stable_43deg,0.0,42.649689566489975,0.21764855195099292,18.0,17.28805288231174,0.11909209732020362,5.67317105764994,0.01418292764412485,0.1602486807037653,0.05201638037944235
AVMD,IMF3,background_dynamic_mode,39.90785813630041,152,15200,15599,76.0,77.995,77.0,stable_43deg,stable_43deg,0.0,42.649689566489975,0.21764855195099292,36.0,37.111980335093754,0.03549553024777881,0.5039730670283922,0.0012599326675709803,0.04525285560216201,0.021798990247849915
AVMD,IMF4,background_dynamic_mode,54.08118915159944,152,15200,15599,76.0,77.995,77.0,stable_43deg,stable_43deg,0.0,42.649689566489975,0.21764855195099292,54.0,52.6769827406508,0.023795046492442188,0.22648169503099408,0.0005662042375774852,0.028513871772866003,0.0178639009687286
AVMD,IMF5,background_dynamic_mode,59.97479137691238,152,15200,15599,76.0,77.995,77.0,stable_43deg,stable_43deg,0.0,42.649689566489975,0.21764855195099292,60.0,61.100271616008705,0.027333302347934026,0.2988437668974303,0.0007471094172435758,0.03510969085551079,0.015944631853173807
AVMD,IMF6,background_dynamic_mode,80.04607093184978,152,15200,15599,76.0,77.995,77.0,stable_43deg,stable_43deg,0.0,42.649689566489975,0.21764855195099292,80.0,79.93151471685377,0.04672132805415596,0.8731529980576243,0.0021828824951440604,0.06371774170874213,0.017504606712943644
AVMD,IMF7,background_dynamic_mode,90.29468011126563,152,15200,15599,76.0,77.995,77.0,stable_43deg,stable_43deg,0.0,42.649689566489975,0.21764855195099292,91.0,92.48077476647936,0.02045376090437096,0.1673425340532696,0.00041835633513317397,0.02688895186412039,0.011534406623953723
AVMD,IMF1,angle_position_mode,0.008692628650904,153,15300,15699,76.5,78.495,77.5,stable_43deg,stable_43deg,0.0,42.55044394668806,0.1881335020454862,,,0.12470411760865421,6.220446779421225,0.015551116948553063,0.1371094437432583,0.021718389972296272
AVMD,IMF2,background_dynamic_mode,17.793810848400554,153,15300,15699,76.5,78.495,77.5,stable_43deg,stable_43deg,0.0,42.55044394668806,0.1881335020454862,18.0,17.50215058849917,0.11333351197255116,5.1377939744129595,0.012844484936032399,0.1513516148484578,0.05216474434352077
AVMD,IMF3,background_dynamic_mode,39.90785813630041,153,15300,15699,76.5,78.495,77.5,stable_43deg,stable_43deg,0.0,42.55044394668806,0.1881335020454862,36.5,36.905309964576496,0.0353568370293927,0.5000423698892138,0.0012501059247230345,0.045511464153397865,0.02072246467735167
AVMD,IMF4,background_dynamic_mode,54.08118915159944,153,15300,15699,76.5,78.495,77.5,stable_43deg,stable_43deg,0.0,42.55044394668806,0.1881335020454862,54.5,53.06362844312385,0.022990759921976595,0.2114300167159861,0.0005285750417899652,0.027579641789343766,0.01713012203211166
AVMD,IMF5,background_dynamic_mode,59.97479137691238,153,15300,15699,76.5,78.495,77.5,stable_43deg,stable_43deg,0.0,42.55044394668806,0.1881335020454862,60.0,61.10910518477977,0.02572390223657077,0.26468765851066023,0.0006617191462766506,0.03343731032691229,0.014229874375758898
AVMD,IMF6,background_dynamic_mode,80.04607093184978,153,15300,15699,76.5,78.495,77.5,stable_43deg,stable_43deg,0.0,42.55044394668806,0.1881335020454862,80.0,79.76928121721409,0.04736981785481692,0.8975598574394128,0.002243899643598532,0.06466615174444457,0.017622511399392058
AVMD,IMF7,background_dynamic_mode,90.29468011126563,153,15300,15699,76.5,78.495,77.5,stable_43deg,stable_43deg,0.0,42.55044394668806,0.1881335020454862,91.0,92.70390211206073,0.02169892348038165,0.1883373120829832,0.000470843280207458,0.027940543590790106,0.012416478962640538
AVMD,IMF1,angle_position_mode,0.008692628650904,154,15400,15799,77.0,78.995,78.0,stable_43deg,stable_43deg,0.0,42.478232241839166,0.14695605059239658,,,0.12926645731147676,6.683926794343938,0.016709816985859844,0.14156551923321242,0.024939791539400385
AVMD,IMF2,background_dynamic_mode,17.793810848400554,154,15400,15799,77.0,78.995,78.0,stable_43deg,stable_43deg,0.0,42.478232241839166,0.14695605059239658,18.0,17.6980423573539,0.10956909513513594,4.8021546434929885,0.01200538660873247,0.14565334784548642,0.053188017696177196
AVMD,IMF3,background_dynamic_mode,39.90785813630041,154,15400,15799,77.0,78.995,78.0,stable_43deg,stable_43deg,0.0,42.478232241839166,0.14695605059239658,36.0,36.777047976069724,0.03337353579310592,0.44551715653348867,0.0011137928913337216,0.04313279788504337,0.01921188369445593
AVMD,IMF4,background_dynamic_mode,54.08118915159944,154,15400,15799,77.0,78.995,78.0,stable_43deg,stable_43deg,0.0,42.478232241839166,0.14695605059239658,54.0,53.248352903195524,0.022735728552837352,0.20676534113132145,0.0005169133528283036,0.027670881966811854,0.016335418010494117
AVMD,IMF5,background_dynamic_mode,59.97479137691238,154,15400,15799,77.0,78.995,78.0,stable_43deg,stable_43deg,0.0,42.478232241839166,0.14695605059239658,60.0,61.13919083668281,0.027944173532370723,0.31235073376289935,0.0007808768344072484,0.03599585916724192,0.016238703384200318
AVMD,IMF6,background_dynamic_mode,80.04607093184978,154,15400,15799,77.0,78.995,78.0,stable_43deg,stable_43deg,0.0,42.478232241839166,0.14695605059239658,80.0,79.66570140434382,0.046834659078236036,0.8773941163898389,0.002193485290974597,0.06380400523631234,0.017866221253389842
AVMD,IMF7,background_dynamic_mode,90.29468011126563,154,15400,15799,77.0,78.995,78.0,stable_43deg,stable_43deg,0.0,42.478232241839166,0.14695605059239658,91.0,93.02972094960838,0.021390659648232523,0.18302412807460922,0.00045756032018652305,0.0275807470760875,0.012017998754673876
AVMD,IMF1,angle_position_mode,0.008692628650904,155,15500,15899,77.5,79.495,78.5,stable_43deg,stable_43deg,0.0,42.44860413413302,0.13556054486027963,,,0.12723184727046188,6.475177183941657,0.01618794295985414,0.14182650478701353,0.02336155551435181
AVMD,IMF2,background_dynamic_mode,17.793810848400554,155,15500,15899,77.5,79.495,78.5,stable_43deg,stable_43deg,0.0,42.44860413413302,0.13556054486027963,18.0,17.578151163719838,0.10466905957978358,4.382244813326514,0.010955612033316284,0.1391429896677894,0.05042303757910636
AVMD,IMF3,background_dynamic_mode,39.90785813630041,155,15500,15899,77.5,79.495,78.5,stable_43deg,stable_43deg,0.0,42.44860413413302,0.13556054486027963,36.5,36.24892862239763,0.03518792080439506,0.4952759082145516,0.001238189770536379,0.04543168772997691,0.020359151117229638
AVMD,IMF4,background_dynamic_mode,54.08118915159944,155,15500,15899,77.5,79.495,78.5,stable_43deg,stable_43deg,0.0,42.44860413413302,0.13556054486027963,54.0,52.47057457309385,0.022894547272663532,0.2096641179280901,0.0005241602948202252,0.02755923233644624,0.0169950229292655
AVMD,IMF5,background_dynamic_mode,59.97479137691238,155,15500,15899,77.5,79.495,78.5,stable_43deg,stable_43deg,0.0,42.44860413413302,0.13556054486027963,60.0,61.598058022440654,0.026411408527513704,0.27902500016288945,0.0006975625004072236,0.03297799365428853,0.01751385973698485
AVMD,IMF6,background_dynamic_mode,80.04607093184978,155,15500,15899,77.5,79.495,78.5,stable_43deg,stable_43deg,0.0,42.44860413413302,0.13556054486027963,80.0,79.67442459170411,0.045273944947400925,0.8198920364401159,0.0020497300911002897,0.06171944376179389,0.017541006407384985
AVMD,IMF7,background_dynamic_mode,90.29468011126563,155,15500,15899,77.5,79.495,78.5,stable_43deg,stable_43deg,0.0,42.44860413413302,0.13556054486027963,90.5,92.22812554026,0.021660048607551198,0.1876630822725922,0.00046915770568148053,0.02784560654667196,0.012346800062525429
AVMD,IMF1,angle_position_mode,0.008692628650904,156,15600,15999,78.0,79.995,79.0,stable_43deg,stable_43deg,0.0,42.476324016047066,0.20494889440508116,,,0.1284525170878999,6.600019658486886,0.016500049146217215,0.1455339764296503,0.02716912006132577
AVMD,IMF2,background_dynamic_mode,17.793810848400554,156,15600,15999,78.0,79.995,79.0,stable_43deg,stable_43deg,0.0,42.476324016047066,0.20494889440508116,18.0,17.676134830034094,0.10983028438958112,4.825076547638506,0.012062691369096266,0.14381061591936348,0.05841395315883424
AVMD,IMF3,background_dynamic_mode,39.90785813630041,156,15600,15999,78.0,79.995,79.0,stable_43deg,stable_43deg,0.0,42.476324016047066,0.20494889440508116,36.5,36.305680264013596,0.033773151218663186,0.4562502972954763,0.0011406257432386908,0.043809748427281116,0.018920665750544272
AVMD,IMF4,background_dynamic_mode,54.08118915159944,156,15600,15999,78.0,79.995,79.0,stable_43deg,stable_43deg,0.0,42.476324016047066,0.20494889440508116,52.0,51.69786270808721,0.021019079149238486,0.17672067531278085,0.0004418016882819521,0.025946699215828817,0.014473279208172
AVMD,IMF5,background_dynamic_mode,59.97479137691238,156,15600,15999,78.0,79.995,79.0,stable_43deg,stable_43deg,0.0,42.476324016047066,0.20494889440508116,60.0,61.524998581902025,0.026027325883205145,0.27096867705222416,0.0006774216926305604,0.033131108346096824,0.016229243738170144
AVMD,IMF6,background_dynamic_mode,80.04607093184978,156,15600,15999,78.0,79.995,79.0,stable_43deg,stable_43deg,0.0,42.476324016047066,0.20494889440508116,80.0,79.84267365530118,0.046291322957046487,0.8571546324454316,0.002142886581113579,0.06263068834227266,0.019168378148705867
AVMD,IMF7,background_dynamic_mode,90.29468011126563,156,15600,15999,78.0,79.995,79.0,stable_43deg,stable_43deg,0.0,42.476324016047066,0.20494889440508116,92.0,90.89468930444713,0.020604262462563458,0.16981425265048064,0.0004245356316262016,0.02625500392542739,0.01243192858920955
AVMD,IMF1,angle_position_mode,0.008692628650904,157,15700,16099,78.5,80.495,79.5,stable_43deg,stable_43deg,0.0,42.57382501671886,0.3285816027724542,,,0.12828515081917602,6.5828319682794945,0.016457079920698735,0.14551692341572417,0.02754777114532834
AVMD,IMF2,background_dynamic_mode,17.793810848400554,157,15700,16099,78.5,80.495,79.5,stable_43deg,stable_43deg,0.0,42.57382501671886,0.3285816027724542,18.0,17.757234382122583,0.11366441325200984,5.167839535969468,0.01291959883992367,0.15058855493815468,0.05710175293754063
AVMD,IMF3,background_dynamic_mode,39.90785813630041,157,15700,16099,78.5,80.495,79.5,stable_43deg,stable_43deg,0.0,42.57382501671886,0.3285816027724542,35.5,36.945611436436636,0.03440618482569893,0.4735142217040621,0.0011837855542601553,0.04401603783969214,0.020624345215184074
AVMD,IMF4,background_dynamic_mode,54.08118915159944,157,15700,16099,78.5,80.495,79.5,stable_43deg,stable_43deg,0.0,42.57382501671886,0.3285816027724542,54.0,51.43928728813586,0.021195569616534717,0.17970086854774786,0.0004492521713693697,0.026403826912633717,0.014193649843784663
AVMD,IMF5,background_dynamic_mode,59.97479137691238,157,15700,16099,78.5,80.495,79.5,stable_43deg,stable_43deg,0.0,42.57382501671886,0.3285816027724542,61.0,61.25536540807772,0.024567084815239455,0.2414166625276676,0.000603541656319169,0.031420081932562266,0.014944409599625483
AVMD,IMF6,background_dynamic_mode,80.04607093184978,157,15700,16099,78.5,80.495,79.5,stable_43deg,stable_43deg,0.0,42.57382501671886,0.3285816027724542,80.0,79.65640353119842,0.044309572967941926,0.7853353026405481,0.00196333825660137,0.05989770794416796,0.01844166192300018
AVMD,IMF7,background_dynamic_mode,90.29468011126563,157,15700,16099,78.5,80.495,79.5,stable_43deg,stable_43deg,0.0,42.57382501671886,0.3285816027724542,92.0,91.5355437666142,0.019598798629390256,0.15364516308615578,0.00038411290771538944,0.024814516368571363,0.012664408955587863
AVMD,IMF1,angle_position_mode,0.008692628650904,158,15800,16199,79.0,80.995,80.0,stable_43deg,stable_43deg,0.0,42.71952872204433,0.34892248787633134,,,0.12612463449521052,6.362969370620179,0.015907423426550448,0.1468049939235532,0.028013815755737134
AVMD,IMF2,background_dynamic_mode,17.793810848400554,158,15800,16199,79.0,80.995,80.0,stable_43deg,stable_43deg,0.0,42.71952872204433,0.34892248787633134,18.0,17.692473031471764,0.11459443720777746,5.2527540155869,0.01313188503896725,0.1518987021935308,0.057194567289512846
AVMD,IMF3,background_dynamic_mode,39.90785813630041,158,15800,16199,79.0,80.995,80.0,stable_43deg,stable_43deg,0.0,42.71952872204433,0.34892248787633134,35.5,37.06405028592759,0.036816178567019575,0.5421724017114686,0.0013554310042786716,0.047387965344487665,0.021412036744382627
AVMD,IMF4,background_dynamic_mode,54.08118915159944,158,15800,16199,79.0,80.995,80.0,stable_43deg,stable_43deg,0.0,42.71952872204433,0.34892248787633134,54.5,53.00247082947359,0.019851558578852884,0.15763375120385104,0.00039408437800962756,0.023970181275694582,0.014597576069000282
AVMD,IMF5,background_dynamic_mode,59.97479137691238,158,15800,16199,79.0,80.995,80.0,stable_43deg,stable_43deg,0.0,42.71952872204433,0.34892248787633134,60.0,60.88432096253938,0.022313449206018795,0.1991560061878323,0.0004978900154695808,0.028954800064928357,0.012546190457583312
AVMD,IMF6,background_dynamic_mode,80.04607093184978,158,15800,16199,79.0,80.995,80.0,stable_43deg,stable_43deg,0.0,42.71952872204433,0.34892248787633134,80.0,79.67417997149269,0.04611410281583814,0.8506041914038764,0.002126510478509691,0.06279669061430235,0.01782663248946997
AVMD,IMF7,background_dynamic_mode,90.29468011126563,158,15800,16199,79.0,80.995,80.0,stable_43deg,stable_43deg,0.0,42.71952872204433,0.34892248787633134,89.0,91.81023399329446,0.020591529114474042,0.16960442850889287,0.00042401107127223216,0.026040892482990147,0.01303462579512578
AVMD,IMF1,angle_position_mode,0.008692628650904,159,15900,16299,79.5,81.495,80.5,stable_43deg,stable_43deg,0.0,42.852666803815744,0.33602799756534574,,,0.13059162439347718,6.82166894469081,0.017054172361727026,0.15137601232722203,0.028729607687872027
AVMD,IMF2,background_dynamic_mode,17.793810848400554,159,15900,16299,79.5,81.495,80.5,stable_43deg,stable_43deg,0.0,42.852666803815744,0.33602799756534574,18.0,17.884719464588567,0.10828365148927424,4.6901396719402415,0.011725349179850604,0.13981856494593553,0.06289127059614391
AVMD,IMF3,background_dynamic_mode,39.90785813630041,159,15900,16299,79.5,81.495,80.5,stable_43deg,stable_43deg,0.0,42.852666803815744,0.33602799756534574,36.0,36.90420748414574,0.037942180306601306,0.5758436185674576,0.001439609046418644,0.048978682876925604,0.0216765015465947
AVMD,IMF4,background_dynamic_mode,54.08118915159944,159,15900,16299,79.5,81.495,80.5,stable_43deg,stable_43deg,0.0,42.852666803815744,0.33602799756534574,54.5,52.56442614540295,0.022655784298567693,0.20531382487329058,0.0005132845621832264,0.027758421546592943,0.01600034076762081
AVMD,IMF5,background_dynamic_mode,59.97479137691238,159,15900,16299,79.5,81.495,80.5,stable_43deg,stable_43deg,0.0,42.852666803815744,0.33602799756534574,60.0,60.51333007775303,0.0221475385635602,0.19620538576975452,0.0004905134644243862,0.029043629892871806,0.011737977505179962
AVMD,IMF6,background_dynamic_mode,80.04607093184978,159,15900,16299,79.5,81.495,80.5,stable_43deg,stable_43deg,0.0,42.852666803815744,0.33602799756534574,80.0,79.72016000412883,0.04603786785725748,0.8477941107369207,0.0021194852768423016,0.06279350230969029,0.017231518092168704
AVMD,IMF7,background_dynamic_mode,90.29468011126563,159,15900,16299,79.5,81.495,80.5,stable_43deg,stable_43deg,0.0,42.852666803815744,0.33602799756534574,89.0,92.70652559234566,0.01880852880551547,0.14150430233116207,0.00035376075582790515,0.02392015419219924,0.011933754928188685
AVMD,IMF1,angle_position_mode,0.008692628650904,160,16000,16399,80.0,81.995,81.0,stable_43deg,stable_43deg,0.0,42.952887931807766,0.2868523319273054,,,0.12837500405642016,6.592056666594358,0.016480141666485894,0.14986066978627535,0.029062598287451624
AVMD,IMF2,background_dynamic_mode,17.793810848400554,160,16000,16399,80.0,81.995,81.0,stable_43deg,stable_43deg,0.0,42.952887931807766,0.2868523319273054,18.0,17.70058207697186,0.09152989246321844,3.351088485731333,0.008377721214328332,0.11795181913689273,0.053285458206874366
AVMD,IMF3,background_dynamic_mode,39.90785813630041,160,16000,16399,80.0,81.995,81.0,stable_43deg,stable_43deg,0.0,42.952887931807766,0.2868523319273054,36.0,36.6168691954973,0.038787672346968206,0.6017934104383047,0.0015044835260957618,0.05011985937698674,0.022140268778888195
AVMD,IMF4,background_dynamic_mode,54.08118915159944,160,16000,16399,80.0,81.995,81.0,stable_43deg,stable_43deg,0.0,42.952887931807766,0.2868523319273054,54.5,52.84610973164332,0.02196978398051965,0.19306856326027916,0.0004826714081506979,0.02790664644452292,0.013684594395088946
AVMD,IMF5,background_dynamic_mode,59.97479137691238,160,16000,16399,80.0,81.995,81.0,stable_43deg,stable_43deg,0.0,42.952887931807766,0.2868523319273054,60.0,61.021236046133104,0.020530367986902012,0.1685984038710444,0.000421496009677611,0.026811108751925203,0.011208844193742684
AVMD,IMF6,background_dynamic_mode,80.04607093184978,160,16000,16399,80.0,81.995,81.0,stable_43deg,stable_43deg,0.0,42.952887931807766,0.2868523319273054,80.0,79.73333705556313,0.04335846717054907,0.7519826701518326,0.0018799566753795816,0.05889985753771855,0.016970536472977037
AVMD,IMF7,background_dynamic_mode,90.29468011126563,160,16000,16399,80.0,81.995,81.0,stable_43deg,stable_43deg,0.0,42.952887931807766,0.2868523319273054,90.5,92.66906690486131,0.018452453683529674,0.13619721877712312,0.0003404930469428078,0.022851320557599576,0.012670047557011028
AVMD,IMF1,angle_position_mode,0.008692628650904,161,16100,16499,80.5,82.495,81.5,stable_43deg,stable_43deg,0.0,42.99906068367656,0.1204152377535168,,,0.12804326754473147,6.558031345412674,0.016395078363531684,0.1534184465421531,0.02761708192803428
AVMD,IMF2,background_dynamic_mode,17.793810848400554,161,16100,16499,80.5,82.495,81.5,stable_43deg,stable_43deg,0.0,42.99906068367656,0.1204152377535168,15.5,17.282554437925857,0.08074314386107428,2.6077821122280547,0.006519455280570137,0.10410727213436158,0.04569423710271727
AVMD,IMF3,background_dynamic_mode,39.90785813630041,161,16100,16499,80.5,82.495,81.5,stable_43deg,stable_43deg,0.0,42.99906068367656,0.1204152377535168,36.0,37.47085405314766,0.040200556558033104,0.6464338990302474,0.0016160847475756184,0.05194720058205824,0.023365160906441064
AVMD,IMF4,background_dynamic_mode,54.08118915159944,161,16100,16499,80.5,82.495,81.5,stable_43deg,stable_43deg,0.0,42.99906068367656,0.1204152377535168,54.5,52.94716321885863,0.020737462045961517,0.17201693284307779,0.0004300423321076945,0.02606639687973689,0.013435523421633636
AVMD,IMF5,background_dynamic_mode,59.97479137691238,161,16100,16499,80.5,82.495,81.5,stable_43deg,stable_43deg,0.0,42.99906068367656,0.1204152377535168,64.0,62.2782314460986,0.019477034756349276,0.15174195316001504,0.0003793548829000376,0.025223579556941562,0.011031664791998389
AVMD,IMF6,background_dynamic_mode,80.04607093184978,161,16100,16499,80.5,82.495,81.5,stable_43deg,stable_43deg,0.0,42.99906068367656,0.1204152377535168,80.0,79.79421544450713,0.04296295526987659,0.7383262102085667,0.0018458155255214167,0.05791472103470974,0.018394455853001174
AVMD,IMF7,background_dynamic_mode,90.29468011126563,161,16100,16499,80.5,82.495,81.5,stable_43deg,stable_43deg,0.0,42.99906068367656,0.1204152377535168,91.0,92.49404257305525,0.019000326255842054,0.14440495913137638,0.00036101239782844094,0.023830490461765868,0.012219285751748328
AVMD,IMF1,angle_position_mode,0.008692628650904,162,16200,16599,81.0,82.995,82.0,stable_43deg,stable_43deg,0.0,43.0,0.0,,,0.12790083149026132,6.543449078360089,0.016358622695900223,0.15085828042063903,0.029727830115591145
AVMD,IMF2,background_dynamic_mode,17.793810848400554,162,16200,16599,81.0,82.995,82.0,stable_43deg,stable_43deg,0.0,43.0,0.0,16.0,16.51846358956162,0.0717310378227957,2.058136714854139,0.005145341787135348,0.09429145916268261,0.03695952738472989
AVMD,IMF3,background_dynamic_mode,39.90785813630041,162,16200,16599,81.0,82.995,82.0,stable_43deg,stable_43deg,0.0,43.0,0.0,38.0,37.77861699028398,0.04064108832927006,0.6606792242350124,0.001651698060587531,0.05198992181381884,0.024611698978218986
AVMD,IMF4,background_dynamic_mode,54.08118915159944,162,16200,16599,81.0,82.995,82.0,stable_43deg,stable_43deg,0.0,43.0,0.0,54.0,52.59265227907308,0.02267726147694494,0.20570327523749235,0.0005142581880937309,0.029439814019778517,0.012716235431349475
AVMD,IMF5,background_dynamic_mode,59.97479137691238,162,16200,16599,81.0,82.995,82.0,stable_43deg,stable_43deg,0.0,43.0,0.0,62.0,63.189535378897624,0.017932417709853866,0.12862864196827223,0.0003215716049206806,0.023498231375458287,0.009504107975518853
AVMD,IMF6,background_dynamic_mode,80.04607093184978,162,16200,16599,81.0,82.995,82.0,stable_43deg,stable_43deg,0.0,43.0,0.0,80.0,79.49459580763748,0.0407360809035391,0.6637713149518731,0.0016594282873796829,0.055058356194167615,0.016860818909760163
AVMD,IMF7,background_dynamic_mode,90.29468011126563,162,16200,16599,81.0,82.995,82.0,stable_43deg,stable_43deg,0.0,43.0,0.0,91.5,92.34851554626576,0.019046346578064966,0.14510532718870683,0.0003627633179717671,0.024427291030663073,0.011770074064606131
AVMD,IMF1,angle_position_mode,0.008692628650904,163,16300,16699,81.5,83.495,82.5,stable_43deg,stable_43deg,0.0,43.0,0.0,,,0.12931176810000436,6.688613347659721,0.0167215333691493,0.15463478532300476,0.02755102025705347
AVMD,IMF2,background_dynamic_mode,17.793810848400554,163,16300,16699,81.5,83.495,82.5,stable_43deg,stable_43deg,0.0,43.0,0.0,16.0,16.823040086863593,0.0678677910491049,1.8424148247539853,0.004606037061884964,0.08932384062792335,0.03456642525453807
AVMD,IMF3,background_dynamic_mode,39.90785813630041,163,16300,16699,81.5,83.495,82.5,stable_43deg,stable_43deg,0.0,43.0,0.0,37.5,37.35094291382938,0.03980553416148504,0.6337922199524609,0.0015844805498811524,0.05015143209505018,0.025692478562376993
AVMD,IMF4,background_dynamic_mode,54.08118915159944,163,16300,16699,81.5,83.495,82.5,stable_43deg,stable_43deg,0.0,43.0,0.0,54.0,52.66657072443566,0.020682317061462282,0.17110329561234153,0.0004277582390308538,0.02751058260831616,0.009934823275417781
AVMD,IMF5,background_dynamic_mode,59.97479137691238,163,16300,16699,81.5,83.495,82.5,stable_43deg,stable_43deg,0.0,43.0,0.0,62.0,61.858950988216044,0.017246536765696253,0.11897721216420504,0.0002974430304105126,0.022220809272776955,0.01003643076812066
AVMD,IMF6,background_dynamic_mode,80.04607093184978,163,16300,16699,81.5,83.495,82.5,stable_43deg,stable_43deg,0.0,43.0,0.0,80.0,79.4969447309141,0.03911939397600095,0.6121307940198317,0.0015303269850495793,0.052131011749352994,0.018260571420211473
AVMD,IMF7,background_dynamic_mode,90.29468011126563,163,16300,16699,81.5,83.495,82.5,stable_43deg,stable_43deg,0.0,43.0,0.0,92.0,92.96186413290486,0.02015448939173691,0.16248137705665425,0.00040620344264163564,0.025490181152354276,0.011819764705684925
AVMD,IMF1,angle_position_mode,0.008692628650904,164,16400,16799,82.0,83.995,83.0,stable_43deg,stable_43deg,0.0,43.0,0.0,,,0.13942314582157986,7.77552543631421,0.019438813590785524,0.16514231160797485,0.028943972327775753
AVMD,IMF2,background_dynamic_mode,17.793810848400554,164,16400,16799,82.0,83.995,83.0,stable_43deg,stable_43deg,0.0,43.0,0.0,16.0,17.498697422386382,0.0657446563820656,1.728943937118352,0.0043223598427958795,0.0872292142709505,0.03226170872294871
AVMD,IMF3,background_dynamic_mode,39.90785813630041,164,16400,16799,82.0,83.995,83.0,stable_43deg,stable_43deg,0.0,43.0,0.0,36.0,36.817908283425936,0.04040620796056104,0.6530646567008427,0.0016326616417521066,0.050846832999752165,0.026249739325157964
AVMD,IMF4,background_dynamic_mode,54.08118915159944,164,16400,16799,82.0,83.995,83.0,stable_43deg,stable_43deg,0.0,43.0,0.0,52.0,52.186072451912665,0.01997023654080919,0.15952413899834825,0.0003988103474958706,0.02633878618972848,0.010396220498667308
AVMD,IMF5,background_dynamic_mode,59.97479137691238,164,16400,16799,82.0,83.995,83.0,stable_43deg,stable_43deg,0.0,43.0,0.0,60.0,61.08870916145556,0.016971429356728875,0.11521176576417547,0.00028802941441043867,0.021594927197928132,0.010450340496142952
AVMD,IMF6,background_dynamic_mode,80.04607093184978,164,16400,16799,82.0,83.995,83.0,stable_43deg,stable_43deg,0.0,43.0,0.0,80.0,79.765952957339,0.03973985160791557,0.6317023223276599,0.0015792558058191498,0.05371075777425085,0.016353539283062456
AVMD,IMF7,background_dynamic_mode,90.29468011126563,164,16400,16799,82.0,83.995,83.0,stable_43deg,stable_43deg,0.0,43.0,0.0,92.0,93.20346823517791,0.021377465169432744,0.18279840682812404,0.0004569960170703101,0.028147392905544306,0.010907805382005574
AVMD,IMF1,angle_position_mode,0.008692628650904,165,16500,16899,82.5,84.495,83.5,stable_43deg,stable_43deg,0.0,43.0,0.0,,,0.14683741020473126,8.624490014253007,0.021561225035632518,0.1769357536165584,0.030660898947794342
AVMD,IMF2,background_dynamic_mode,17.793810848400554,165,16500,16899,82.5,84.495,83.5,stable_43deg,stable_43deg,0.0,43.0,0.0,16.0,17.25922986296789,0.06276267770085378,1.5756614848724997,0.003939153712181249,0.0831840206990414,0.03151265346080866
AVMD,IMF3,background_dynamic_mode,39.90785813630041,165,16500,16899,82.5,84.495,83.5,stable_43deg,stable_43deg,0.0,43.0,0.0,37.5,37.67646675959695,0.03888700514940683,0.6048796677959973,0.0015121991694899933,0.04996179924870563,0.022866832584408664
AVMD,IMF4,background_dynamic_mode,54.08118915159944,165,16500,16899,82.5,84.495,83.5,stable_43deg,stable_43deg,0.0,43.0,0.0,54.5,52.509446580643335,0.022919598712107126,0.21012320204960908,0.0005253080051240227,0.029297064252296705,0.0138090787788294
AVMD,IMF5,background_dynamic_mode,59.97479137691238,165,16500,16899,82.5,84.495,83.5,stable_43deg,stable_43deg,0.0,43.0,0.0,61.0,60.989339548612875,0.015740021687980638,0.09909931309524032,0.00024774828273810084,0.020219939826030063,0.009321670172156947
AVMD,IMF6,background_dynamic_mode,80.04607093184978,165,16500,16899,82.5,84.495,83.5,stable_43deg,stable_43deg,0.0,43.0,0.0,80.0,79.84619743803785,0.04045031621693019,0.6544912328198582,0.0016362280820496455,0.055161905715216154,0.015044127519539825
AVMD,IMF7,background_dynamic_mode,90.29468011126563,165,16500,16899,82.5,84.495,83.5,stable_43deg,stable_43deg,0.0,43.0,0.0,91.5,92.15488834828629,0.021703946241267445,0.18842451297753088,0.0004710612824438272,0.028423569824081757,0.011394022480554431
AVMD,IMF1,angle_position_mode,0.008692628650904,166,16600,16999,83.0,84.995,84.0,stable_43deg,stable_43deg,0.0,43.0,0.0,,,0.1497045457657753,8.964580409174843,0.02241145102293711,0.18898487336368064,0.02304110684840654
AVMD,IMF2,background_dynamic_mode,17.793810848400554,166,16600,16999,83.0,84.995,84.0,stable_43deg,stable_43deg,0.0,43.0,0.0,16.5,17.213272126546528,0.06267663147260796,1.5713440531012446,0.003928360132753111,0.08234864727879714,0.033155572980450916
AVMD,IMF3,background_dynamic_mode,39.90785813630041,166,16600,16999,83.0,84.995,84.0,stable_43deg,stable_43deg,0.0,43.0,0.0,40.0,38.59853393606416,0.03766653170872398,0.5675070443857235,0.001418767610964309,0.04825537839327012,0.022551167569656375
AVMD,IMF4,background_dynamic_mode,54.08118915159944,166,16600,16999,83.0,84.995,84.0,stable_43deg,stable_43deg,0.0,43.0,0.0,54.5,53.48125380055749,0.023223061787472528,0.21572423951390668,0.0005393105987847667,0.02954311820951351,0.014304489939214326
AVMD,IMF5,background_dynamic_mode,59.97479137691238,166,16600,16999,83.0,84.995,84.0,stable_43deg,stable_43deg,0.0,43.0,0.0,62.0,61.346147844343406,0.015664646009576386,0.09815245384213495,0.0002453811346053374,0.019785624982241557,0.00995873011295536
AVMD,IMF6,background_dynamic_mode,80.04607093184978,166,16600,16999,83.0,84.995,84.0,stable_43deg,stable_43deg,0.0,43.0,0.0,80.0,79.79631788378589,0.039352001694674316,0.61943201495106,0.0015485800373776502,0.053682600924272544,0.014436907881860868
AVMD,IMF7,background_dynamic_mode,90.29468011126563,166,16600,16999,83.0,84.995,84.0,stable_43deg,stable_43deg,0.0,43.0,0.0,91.5,91.97228225568246,0.021518096232451933,0.1852113861876248,0.00046302846546906204,0.028016530594538094,0.011333919552725343
AVMD,IMF1,angle_position_mode,0.008692628650904,167,16700,17099,83.5,85.495,84.5,stable_43deg,stable_43deg,0.0,43.0,0.0,,,0.1505858656762664,9.070441176588217,0.02267610294147054,0.19533096701706093,0.021973005152830655
AVMD,IMF2,background_dynamic_mode,17.793810848400554,167,16700,17099,83.5,85.495,84.5,stable_43deg,stable_43deg,0.0,43.0,0.0,16.5,17.476567421746,0.06224100388842764,1.549577026015706,0.003873942565039265,0.08176784092009587,0.03295462045157341
AVMD,IMF3,background_dynamic_mode,39.90785813630041,167,16700,17099,83.5,85.495,84.5,stable_43deg,stable_43deg,0.0,43.0,0.0,40.0,38.36670948503582,0.03691646995864919,0.5451303016831391,0.0013628257542078479,0.04739143447702933,0.021933607026251776
AVMD,IMF4,background_dynamic_mode,54.08118915159944,167,16700,17099,83.5,85.495,84.5,stable_43deg,stable_43deg,0.0,43.0,0.0,54.0,53.1190638399618,0.02308362245739742,0.21314145030226503,0.0005328536257556626,0.029041782064534827,0.014901221781143476
AVMD,IMF5,background_dynamic_mode,59.97479137691238,167,16700,17099,83.5,85.495,84.5,stable_43deg,stable_43deg,0.0,43.0,0.0,62.5,62.0764694464516,0.016028154495698804,0.1027606946151959,0.00025690173653798975,0.020384376209078073,0.009899014551987322
AVMD,IMF6,background_dynamic_mode,80.04607093184978,167,16700,17099,83.5,85.495,84.5,stable_43deg,stable_43deg,0.0,43.0,0.0,80.0,79.81722975676973,0.03877462929298118,0.6013887507232457,0.0015034718768081143,0.053647029240045344,0.011627981945693982
AVMD,IMF7,background_dynamic_mode,90.29468011126563,167,16700,17099,83.5,85.495,84.5,stable_43deg,stable_43deg,0.0,43.0,0.0,94.0,92.98221564974999,0.022278207876507465,0.1985274184755517,0.0004963185461888792,0.028596457735008737,0.013576835576640819
AVMD,IMF1,angle_position_mode,0.008692628650904,168,16800,17199,84.0,85.995,85.0,stable_43deg,stable_43deg,0.0,43.0,0.0,,,0.14781776874944622,8.740037103225903,0.02185009275806476,0.20198253861906085,0.024563233042364196
AVMD,IMF2,background_dynamic_mode,17.793810848400554,168,16800,17199,84.0,85.995,85.0,stable_43deg,stable_43deg,0.0,43.0,0.0,17.0,17.355891385330207,0.06119890707701781,1.4981224909685844,0.003745306227421461,0.07851993338169933,0.036331758499106304
AVMD,IMF3,background_dynamic_mode,39.90785813630041,168,16800,17199,84.0,85.995,85.0,stable_43deg,stable_43deg,0.0,43.0,0.0,40.0,38.46406120924035,0.03598580069078861,0.5179911405428648,0.001294977851357162,0.04652878338900141,0.020595552423825228
AVMD,IMF4,background_dynamic_mode,54.08118915159944,168,16800,17199,84.0,85.995,85.0,stable_43deg,stable_43deg,0.0,43.0,0.0,54.0,52.88418257724223,0.022277405823942546,0.1985131240978517,0.0004962828102446293,0.027380164614536805,0.015461876691768576
AVMD,IMF5,background_dynamic_mode,59.97479137691238,168,16800,17199,84.0,85.995,85.0,stable_43deg,stable_43deg,0.0,43.0,0.0,58.0,61.60314023431221,0.018077708437417836,0.13072141693931522,0.00032680354234828805,0.022409244593644784,0.012276516821617386
AVMD,IMF6,background_dynamic_mode,80.04607093184978,168,16800,17199,84.0,85.995,85.0,stable_43deg,stable_43deg,0.0,43.0,0.0,80.0,79.96188678286211,0.040562962700841795,0.6581415772279531,0.0016453539430698826,0.055786041817679204,0.013198131332299946
AVMD,IMF7,background_dynamic_mode,90.29468011126563,168,16800,17199,84.0,85.995,85.0,stable_43deg,stable_43deg,0.0,43.0,0.0,92.5,93.01122659439639,0.023448202885503526,0.2199272874238944,0.0005498182185597359,0.03019092237071132,0.013898246435849682
AVMD,IMF1,angle_position_mode,0.008692628650904,169,16900,17299,84.5,86.495,85.5,stable_43deg,stable_43deg,0.0,43.0,0.0,,,0.1434562063094484,8.231873251479609,0.02057968312869902,0.20747861578933635,0.0245548661379813
AVMD,IMF2,background_dynamic_mode,17.793810848400554,169,16900,17299,84.5,86.495,85.5,stable_43deg,stable_43deg,0.0,43.0,0.0,17.0,17.354154903739396,0.06076094511824095,1.4767569806647554,0.0036918924516618884,0.0783764905475588,0.03541270292989324
AVMD,IMF3,background_dynamic_mode,39.90785813630041,169,16900,17299,84.5,86.495,85.5,stable_43deg,stable_43deg,0.0,43.0,0.0,40.0,38.09374303806211,0.03538339216730678,0.5007937765061706,0.0012519844412654266,0.045253721081342776,0.0213520088767543
AVMD,IMF4,background_dynamic_mode,54.08118915159944,169,16900,17299,84.5,86.495,85.5,stable_43deg,stable_43deg,0.0,43.0,0.0,54.0,52.9755828264776,0.019570431136096824,0.15320070994108323,0.0003830017748527081,0.02464912807549716,0.012665176543304514
AVMD,IMF5,background_dynamic_mode,59.97479137691238,169,16900,17299,84.5,86.495,85.5,stable_43deg,stable_43deg,0.0,43.0,0.0,57.5,60.50477072894436,0.01948731860919829,0.15190223463056235,0.0003797555865764059,0.024074262539004132,0.013368131227856721
AVMD,IMF6,background_dynamic_mode,80.04607093184978,169,16900,17299,84.5,86.495,85.5,stable_43deg,stable_43deg,0.0,43.0,0.0,80.0,79.74173943552194,0.04159013419311198,0.6918957048804248,0.0017297392622010622,0.05710632831297588,0.014087976049857035
AVMD,IMF7,background_dynamic_mode,90.29468011126563,169,16900,17299,84.5,86.495,85.5,stable_43deg,stable_43deg,0.0,43.0,0.0,92.0,93.1127968224643,0.021987940937674685,0.1933878186714681,0.00048346954667867026,0.027905195038479425,0.013927186927694658
AVMD,IMF1,angle_position_mode,0.008692628650904,170,17000,17399,85.0,86.995,86.0,stable_43deg,stable_43deg,0.0,42.966576021187194,0.924925186863849,,,0.14009895431886799,7.851086800496104,0.01962771700124026,0.2127002512347915,0.0279331398863083
AVMD,IMF2,background_dynamic_mode,17.793810848400554,170,17000,17399,85.0,86.995,86.0,stable_43deg,stable_43deg,0.0,42.966576021187194,0.924925186863849,17.5,17.560422647568007,0.060242818964425245,1.4516788947122055,0.003629197236780514,0.07852977817677445,0.03261529739347655
AVMD,IMF3,background_dynamic_mode,39.90785813630041,170,17000,17399,85.0,86.995,86.0,stable_43deg,stable_43deg,0.0,42.966576021187194,0.924925186863849,40.0,37.86856902460737,0.03568894614916735,0.5094803508952669,0.0012737008772381673,0.046875020155375556,0.018702980918623914
AVMD,IMF4,background_dynamic_mode,54.08118915159944,170,17000,17399,85.0,86.995,86.0,stable_43deg,stable_43deg,0.0,42.966576021187194,0.924925186863849,54.0,52.85692652501672,0.017660257640571525,0.12475387997254597,0.00031188469993136494,0.022238064410524783,0.01143445110343098
AVMD,IMF5,background_dynamic_mode,59.97479137691238,170,17000,17399,85.0,86.995,86.0,stable_43deg,stable_43deg,0.0,42.966576021187194,0.924925186863849,58.0,60.15154578973615,0.01960176862247964,0.15369173325169092,0.0003842293331292273,0.02460878038209936,0.012785966683560563
AVMD,IMF6,background_dynamic_mode,80.04607093184978,170,17000,17399,85.0,86.995,86.0,stable_43deg,stable_43deg,0.0,42.966576021187194,0.924925186863849,80.0,79.75268458705048,0.04549272895994361,0.8278353552891567,0.002069588388222892,0.06266133022689743,0.015064471579880376
AVMD,IMF7,background_dynamic_mode,90.29468011126563,170,17000,17399,85.0,86.995,86.0,stable_43deg,stable_43deg,0.0,42.966576021187194,0.924925186863849,92.0,92.04347062099292,0.020609478164160634,0.16990023607960558,0.00042475059019901395,0.025286947076319174,0.014737969204842827
AVMD,IMF1,angle_position_mode,0.008692628650904,171,17100,17499,85.5,87.495,86.5,stable_43deg,stable_43deg,0.0,42.61633184143459,1.8669536209572903,,,0.1353998377415963,7.333246424180243,0.018333116060450606,0.22213388213680388,0.025379818820039476
AVMD,IMF2,background_dynamic_mode,17.793810848400554,171,17100,17499,85.5,87.495,86.5,stable_43deg,stable_43deg,0.0,42.61633184143459,1.8669536209572903,17.5,17.819282588208427,0.06253584469353726,1.5642927486136848,0.003910731871534212,0.08205245793514983,0.0328100205623454
AVMD,IMF3,background_dynamic_mode,39.90785813630041,171,17100,17499,85.5,87.495,86.5,stable_43deg,stable_43deg,0.0,42.61633184143459,1.8669536209572903,39.5,38.86434178520383,0.0348257818822188,0.48513403348315165,0.0012128350837078792,0.04617563566089101,0.017074977718879714
AVMD,IMF4,background_dynamic_mode,54.08118915159944,171,17100,17499,85.5,87.495,86.5,stable_43deg,stable_43deg,0.0,42.61633184143459,1.8669536209572903,54.0,52.78204050766381,0.016573993986134305,0.10987891066096642,0.00027469727665241605,0.020928554558290423,0.010565995973359294
AVMD,IMF5,background_dynamic_mode,59.97479137691238,171,17100,17499,85.5,87.495,86.5,stable_43deg,stable_43deg,0.0,42.61633184143459,1.8669536209572903,58.5,60.311285456116316,0.02155257033029871,0.18580531513698886,0.00046451328784247214,0.027567136786654123,0.01300619041975482
AVMD,IMF6,background_dynamic_mode,80.04607093184978,171,17100,17499,85.5,87.495,86.5,stable_43deg,stable_43deg,0.0,42.61633184143459,1.8669536209572903,80.0,79.78132956314724,0.04676010609972053,0.8746030089828487,0.0021865075224571217,0.06409166845255085,0.016374157664018046
AVMD,IMF7,background_dynamic_mode,90.29468011126563,171,17100,17499,85.5,87.495,86.5,stable_43deg,stable_43deg,0.0,42.61633184143459,1.8669536209572903,92.5,91.36857802605093,0.01853095447432665,0.13735850949182676,0.0003433962737295669,0.023616372220078313,0.011718784177633446
AVMD,IMF1,angle_position_mode,0.008692628650904,172,17200,17599,86.0,87.995,87.0,stable_43deg,stable_43deg,0.105,41.82482053039943,2.668576283194452,,,0.12936260386183165,6.693873311165273,0.016734683277913182,0.2310057109052449,0.028126988387042397
AVMD,IMF2,background_dynamic_mode,17.793810848400554,172,17200,17599,86.0,87.995,87.0,stable_43deg,stable_43deg,0.105,41.82482053039943,2.668576283194452,17.5,17.793245770127474,0.06347375517483528,1.611567038397971,0.004028917595994928,0.08407944529002043,0.03143654595950594
AVMD,IMF3,background_dynamic_mode,39.90785813630041,172,17200,17599,86.0,87.995,87.0,stable_43deg,stable_43deg,0.105,41.82482053039943,2.668576283194452,36.5,37.95361428159467,0.03281948169509574,0.4308473514938898,0.0010771183787347245,0.043015159922252216,0.017586080786672738
AVMD,IMF4,background_dynamic_mode,54.08118915159944,172,17200,17599,86.0,87.995,87.0,stable_43deg,stable_43deg,0.105,41.82482053039943,2.668576283194452,53.5,52.3841890360514,0.016893480186212288,0.11415586912077885,0.0002853896728019471,0.021369696798979508,0.010553846279272156
AVMD,IMF5,background_dynamic_mode,59.97479137691238,172,17200,17599,86.0,87.995,87.0,stable_43deg,stable_43deg,0.105,41.82482053039943,2.668576283194452,60.0,61.00050375759936,0.020603241259257086,0.16979742015486143,0.00042449355038715357,0.02641245628616854,0.012289700848848114
AVMD,IMF6,background_dynamic_mode,80.04607093184978,172,17200,17599,86.0,87.995,87.0,stable_43deg,stable_43deg,0.105,41.82482053039943,2.668576283194452,80.0,79.71138810695017,0.046926662794206736,0.8808446724004748,0.002202111681001187,0.06437689186100252,0.016391235319519
AVMD,IMF7,background_dynamic_mode,90.29468011126563,172,17200,17599,86.0,87.995,87.0,stable_43deg,stable_43deg,0.105,41.82482053039943,2.668576283194452,92.5,92.53463736163783,0.01943439296206661,0.15107825192160967,0.0003776956298040242,0.024574763098618713,0.012346112906121566
AVMD,IMF1,angle_position_mode,0.008692628650904,173,17300,17699,86.5,88.495,87.5,stable_43deg,stable_43deg,0.355,40.52535522138356,3.4278408936503455,,,0.12245281854754582,5.997877108095272,0.014994692770238181,0.23639209147831522,0.029158324360756976
AVMD,IMF2,background_dynamic_mode,17.793810848400554,173,17300,17699,86.5,88.495,87.5,stable_43deg,stable_43deg,0.355,40.52535522138356,3.4278408936503455,17.5,17.981906136410572,0.06574474630116849,1.728948666482003,0.004322371666205008,0.08634399476369892,0.033771532459259054
AVMD,IMF3,background_dynamic_mode,39.90785813630041,173,17300,17699,86.5,88.495,87.5,stable_43deg,stable_43deg,0.355,40.52535522138356,3.4278408936503455,38.5,37.84468679937733,0.03420471192038047,0.4679849270224872,0.001169962317556218,0.04480769548267242,0.018233703346306637
AVMD,IMF4,background_dynamic_mode,54.08118915159944,173,17300,17699,86.5,88.495,87.5,stable_43deg,stable_43deg,0.355,40.52535522138356,3.4278408936503455,53.5,52.220472534695496,0.01752018764109161,0.12278278999162368,0.0003069569749790592,0.022078168917529978,0.011195315681290799
AVMD,IMF5,background_dynamic_mode,59.97479137691238,173,17300,17699,86.5,88.495,87.5,stable_43deg,stable_43deg,0.355,40.52535522138356,3.4278408936503455,59.5,60.705529163787624,0.01949810556061801,0.1520704481812012,0.00038017612045300296,0.025521967737535713,0.010521291248720255
AVMD,IMF6,background_dynamic_mode,80.04607093184978,173,17300,17699,86.5,88.495,87.5,stable_43deg,stable_43deg,0.355,40.52535522138356,3.4278408936503455,80.0,79.62398987679832,0.0449639254773658,0.8087018377336421,0.002021754594334105,0.061304838175953315,0.017285453574593206
AVMD,IMF7,background_dynamic_mode,90.29468011126563,173,17300,17699,86.5,88.495,87.5,stable_43deg,stable_43deg,0.355,40.52535522138356,3.4278408936503455,92.5,92.58680523229212,0.020686197843414633,0.1711675124867569,0.0004279187812168923,0.02614123971579839,0.013084461246795596
AVMD,IMF1,angle_position_mode,0.008692628650904,174,17400,17799,87.0,88.995,88.0,moving_43_to_10,moving_43_to_10,0.605,38.6964708131128,4.0476672271590735,,,0.11285865640459723,5.094830530180375,0.012737076325450937,0.25051558425887244,0.028741065663802717
AVMD,IMF2,background_dynamic_mode,17.793810848400554,174,17400,17799,87.0,88.995,88.0,moving_43_to_10,moving_43_to_10,0.605,38.6964708131128,4.0476672271590735,17.5,18.16220914046538,0.061066305987349113,1.49163749077622,0.00372909372694055,0.07988927235158932,0.0329016840751401
AVMD,IMF3,background_dynamic_mode,39.90785813630041,174,17400,17799,87.0,88.995,88.0,moving_43_to_10,moving_43_to_10,0.605,38.6964708131128,4.0476672271590735,40.0,38.666849108499605,0.03294803025818513,0.4342290791577131,0.0010855726978942827,0.0427485549953703,0.01846920678864144
AVMD,IMF4,background_dynamic_mode,54.08118915159944,174,17400,17799,87.0,88.995,88.0,moving_43_to_10,moving_43_to_10,0.605,38.6964708131128,4.0476672271590735,54.0,52.305662228945614,0.019696098216923513,0.15517451398827903,0.00038793628497069756,0.025121553189254475,0.012029026848842458
AVMD,IMF5,background_dynamic_mode,59.97479137691238,174,17400,17799,87.0,88.995,88.0,moving_43_to_10,moving_43_to_10,0.605,38.6964708131128,4.0476672271590735,58.0,61.15072600385688,0.018659399608429505,0.13926927749882367,0.0003481731937470592,0.023993217145332046,0.010963444446146293
AVMD,IMF6,background_dynamic_mode,80.04607093184978,174,17400,17799,87.0,88.995,88.0,moving_43_to_10,moving_43_to_10,0.605,38.6964708131128,4.0476672271590735,80.0,79.8506899497839,0.04460264678439377,0.7957584400693567,0.0019893961001733918,0.06085045714132068,0.017082203269775026
AVMD,IMF7,background_dynamic_mode,90.29468011126563,174,17400,17799,87.0,88.995,88.0,moving_43_to_10,moving_43_to_10,0.605,38.6964708131128,4.0476672271590735,92.0,91.7864047444885,0.021235916175244778,0.1803856543208091,0.00045096413580202277,0.027277360566903885,0.012529576602564858
AVMD,IMF1,angle_position_mode,0.008692628650904,175,17500,17899,87.5,89.495,88.5,moving_43_to_10,moving_43_to_10,0.855,36.58132065296193,4.456577394883237,,,0.09888396048794199,3.9112150567123494,0.009778037641780873,0.25997821833103574,0.024006535720456777
AVMD,IMF2,background_dynamic_mode,17.793810848400554,175,17500,17899,87.5,89.495,88.5,moving_43_to_10,moving_43_to_10,0.855,36.58132065296193,4.456577394883237,17.5,18.153523879575648,0.05273714518151426,1.1124825927584452,0.002781206481896113,0.06576979380914341,0.0351950852006467
AVMD,IMF3,background_dynamic_mode,39.90785813630041,175,17500,17899,87.5,89.495,88.5,moving_43_to_10,moving_43_to_10,0.855,36.58132065296193,4.456577394883237,39.5,38.69672534697324,0.034326851037743876,0.47133308086698317,0.001178332702167458,0.04501539142392,0.018270079399560855
AVMD,IMF4,background_dynamic_mode,54.08118915159944,175,17500,17899,87.5,89.495,88.5,moving_43_to_10,moving_43_to_10,0.855,36.58132065296193,4.456577394883237,54.0,53.3252599624737,0.019372048611907184,0.15011050696883801,0.000375276267422095,0.02486459400096934,0.011520291408089871
AVMD,IMF5,background_dynamic_mode,59.97479137691238,175,17500,17899,87.5,89.495,88.5,moving_43_to_10,moving_43_to_10,0.855,36.58132065296193,4.456577394883237,62.0,62.04057812497055,0.01660221357534576,0.11025339824055805,0.0002756334956013951,0.02152440753967555,0.009426620911358728
AVMD,IMF6,background_dynamic_mode,80.04607093184978,175,17500,17899,87.5,89.495,88.5,moving_43_to_10,moving_43_to_10,0.855,36.58132065296193,4.456577394883237,80.0,79.6703185801456,0.048102148176175814,0.9255266636651096,0.002313816659162774,0.06609308241874048,0.016310636811354837
AVMD,IMF7,background_dynamic_mode,90.29468011126563,175,17500,17899,87.5,89.495,88.5,moving_43_to_10,moving_43_to_10,0.855,36.58132065296193,4.456577394883237,92.0,91.40045293984744,0.020945742219043474,0.17548964684264812,0.0004387241171066203,0.026522525097291787,0.013077982206194452
AVMD,IMF1,angle_position_mode,0.008692628650904,176,17600,17999,88.0,89.995,89.0,moving_43_to_10,moving_43_to_10,1.0,34.280657071681524,4.75746332129898,,,0.07962512278808508,2.5360640716070506,0.006340160179017626,0.26328097323553934,0.029244436020071932
AVMD,IMF2,background_dynamic_mode,17.793810848400554,176,17600,17999,88.0,89.995,89.0,moving_43_to_10,moving_43_to_10,1.0,34.280657071681524,4.75746332129898,17.0,18.36894896765356,0.057506823496719275,1.3228138994731298,0.0033070347486828244,0.07203099990449964,0.03791450970841284
AVMD,IMF3,background_dynamic_mode,39.90785813630041,176,17600,17999,88.0,89.995,89.0,moving_43_to_10,moving_43_to_10,1.0,34.280657071681524,4.75746332129898,37.5,38.13659351839367,0.034628059804766374,0.4796410103369905,0.0011991025258424764,0.04524666164852011,0.018513873543849483
AVMD,IMF4,background_dynamic_mode,54.08118915159944,176,17600,17999,88.0,89.995,89.0,moving_43_to_10,moving_43_to_10,1.0,34.280657071681524,4.75746332129898,54.0,53.768384514731885,0.02016394034281042,0.16263379605936704,0.0004065844901484176,0.02657024866551702,0.010480620504231507
AVMD,IMF5,background_dynamic_mode,59.97479137691238,176,17600,17999,88.0,89.995,89.0,moving_43_to_10,moving_43_to_10,1.0,34.280657071681524,4.75746332129898,60.0,60.77380286673797,0.015289871310113525,0.09351206587193307,0.00023378016467983268,0.02002199766650895,0.008250340172846581
AVMD,IMF6,background_dynamic_mode,80.04607093184978,176,17600,17999,88.0,89.995,89.0,moving_43_to_10,moving_43_to_10,1.0,34.280657071681524,4.75746332129898,80.0,79.68769893298264,0.047212213610645086,0.8915972456068726,0.0022289931140171814,0.06450278774393312,0.017331942980417656
AVMD,IMF7,background_dynamic_mode,90.29468011126563,176,17600,17999,88.0,89.995,89.0,moving_43_to_10,moving_43_to_10,1.0,34.280657071681524,4.75746332129898,91.5,91.46967557929636,0.017211211458120552,0.11849031994245607,0.00029622579985614015,0.021514736365026595,0.01132043591831422
AVMD,IMF1,angle_position_mode,0.008692628650904,177,17700,18099,88.5,90.495,89.5,moving_43_to_10,moving_43_to_10,1.0,31.85481290910718,4.936252224081356,,,0.060672697130843015,1.4724704708524026,0.0036811761771310065,0.26401503441055935,0.030791160091456576
AVMD,IMF2,background_dynamic_mode,17.793810848400554,177,17700,18099,88.5,90.495,89.5,moving_43_to_10,moving_43_to_10,1.0,31.85481290910718,4.936252224081356,17.0,17.93873153273729,0.0520256200874788,1.082666058194671,0.0027066651454866774,0.06392034465579864,0.036335280226960955
AVMD,IMF3,background_dynamic_mode,39.90785813630041,177,17700,18099,88.5,90.495,89.5,moving_43_to_10,moving_43_to_10,1.0,31.85481290910718,4.936252224081356,37.0,37.13401386503702,0.032298417718265894,0.4172751148414369,0.0010431877871035923,0.04166079421002875,0.01869441301274665
AVMD,IMF4,background_dynamic_mode,54.08118915159944,177,17700,18099,88.5,90.495,89.5,moving_43_to_10,moving_43_to_10,1.0,31.85481290910718,4.936252224081356,54.5,53.38840504278617,0.019303471720236318,0.1490496081815853,0.00037262402045396323,0.02512918406520432,0.01072557420587567
AVMD,IMF5,background_dynamic_mode,59.97479137691238,177,17700,18099,88.5,90.495,89.5,moving_43_to_10,moving_43_to_10,1.0,31.85481290910718,4.936252224081356,60.0,61.396263065046,0.01457850756242956,0.08501315309912635,0.00021253288274781588,0.018619798341369873,0.008709049010299348
AVMD,IMF6,background_dynamic_mode,80.04607093184978,177,17700,18099,88.5,90.495,89.5,moving_43_to_10,moving_43_to_10,1.0,31.85481290910718,4.936252224081356,80.0,79.99406534410528,0.04766534226577886,0.9087939413255377,0.0022719848533138444,0.0652251442320496,0.01670916464318207
AVMD,IMF7,background_dynamic_mode,90.29468011126563,177,17700,18099,88.5,90.495,89.5,moving_43_to_10,moving_43_to_10,1.0,31.85481290910718,4.936252224081356,91.5,92.28659935196856,0.018335599404906443,0.1344776822148822,0.00033619420553720553,0.023095222802299045,0.011848307344299603
AVMD,IMF1,angle_position_mode,0.008692628650904,178,17800,18199,89.0,90.995,90.0,moving_43_to_10,moving_43_to_10,1.0,29.369316473070008,4.986734976714298,,,0.04522355876877502,0.8180681070851392,0.0020451702677128482,0.25354360962351685,0.03294712296135896
AVMD,IMF2,background_dynamic_mode,17.793810848400554,178,17800,18199,89.0,90.995,90.0,moving_43_to_10,moving_43_to_10,1.0,29.369316473070008,4.986734976714298,17.0,17.623075979922632,0.0513376937403248,1.0542235194301535,0.002635558798575384,0.06255424095290157,0.03681127701563736
AVMD,IMF3,background_dynamic_mode,39.90785813630041,178,17800,18199,89.0,90.995,90.0,moving_43_to_10,moving_43_to_10,1.0,29.369316473070008,4.986734976714298,36.5,37.227999565577214,0.032678979116899015,0.4271662704490887,0.0010679156761227218,0.04237742470539397,0.018532803130912802
AVMD,IMF4,background_dynamic_mode,54.08118915159944,178,17800,18199,89.0,90.995,90.0,moving_43_to_10,moving_43_to_10,1.0,29.369316473070008,4.986734976714298,54.5,53.127229458385386,0.016569237973643392,0.10981585881089047,0.00027453964702722614,0.02160643521011791,0.00905935288889521
AVMD,IMF5,background_dynamic_mode,59.97479137691238,178,17800,18199,89.0,90.995,90.0,moving_43_to_10,moving_43_to_10,1.0,29.369316473070008,4.986734976714298,60.0,62.52573165967611,0.015535119941042288,0.0965359806330279,0.00024133995158256974,0.019496157081614538,0.010129970018527765
AVMD,IMF6,background_dynamic_mode,80.04607093184978,178,17800,18199,89.0,90.995,90.0,moving_43_to_10,moving_43_to_10,1.0,29.369316473070008,4.986734976714298,80.0,79.91164042238616,0.043942357043108574,0.7723722970016136,0.001930930742504034,0.059305760383113366,0.01796239290555677
AVMD,IMF7,background_dynamic_mode,90.29468011126563,178,17800,18199,89.0,90.995,90.0,moving_43_to_10,moving_43_to_10,1.0,29.369316473070008,4.986734976714298,92.0,92.22250273678303,0.019410917101478468,0.1507134810881877,0.0003767837027204692,0.024707759417436474,0.011696129310832568
AVMD,IMF1,angle_position_mode,0.008692628650904,179,17900,18299,89.5,91.495,90.5,moving_43_to_10,moving_43_to_10,1.0,26.89066203549761,4.910753031377159,,,0.0392314297550969,0.6156420322516409,0.0015391050806291024,0.24552213829144956,0.03324277767033417
AVMD,IMF2,background_dynamic_mode,17.793810848400554,179,17900,18299,89.5,91.495,90.5,moving_43_to_10,moving_43_to_10,1.0,26.89066203549761,4.910753031377159,16.5,17.86827315919692,0.05117357692470934,1.0474939901076579,0.0026187349752691447,0.06183577871812924,0.03751608888930684
AVMD,IMF3,background_dynamic_mode,39.90785813630041,179,17900,18299,89.5,91.495,90.5,moving_43_to_10,moving_43_to_10,1.0,26.89066203549761,4.910753031377159,36.5,37.49865586475297,0.033360552449172326,0.44517058388559105,0.0011129264597139776,0.042877051341396036,0.019612069628692944
AVMD,IMF4,background_dynamic_mode,54.08118915159944,179,17900,18299,89.5,91.495,90.5,moving_43_to_10,moving_43_to_10,1.0,26.89066203549761,4.910753031377159,54.5,52.61681073097257,0.015889018553888835,0.10098436424232946,0.00025246091060582363,0.020268620804546583,0.00966315297811207
AVMD,IMF5,background_dynamic_mode,59.97479137691238,179,17900,18299,89.5,91.495,90.5,moving_43_to_10,moving_43_to_10,1.0,26.89066203549761,4.910753031377159,60.0,61.60658604002365,0.01393591541963322,0.0776838954332684,0.00019420973858317098,0.01687114986863266,0.010147624356645934
AVMD,IMF6,background_dynamic_mode,80.04607093184978,179,17900,18299,89.5,91.495,90.5,moving_43_to_10,moving_43_to_10,1.0,26.89066203549761,4.910753031377159,80.0,79.31607209781829,0.03857469652358066,0.5952028847545383,0.0014880072118863457,0.0524697483299734,0.014610225147422055
AVMD,IMF7,background_dynamic_mode,90.29468011126563,179,17900,18299,89.5,91.495,90.5,moving_43_to_10,moving_43_to_10,1.0,26.89066203549761,4.910753031377159,91.0,91.40610298317348,0.0201982603815326,0.16318788897607575,0.0004079697224401894,0.026320952746162075,0.011059434849137274
AVMD,IMF1,angle_position_mode,0.008692628650904,180,18000,18399,90.0,91.995,91.0,moving_43_to_10,moving_43_to_10,1.0,24.482205405742672,4.71756053951702,,,0.03910800937891566,0.6117745590325421,0.0015294363975813551,0.23490356550721395,0.02686514816083539
AVMD,IMF2,background_dynamic_mode,17.793810848400554,180,18000,18399,90.0,91.995,91.0,moving_43_to_10,moving_43_to_10,1.0,24.482205405742672,4.71756053951702,20.0,18.381517148074757,0.04141478219306658,0.686073673639658,0.001715184184099145,0.05064148328167678,0.029305521354762425
AVMD,IMF3,background_dynamic_mode,39.90785813630041,180,18000,18399,90.0,91.995,91.0,moving_43_to_10,moving_43_to_10,1.0,24.482205405742672,4.71756053951702,36.0,37.05042144519566,0.0327036112040056,0.42781047431310415,0.0010695261857827604,0.04202046827070003,0.019393392384214423
AVMD,IMF4,background_dynamic_mode,54.08118915159944,180,18000,18399,90.0,91.995,91.0,moving_43_to_10,moving_43_to_10,1.0,24.482205405742672,4.71756053951702,54.0,52.21050519255447,0.0150236376226661,0.09028387496687532,0.0002257096874171883,0.018721309538055987,0.010056452602747517
AVMD,IMF5,background_dynamic_mode,59.97479137691238,180,18000,18399,90.0,91.995,91.0,moving_43_to_10,moving_43_to_10,1.0,24.482205405742672,4.71756053951702,58.0,61.50242466710782,0.013347861633915579,0.07126616407926219,0.00017816541019815546,0.015894163574272084,0.010175621670271624
AVMD,IMF6,background_dynamic_mode,80.04607093184978,180,18000,18399,90.0,91.995,91.0,moving_43_to_10,moving_43_to_10,1.0,24.482205405742672,4.71756053951702,80.0,79.29932551229228,0.03437135827532699,0.4725561078763555,0.0011813902696908888,0.04674541793393761,0.0131996398882128
AVMD,IMF7,background_dynamic_mode,90.29468011126563,180,18000,18399,90.0,91.995,91.0,moving_43_to_10,moving_43_to_10,1.0,24.482205405742672,4.71756053951702,91.0,91.02702746154965,0.02115236190699304,0.1789689656977641,0.00044742241424441026,0.02802634632564001,0.010374880235858745
AVMD,IMF1,angle_position_mode,0.008692628650904,181,18100,18499,90.5,92.495,91.5,moving_43_to_10,moving_43_to_10,1.0,22.20061280838913,4.422512491427431,,,0.04358786715654535,0.7599608653026579,0.001899902163256645,0.23071182357658293,0.02515474300888992
AVMD,IMF2,background_dynamic_mode,17.793810848400554,181,18100,18499,90.5,92.495,91.5,moving_43_to_10,moving_43_to_10,1.0,22.20061280838913,4.422512491427431,20.0,18.466360301144967,0.04544134994303891,0.825966513858289,0.0020649162846457223,0.056871914323655064,0.030270714482878304
AVMD,IMF3,background_dynamic_mode,39.90785813630041,181,18100,18499,90.5,92.495,91.5,moving_43_to_10,moving_43_to_10,1.0,22.20061280838913,4.422512491427431,36.0,37.02283968909412,0.03333513009330481,0.4444923593350224,0.001111230898337556,0.043467815506990595,0.018291284334545455
AVMD,IMF4,background_dynamic_mode,54.08118915159944,181,18100,18499,90.5,92.495,91.5,moving_43_to_10,moving_43_to_10,1.0,22.20061280838913,4.422512491427431,53.5,53.07055078085878,0.015258716430677418,0.09313137084473,0.000232828427111825,0.01939318536900104,0.009458001483118495
AVMD,IMF5,background_dynamic_mode,59.97479137691238,181,18100,18499,90.5,92.495,91.5,moving_43_to_10,moving_43_to_10,1.0,22.20061280838913,4.422512491427431,61.5,61.70413399196906,0.01262835790210949,0.06379016932150847,0.00015947542330377117,0.01506384637601045,0.009708394703474676
AVMD,IMF6,background_dynamic_mode,80.04607093184978,181,18100,18499,90.5,92.495,91.5,moving_43_to_10,moving_43_to_10,1.0,22.20061280838913,4.422512491427431,80.0,79.46255588392843,0.03297649391539725,0.43497966038089264,0.0010874491509522315,0.04499820774344029,0.012159999449461605
AVMD,IMF7,background_dynamic_mode,90.29468011126563,181,18100,18499,90.5,92.495,91.5,moving_43_to_10,moving_43_to_10,1.0,22.20061280838913,4.422512491427431,90.5,91.18016956823921,0.020532740520950096,0.1686373733202664,0.000421593433300666,0.02752663292830788,0.00888066308798243
AVMD,IMF1,angle_position_mode,0.008692628650904,182,18200,18599,91.0,92.995,92.0,moving_43_to_10,moving_43_to_10,1.0,20.093159013067716,4.045338599380198,,,0.05878464761236191,1.3822539179638265,0.003455634794909566,0.22708866487520055,0.02924127884941374
AVMD,IMF2,background_dynamic_mode,17.793810848400554,182,18200,18599,91.0,92.995,92.0,moving_43_to_10,moving_43_to_10,1.0,20.093159013067716,4.045338599380198,16.5,17.33009433123777,0.04601085504863376,0.8467995129225545,0.0021169987823063865,0.057699393820026576,0.030528785878939705
AVMD,IMF3,background_dynamic_mode,39.90785813630041,182,18200,18599,91.0,92.995,92.0,moving_43_to_10,moving_43_to_10,1.0,20.093159013067716,4.045338599380198,36.0,36.86413024660452,0.03215670206653096,0.41362139511825446,0.0010340534877956362,0.04175729209949029,0.017985624956760638
AVMD,IMF4,background_dynamic_mode,54.08118915159944,182,18200,18599,91.0,92.995,92.0,moving_43_to_10,moving_43_to_10,1.0,20.093159013067716,4.045338599380198,54.0,53.52325414980635,0.017808517637929514,0.1268573201841786,0.00031714330046044654,0.02238853844993751,0.011557551197429603
AVMD,IMF5,background_dynamic_mode,59.97479137691238,182,18200,18599,91.0,92.995,92.0,moving_43_to_10,moving_43_to_10,1.0,20.093159013067716,4.045338599380198,62.0,62.23453371193908,0.010201603011852245,0.041629081604573126,0.00010407270401143281,0.012658340914876429,0.006941597416993716
AVMD,IMF6,background_dynamic_mode,80.04607093184978,182,18200,18599,91.0,92.995,92.0,moving_43_to_10,moving_43_to_10,1.0,20.093159013067716,4.045338599380198,80.0,79.58564896853044,0.03209988424944388,0.4121610275310781,0.0010304025688276952,0.044217035395079145,0.0101792250910437
AVMD,IMF7,background_dynamic_mode,90.29468011126563,182,18200,18599,91.0,92.995,92.0,moving_43_to_10,moving_43_to_10,1.0,20.093159013067716,4.045338599380198,90.5,91.30342797355436,0.01978167951712611,0.15652593780731466,0.00039131484451828666,0.026425192260353888,0.009197541719993424
AVMD,IMF1,angle_position_mode,0.008692628650904,183,18300,18699,91.5,93.495,92.5,moving_43_to_10,moving_43_to_10,1.0,18.196003705884316,3.6082949176342285,,,0.06531761667966547,1.706556419484685,0.004266391048711712,0.22285148377308203,0.029423124588638206
AVMD,IMF2,background_dynamic_mode,17.793810848400554,183,18300,18699,91.5,93.495,92.5,moving_43_to_10,moving_43_to_10,1.0,18.196003705884316,3.6082949176342285,16.5,16.76805269683962,0.05196244103072713,1.0800381111487176,0.002700095277871794,0.06717845828164286,0.029899479323613233
AVMD,IMF3,background_dynamic_mode,39.90785813630041,183,18300,18699,91.5,93.495,92.5,moving_43_to_10,moving_43_to_10,1.0,18.196003705884316,3.6082949176342285,36.0,36.180490995785185,0.0295351553519002,0.3489301606643516,0.000872325401660879,0.0384932242068839,0.01624453230409914
AVMD,IMF4,background_dynamic_mode,54.08118915159944,183,18300,18699,91.5,93.495,92.5,moving_43_to_10,moving_43_to_10,1.0,18.196003705884316,3.6082949176342285,53.5,53.60994161362378,0.01877100654727071,0.14094027471907195,0.00035235068679767984,0.023945683016188015,0.011472682215720002
AVMD,IMF5,background_dynamic_mode,59.97479137691238,183,18300,18699,91.5,93.495,92.5,moving_43_to_10,moving_43_to_10,1.0,18.196003705884316,3.6082949176342285,58.0,61.55174669402496,0.010233816397740255,0.04189239922506294,0.00010473099806265735,0.012783560025103885,0.006799075152398576
AVMD,IMF6,background_dynamic_mode,80.04607093184978,183,18300,18699,91.5,93.495,92.5,moving_43_to_10,moving_43_to_10,1.0,18.196003705884316,3.6082949176342285,80.0,79.62786623017297,0.031046412558960176,0.3855518931124641,0.0009638797327811601,0.04256924040081969,0.010365368202595059
AVMD,IMF7,background_dynamic_mode,90.29468011126563,183,18300,18699,91.5,93.495,92.5,moving_43_to_10,moving_43_to_10,1.0,18.196003705884316,3.6082949176342285,90.5,91.5980688984362,0.018976078929834075,0.14403662862051708,0.0003600915715512927,0.02472240911307768,0.009972609452375126
AVMD,IMF1,angle_position_mode,0.008692628650904,184,18400,18799,92.0,93.995,93.0,moving_43_to_10,moving_43_to_10,1.0,16.53342496175038,3.1344307133631557,,,0.07618336791279309,2.3215622186143965,0.005803905546535992,0.22086091232271599,0.029758939439055863
AVMD,IMF2,background_dynamic_mode,17.793810848400554,184,18400,18799,92.0,93.995,93.0,moving_43_to_10,moving_43_to_10,1.0,16.53342496175038,3.1344307133631557,16.5,17.706774255864225,0.0532299992683371,1.1333731288428674,0.0028334328221071687,0.06931124970319685,0.02928992700046368
AVMD,IMF3,background_dynamic_mode,39.90785813630041,184,18400,18799,92.0,93.995,93.0,moving_43_to_10,moving_43_to_10,1.0,16.53342496175038,3.1344307133631557,36.0,36.3382998168391,0.033068594696946986,0.4374127820923801,0.0010935319552309503,0.04209425365890694,0.02025199593886545
AVMD,IMF4,background_dynamic_mode,54.08118915159944,184,18400,18799,92.0,93.995,93.0,moving_43_to_10,moving_43_to_10,1.0,16.53342496175038,3.1344307133631557,54.5,53.77985339161427,0.018392901717017924,0.13531953342875236,0.0003382988335718809,0.023819928555926753,0.010419132649190465
AVMD,IMF5,background_dynamic_mode,59.97479137691238,184,18400,18799,92.0,93.995,93.0,moving_43_to_10,moving_43_to_10,1.0,16.53342496175038,3.1344307133631557,60.0,61.40914947142375,0.011428840384263828,0.0522473570115919,0.00013061839252897977,0.013720989582405703,0.008532046115682373
AVMD,IMF6,background_dynamic_mode,80.04607093184978,184,18400,18799,92.0,93.995,93.0,moving_43_to_10,moving_43_to_10,1.0,16.53342496175038,3.1344307133631557,80.0,79.68218087870984,0.0312229883623576,0.38995000091036724,0.0009748750022759181,0.04302256987557371,0.009957025173023855
AVMD,IMF7,background_dynamic_mode,90.29468011126563,184,18400,18799,92.0,93.995,93.0,moving_43_to_10,moving_43_to_10,1.0,16.53342496175038,3.1344307133631557,90.5,91.87272309019177,0.019016945637763103,0.14465768855585484,0.0003616442213896371,0.02527232103592831,0.009310081453559636
AVMD,IMF1,angle_position_mode,0.008692628650904,185,18500,18899,92.5,94.495,93.5,moving_43_to_10,moving_43_to_10,0.8775,15.11789249745882,2.646114247079281,,,0.0872434611276635,3.0445686038136532,0.007611421509534133,0.21168503991944448,0.02892085117008333
AVMD,IMF2,background_dynamic_mode,17.793810848400554,185,18500,18899,92.5,94.495,93.5,moving_43_to_10,moving_43_to_10,0.8775,15.11789249745882,2.646114247079281,20.0,18.214461547427188,0.049484302911448466,0.979478493852795,0.0024486962346319872,0.06392638206779569,0.02860148919423221
AVMD,IMF3,background_dynamic_mode,39.90785813630041,185,18500,18899,92.5,94.495,93.5,moving_43_to_10,moving_43_to_10,0.8775,15.11789249745882,2.646114247079281,35.5,36.87031202653449,0.03424066938926726,0.46896937609004147,0.0011724234402251037,0.04334858645382618,0.02161351889733522
AVMD,IMF4,background_dynamic_mode,54.08118915159944,185,18500,18899,92.5,94.495,93.5,moving_43_to_10,moving_43_to_10,0.8775,15.11789249745882,2.646114247079281,55.0,53.37419128340718,0.017226324904105934,0.1186985078807281,0.00029674626970182025,0.021872169440465626,0.01071339775146149
AVMD,IMF5,background_dynamic_mode,59.97479137691238,185,18500,18899,92.5,94.495,93.5,moving_43_to_10,moving_43_to_10,0.8775,15.11789249745882,2.646114247079281,60.0,62.11618553746542,0.012087568097068442,0.058443721000506724,0.0001461093025012668,0.014810564107285847,0.008527707748516224
AVMD,IMF6,background_dynamic_mode,80.04607093184978,185,18500,18899,92.5,94.495,93.5,moving_43_to_10,moving_43_to_10,0.8775,15.11789249745882,2.646114247079281,80.0,79.68911487177145,0.036601740129874716,0.5358749522139525,0.0013396873805348814,0.049318936350687625,0.015715265965435807
AVMD,IMF7,background_dynamic_mode,90.29468011126563,185,18500,18899,92.5,94.495,93.5,moving_43_to_10,moving_43_to_10,0.8775,15.11789249745882,2.646114247079281,90.5,91.30228228969588,0.018786802358618963,0.1411775771447244,0.000352943942861811,0.024909887078291462,0.009513103754761438
AVMD,IMF1,angle_position_mode,0.008692628650904,186,18600,18999,93.0,94.995,94.0,moving_43_to_10,moving_43_to_10,0.6275,13.95082017609473,2.1638759185791825,,,0.08920953147484634,3.1833362023846394,0.007958340505961599,0.2019892404108255,0.025537044209815334
AVMD,IMF2,background_dynamic_mode,17.793810848400554,186,18600,18999,93.0,94.995,94.0,moving_43_to_10,moving_43_to_10,0.6275,13.95082017609473,2.1638759185791825,16.0,17.308183614617956,0.05096172609083604,1.0388390104629595,0.0025970975261573985,0.0655719869325734,0.0293781047467322
AVMD,IMF3,background_dynamic_mode,39.90785813630041,186,18600,18999,93.0,94.995,94.0,moving_43_to_10,moving_43_to_10,0.6275,13.95082017609473,2.1638759185791825,35.0,36.848179491073104,0.0337971206481964,0.45689814564349734,0.0011422453641087434,0.04206338355216878,0.022717043235797478
AVMD,IMF4,background_dynamic_mode,54.08118915159944,186,18600,18999,93.0,94.995,94.0,moving_43_to_10,moving_43_to_10,0.6275,13.95082017609473,2.1638759185791825,55.0,52.79443505466696,0.017080652051869098,0.11669946980680801,0.00029174867451702,0.02160821540512719,0.010640711703362265
AVMD,IMF5,background_dynamic_mode,59.97479137691238,186,18600,18999,93.0,94.995,94.0,moving_43_to_10,moving_43_to_10,0.6275,13.95082017609473,2.1638759185791825,60.0,61.863506769020326,0.013597347844237943,0.07395514735888088,0.00018488786839720222,0.016664080815862875,0.009564450476672806
AVMD,IMF6,background_dynamic_mode,80.04607093184978,186,18600,18999,93.0,94.995,94.0,moving_43_to_10,moving_43_to_10,0.6275,13.95082017609473,2.1638759185791825,80.0,79.85263471340646,0.04162634140180627,0.6931009193998925,0.0017327522984997312,0.05585118182159019,0.018566797509034838
AVMD,IMF7,background_dynamic_mode,90.29468011126563,186,18600,18999,93.0,94.995,94.0,moving_43_to_10,moving_43_to_10,0.6275,13.95082017609473,2.1638759185791825,90.0,91.14680900069887,0.019356981777928082,0.1498770974204159,0.0003746927435510398,0.025274007635666975,0.010700832785889217
AVMD,IMF1,angle_position_mode,0.008692628650904,187,18700,19099,93.5,95.495,94.5,stable_10deg,stable_10deg,0.3775,13.023833173949775,1.7055785789735531,,,0.09599416470033763,3.685951862606218,0.009214879656515546,0.19472315123975384,0.0230608144796348
AVMD,IMF2,background_dynamic_mode,17.793810848400554,187,18700,19099,93.5,95.495,94.5,stable_10deg,stable_10deg,0.3775,13.023833173949775,1.7055785789735531,15.5,16.794271600681192,0.05715793863231178,1.3068119794780475,0.003267029948695119,0.07369342545723209,0.03332251169178032
AVMD,IMF3,background_dynamic_mode,39.90785813630041,187,18700,19099,93.5,95.495,94.5,stable_10deg,stable_10deg,0.3775,13.023833173949775,1.7055785789735531,35.0,36.26867154353644,0.03476187796098906,0.4833552637498788,0.001208388159374697,0.04326951416757085,0.023349876977421608
AVMD,IMF4,background_dynamic_mode,54.08118915159944,187,18700,19099,93.5,95.495,94.5,stable_10deg,stable_10deg,0.3775,13.023833173949775,1.7055785789735531,53.0,52.33533910819531,0.017612318978726324,0.1240775119233614,0.0003101937798084035,0.021814159497071803,0.012033877806556181
AVMD,IMF5,background_dynamic_mode,59.97479137691238,187,18700,19099,93.5,95.495,94.5,stable_10deg,stable_10deg,0.3775,13.023833173949775,1.7055785789735531,60.0,61.61782382039012,0.016875420825189055,0.11391193121088976,0.0002847798280272244,0.021144140290835885,0.011062251725646993
AVMD,IMF6,background_dynamic_mode,80.04607093184978,187,18700,19099,93.5,95.495,94.5,stable_10deg,stable_10deg,0.3775,13.023833173949775,1.7055785789735531,80.0,79.78821901390218,0.04287290034411368,0.7352342335665212,0.001838085583916303,0.058065940386542836,0.017677787002916546
AVMD,IMF7,background_dynamic_mode,90.29468011126563,187,18700,19099,93.5,95.495,94.5,stable_10deg,stable_10deg,0.3775,13.023833173949775,1.7055785789735531,92.0,91.27125842505367,0.018623571712603287,0.13873496933379093,0.0003468374233344773,0.02413633885298321,0.011106516686416172
AVMD,IMF1,angle_position_mode,0.008692628650904,188,18800,19199,94.0,95.995,95.0,stable_10deg,stable_10deg,0.1275,12.320385434018876,1.2859418367844282,,,0.09791568575261171,3.8349926065616833,0.009587481516404208,0.18769516173702924,0.03564065665828964
AVMD,IMF2,background_dynamic_mode,17.793810848400554,188,18800,19199,94.0,95.995,95.0,stable_10deg,stable_10deg,0.1275,12.320385434018876,1.2859418367844282,15.0,16.419256165691074,0.061675542018570464,1.5215489933137805,0.0038038724832844513,0.08005414677008144,0.03452804492418633
AVMD,IMF3,background_dynamic_mode,39.90785813630041,188,18800,19199,94.0,95.995,95.0,stable_10deg,stable_10deg,0.1275,12.320385434018876,1.2859418367844282,34.5,36.634503777731176,0.030759650063846435,0.37846242882011516,0.0009461560720502879,0.03893990536014831,0.019512529359184707
AVMD,IMF4,background_dynamic_mode,54.08118915159944,188,18800,19199,94.0,95.995,95.0,stable_10deg,stable_10deg,0.1275,12.320385434018876,1.2859418367844282,50.0,51.872585360241764,0.020551486427659638,0.16894543775451132,0.0004223635943862783,0.02527880769883592,0.014351083814113548
AVMD,IMF5,background_dynamic_mode,59.97479137691238,188,18800,19199,94.0,95.995,95.0,stable_10deg,stable_10deg,0.1275,12.320385434018876,1.2859418367844282,60.0,61.72661957436731,0.017606169563462254,0.12399088267895383,0.0003099772066973846,0.02200614107781025,0.011654797353174318
AVMD,IMF6,background_dynamic_mode,80.04607093184978,188,18800,19199,94.0,95.995,95.0,stable_10deg,stable_10deg,0.1275,12.320385434018876,1.2859418367844282,80.0,79.62654555903313,0.04543932717907818,0.825892981794925,0.0020647324544873125,0.06160828368695679,0.018332188215018384
AVMD,IMF7,background_dynamic_mode,90.29468011126563,188,18800,19199,94.0,95.995,95.0,stable_10deg,stable_10deg,0.1275,12.320385434018876,1.2859418367844282,92.0,91.35436435721884,0.018083295733818946,0.1308022338387018,0.00032700558459675447,0.02303545297867328,0.010901675266117405
AVMD,IMF1,angle_position_mode,0.008692628650904,189,18900,19299,94.5,96.495,95.5,stable_10deg,stable_10deg,0.0,11.817555233351472,0.9164614366154259,,,0.11005355786527266,4.8447142395219664,0.012111785598804915,0.18810798168148665,0.042205845454447444
AVMD,IMF2,background_dynamic_mode,17.793810848400554,189,18900,19299,94.5,96.495,95.5,stable_10deg,stable_10deg,0.0,11.817555233351472,0.9164614366154259,15.0,16.217927986528625,0.059635418851514244,1.4225532726382162,0.0035563831815955405,0.07656111097608248,0.03562623431463072
AVMD,IMF3,background_dynamic_mode,39.90785813630041,189,18900,19299,94.5,96.495,95.5,stable_10deg,stable_10deg,0.0,11.817555233351472,0.9164614366154259,34.5,36.33040999836672,0.028831391751743027,0.3324996601369904,0.0008312491503424759,0.03664771831806407,0.017746249473578883
AVMD,IMF4,background_dynamic_mode,54.08118915159944,189,18900,19299,94.5,96.495,95.5,stable_10deg,stable_10deg,0.0,11.817555233351472,0.9164614366154259,50.0,50.878702188108804,0.021932987862059033,0.19242238262289157,0.0004810559565572289,0.027614519613546253,0.014120000938554613
AVMD,IMF5,background_dynamic_mode,59.97479137691238,189,18900,19299,94.5,96.495,95.5,stable_10deg,stable_10deg,0.0,11.817555233351472,0.9164614366154259,62.5,62.121708224409126,0.016965649193201333,0.11513330101870922,0.0002878332525467731,0.020422650699025005,0.012591277495199442
AVMD,IMF6,background_dynamic_mode,80.04607093184978,189,18900,19299,94.5,96.495,95.5,stable_10deg,stable_10deg,0.0,11.817555233351472,0.9164614366154259,80.0,79.83345340658069,0.040881051237446696,0.6685041401114968,0.0016712603502787421,0.05460909837154417,0.019061629374112966
AVMD,IMF7,background_dynamic_mode,90.29468011126563,189,18900,19299,94.5,96.495,95.5,stable_10deg,stable_10deg,0.0,11.817555233351472,0.9164614366154259,91.5,90.76517629121172,0.016789008151087713,0.11274831787891587,0.0002818707946972897,0.021505390662465172,0.01007110341899269
AVMD,IMF1,angle_position_mode,0.008692628650904,190,19000,19399,95.0,96.995,96.0,stable_10deg,stable_10deg,0.0,11.487853698967855,0.6058615885659366,,,0.10794797382243351,4.661106020947516,0.01165276505236879,0.18067949090097934,0.04555370915483426
AVMD,IMF2,background_dynamic_mode,17.793810848400554,190,19000,19399,95.0,96.995,96.0,stable_10deg,stable_10deg,0.0,11.487853698967855,0.6058615885659366,15.0,16.89191287838718,0.060200401327444496,1.4496353279941523,0.0036240883199853808,0.07613753535879746,0.03781448891312489
AVMD,IMF3,background_dynamic_mode,39.90785813630041,190,19000,19399,95.0,96.995,96.0,stable_10deg,stable_10deg,0.0,11.487853698967855,0.6058615885659366,39.5,36.288399585942265,0.028464587655210344,0.3240931001524613,0.0008102327503811532,0.03648206120916993,0.01702767596513936
AVMD,IMF4,background_dynamic_mode,54.08118915159944,190,19000,19399,95.0,96.995,96.0,stable_10deg,stable_10deg,0.0,11.487853698967855,0.6058615885659366,55.0,51.96710450578304,0.021481978166590008,0.1845901543799399,0.00046147538594984975,0.027552040760693036,0.012906716719429797
AVMD,IMF5,background_dynamic_mode,59.97479137691238,190,19000,19399,95.0,96.995,96.0,stable_10deg,stable_10deg,0.0,11.487853698967855,0.6058615885659366,62.5,62.43557902356689,0.01608175162145757,0.1034490940857013,0.00025862273521425327,0.019245051940190258,0.012133058075776746
AVMD,IMF6,background_dynamic_mode,80.04607093184978,190,19000,19399,95.0,96.995,96.0,stable_10deg,stable_10deg,0.0,11.487853698967855,0.6058615885659366,80.0,79.66638769831528,0.03571781115956218,0.5103048136120577,0.0012757620340301443,0.04783885263735917,0.016451827329629264
AVMD,IMF7,background_dynamic_mode,90.29468011126563,190,19000,19399,95.0,96.995,96.0,stable_10deg,stable_10deg,0.0,11.487853698967855,0.6058615885659366,89.5,90.29055363346845,0.01730647277508947,0.11980559996596524,0.0002995139999149131,0.022532918251104945,0.009211055257341862
AVMD,IMF1,angle_position_mode,0.008692628650904,191,19100,19499,95.5,97.495,96.5,stable_10deg,stable_10deg,0.0,11.300909306731132,0.36171224237394617,,,0.11170427755184535,4.991138249351881,0.012477845623379702,0.1793464568501183,0.044298205276092954
AVMD,IMF2,background_dynamic_mode,17.793810848400554,191,19100,19499,95.5,97.495,96.5,stable_10deg,stable_10deg,0.0,11.300909306731132,0.36171224237394617,20.0,17.397051318793412,0.05258181003259418,1.1059386985215287,0.0027648467463038217,0.06642064082726734,0.03324702033601863
AVMD,IMF3,background_dynamic_mode,39.90785813630041,191,19100,19499,95.5,97.495,96.5,stable_10deg,stable_10deg,0.0,11.300909306731132,0.36171224237394617,39.5,37.35566450351722,0.0274376606372276,0.3011300884974676,0.0007528252212436689,0.035190095432562574,0.016361107549658544
AVMD,IMF4,background_dynamic_mode,54.08118915159944,191,19100,19499,95.5,97.495,96.5,stable_10deg,stable_10deg,0.0,11.300909306731132,0.36171224237394617,52.5,52.95477489362572,0.022134676021395402,0.1959775530288546,0.0004899438825721365,0.02830363664322638,0.013354207505135492
AVMD,IMF5,background_dynamic_mode,59.97479137691238,191,19100,19499,95.5,97.495,96.5,stable_10deg,stable_10deg,0.0,11.300909306731132,0.36171224237394617,60.0,62.56551752766359,0.01351354475384587,0.07304635672567811,0.00018261589181419526,0.016064057438504878,0.010356295851961614
AVMD,IMF6,background_dynamic_mode,80.04607093184978,191,19100,19499,95.5,97.495,96.5,stable_10deg,stable_10deg,0.0,11.300909306731132,0.36171224237394617,80.0,79.47501933127204,0.03391932607889514,0.46020827265856645,0.001150520681646416,0.045403525399637254,0.015529832806658829
AVMD,IMF7,background_dynamic_mode,90.29468011126563,191,19100,19499,95.5,97.495,96.5,stable_10deg,stable_10deg,0.0,11.300909306731132,0.36171224237394617,89.5,90.22938026411686,0.02060069522649055,0.16975545752590024,0.0004243886438147506,0.02668290324208053,0.011927359436004413
AVMD,IMF1,angle_position_mode,0.008692628650904,192,19200,19599,96.0,97.995,97.0,stable_10deg,stable_10deg,0.0,11.224945044955446,0.19593349727023257,,,0.11911640021944774,5.67548672049586,0.01418871680123965,0.1766610035268156,0.030572691791875155
AVMD,IMF2,background_dynamic_mode,17.793810848400554,192,19200,19599,96.0,97.995,97.0,stable_10deg,stable_10deg,0.0,11.224945044955446,0.19593349727023257,15.0,17.1185899965867,0.04730461674006643,0.8950907059698293,0.002237726764924573,0.060311890287170516,0.029608235339780492
AVMD,IMF3,background_dynamic_mode,39.90785813630041,192,19200,19599,96.0,97.995,97.0,stable_10deg,stable_10deg,0.0,11.224945044955446,0.19593349727023257,40.0,37.34513309479482,0.028870109439220193,0.33339328761302034,0.0008334832190325509,0.036985051801569704,0.017247438083038445
AVMD,IMF4,background_dynamic_mode,54.08118915159944,192,19200,19599,96.0,97.995,97.0,stable_10deg,stable_10deg,0.0,11.224945044955446,0.19593349727023257,52.5,53.095668473217664,0.020471604342397826,0.1676346337406726,0.0004190865843516815,0.026374289551415173,0.011872374137730098
AVMD,IMF5,background_dynamic_mode,59.97479137691238,192,19200,19599,96.0,97.995,97.0,stable_10deg,stable_10deg,0.0,11.224945044955446,0.19593349727023257,60.0,62.01908272809445,0.010595095420983738,0.044902418791900225,0.00011225604697975057,0.013358280164600752,0.0067834840148534
AVMD,IMF6,background_dynamic_mode,80.04607093184978,192,19200,19599,96.0,97.995,97.0,stable_10deg,stable_10deg,0.0,11.224945044955446,0.19593349727023257,80.0,79.58094175374038,0.0301024367162018,0.36246267850117364,0.0009061566962529341,0.04134314561303594,0.010131902792087534
AVMD,IMF7,background_dynamic_mode,90.29468011126563,192,19200,19599,96.0,97.995,97.0,stable_10deg,stable_10deg,0.0,11.224945044955446,0.19593349727023257,90.0,90.32430018925938,0.021021407049834274,0.17675982174192884,0.0004418995543548221,0.027349115567533045,0.011830444838536727
AVMD,IMF1,angle_position_mode,0.008692628650904,193,19300,19699,96.5,98.495,97.5,stable_10deg,stable_10deg,0.0,11.228033757326328,0.13208556485462933,,,0.11344378925396374,5.147797328119096,0.01286949332029774,0.16817997720066397,0.018979620066564687
AVMD,IMF2,background_dynamic_mode,17.793810848400554,193,19300,19699,96.5,98.495,97.5,stable_10deg,stable_10deg,0.0,11.228033757326328,0.13208556485462933,15.5,16.462708838581392,0.053250606600415466,1.1342508413248844,0.002835627103312211,0.06816735325203215,0.03158201153219454
AVMD,IMF3,background_dynamic_mode,39.90785813630041,193,19300,19699,96.5,98.495,97.5,stable_10deg,stable_10deg,0.0,11.228033757326328,0.13208556485462933,40.0,37.04367585334149,0.03039896631378074,0.3696388611785505,0.0009240971529463762,0.03843935283813008,0.019214768043120802
AVMD,IMF4,background_dynamic_mode,54.08118915159944,193,19300,19699,96.5,98.495,97.5,stable_10deg,stable_10deg,0.0,11.228033757326328,0.13208556485462933,52.5,53.18614160730028,0.021293845488691898,0.1813711422785137,0.00045342785569628424,0.026568019397855823,0.014186055201982748
AVMD,IMF5,background_dynamic_mode,59.97479137691238,193,19300,19699,96.5,98.495,97.5,stable_10deg,stable_10deg,0.0,11.228033757326328,0.13208556485462933,60.0,61.580648616803,0.011878912182647854,0.056443421857223834,0.0001411085546430596,0.014773941680178817,0.00800601899982077
AVMD,IMF6,background_dynamic_mode,80.04607093184978,193,19300,19699,96.5,98.495,97.5,stable_10deg,stable_10deg,0.0,11.228033757326328,0.13208556485462933,80.0,79.70089153181745,0.030878034211106527,0.381381198696906,0.000953452996742265,0.04234540682275702,0.010778589915156667
AVMD,IMF7,background_dynamic_mode,90.29468011126563,193,19300,19699,96.5,98.495,97.5,stable_10deg,stable_10deg,0.0,11.228033757326328,0.13208556485462933,90.0,90.68288455778017,0.021987591367088086,0.19338166965041861,0.00048345417412604656,0.02797923791398522,0.013542217744777216
AVMD,IMF1,angle_position_mode,0.008692628650904,194,19400,19799,97.0,98.995,98.0,stable_10deg,stable_10deg,0.0,11.279189283918972,0.14113255168935487,,,0.12088128497333378,5.844914022721732,0.014612285056804331,0.1677752534319675,0.02225182267678959
AVMD,IMF2,background_dynamic_mode,17.793810848400554,194,19400,19799,97.0,98.995,98.0,stable_10deg,stable_10deg,0.0,11.279189283918972,0.14113255168935487,15.5,16.287770524605687,0.052301414974475643,1.094175203332922,0.002735438008332305,0.06826988676371984,0.028574070220017574
AVMD,IMF3,background_dynamic_mode,39.90785813630041,194,19400,19799,97.0,98.995,98.0,stable_10deg,stable_10deg,0.0,11.279189283918972,0.14113255168935487,40.0,37.12860309983966,0.030160135827475915,0.3638535172527185,0.0009096337931317962,0.03789703954243232,0.01954678062837651
AVMD,IMF4,background_dynamic_mode,54.08118915159944,194,19400,19799,97.0,98.995,98.0,stable_10deg,stable_10deg,0.0,11.279189283918972,0.14113255168935487,52.5,53.1167795071569,0.02186721105914035,0.191269967801996,0.00047817491950499005,0.027273362151439082,0.01459912685592758
AVMD,IMF5,background_dynamic_mode,59.97479137691238,194,19400,19799,97.0,98.995,98.0,stable_10deg,stable_10deg,0.0,11.279189283918972,0.14113255168935487,60.0,62.162912808104046,0.011577456566983734,0.053615000224157924,0.0001340375005603948,0.014385441865485314,0.007811322447238138
AVMD,IMF6,background_dynamic_mode,80.04607093184978,194,19400,19799,97.0,98.995,98.0,stable_10deg,stable_10deg,0.0,11.279189283918972,0.14113255168935487,80.0,79.54832601936376,0.03182591291054245,0.4051554930357731,0.0010128887325894327,0.043732632049532594,0.01067724517510984
AVMD,IMF7,background_dynamic_mode,90.29468011126563,194,19400,19799,97.0,98.995,98.0,stable_10deg,stable_10deg,0.0,11.279189283918972,0.14113255168935487,89.5,90.82087297519021,0.022661954821691997,0.2054256785361637,0.0005135641963404092,0.028776707498825188,0.013946777987472356
AVMD,IMF1,angle_position_mode,0.008692628650904,195,19500,19899,97.5,99.495,98.5,stable_10deg,stable_10deg,0.0,11.349392109368692,0.14583635322018568,,,0.11855820417450107,5.622419110833073,0.014056047777082683,0.15436226607986736,0.02524343592602051
AVMD,IMF2,background_dynamic_mode,17.793810848400554,195,19500,19899,97.5,99.495,98.5,stable_10deg,stable_10deg,0.0,11.349392109368692,0.14583635322018568,15.0,16.184925208108695,0.05342291130138687,1.1416029807663395,0.002854007451915849,0.06962152760564351,0.029743878716605658
AVMD,IMF3,background_dynamic_mode,39.90785813630041,195,19500,19899,97.5,99.495,98.5,stable_10deg,stable_10deg,0.0,11.349392109368692,0.14583635322018568,40.0,37.05217407036526,0.02891814255064149,0.3345035874316888,0.0008362589685792219,0.03650803667236969,0.01838630087484504
AVMD,IMF4,background_dynamic_mode,54.08118915159944,195,19500,19899,97.5,99.495,98.5,stable_10deg,stable_10deg,0.0,11.349392109368692,0.14583635322018568,52.5,52.8401929022941,0.019485607192310746,0.1518755550612129,0.00037968888765303223,0.02399308937298745,0.013582287861176486
AVMD,IMF5,background_dynamic_mode,59.97479137691238,195,19500,19899,97.5,99.495,98.5,stable_10deg,stable_10deg,0.0,11.349392109368692,0.14583635322018568,60.0,61.77870496310508,0.013032554708464907,0.06793899289165233,0.0001698474822291308,0.01564438734889784,0.009879934464109261
AVMD,IMF6,background_dynamic_mode,80.04607093184978,195,19500,19899,97.5,99.495,98.5,stable_10deg,stable_10deg,0.0,11.349392109368692,0.14583635322018568,80.0,79.67429588319439,0.0352767712412349,0.497780235682567,0.0012444505892064176,0.04840183601295526,0.012186056902890869
AVMD,IMF7,background_dynamic_mode,90.29468011126563,195,19500,19899,97.5,99.495,98.5,stable_10deg,stable_10deg,0.0,11.349392109368692,0.14583635322018568,89.5,90.73467702705956,0.023204424573629184,0.21537812791729838,0.000538445319793246,0.030141665564823603,0.012621378281878773
AVMD,IMF1,angle_position_mode,0.008692628650904,196,19600,19999,98.0,99.995,99.0,stable_10deg,stable_10deg,0.0,11.412633906505276,0.12823159379591748,,,0.10978830109128584,4.821388422604334,0.012053471056510836,0.1436737160284313,0.023413249076878646
AVMD,IMF2,background_dynamic_mode,17.793810848400554,196,19600,19999,98.0,99.995,99.0,stable_10deg,stable_10deg,0.0,11.412633906505276,0.12823159379591748,15.5,16.45635798918242,0.055211848755649814,1.2193392972066999,0.0030483482430167497,0.07146374233486076,0.031183830035983167
AVMD,IMF3,background_dynamic_mode,39.90785813630041,196,19600,19999,98.0,99.995,99.0,stable_10deg,stable_10deg,0.0,11.412633906505276,0.12823159379591748,40.0,37.26400452931561,0.028243162852945605,0.31907049917520264,0.0007976762479380066,0.03551308582474775,0.0183055370863755
AVMD,IMF4,background_dynamic_mode,54.08118915159944,196,19600,19999,98.0,99.995,99.0,stable_10deg,stable_10deg,0.0,11.412633906505276,0.12823159379591748,53.0,52.62123278964756,0.018584555108126913,0.13815427542680242,0.00034538568856700607,0.022479486523629175,0.013680130305075444
AVMD,IMF5,background_dynamic_mode,59.97479137691238,196,19600,19999,98.0,99.995,99.0,stable_10deg,stable_10deg,0.0,11.412633906505276,0.12823159379591748,60.0,61.59133997567418,0.01427251819462867,0.08148191024640257,0.00020370477561600643,0.017404889805392607,0.010217230768686863
AVMD,IMF6,background_dynamic_mode,80.04607093184978,196,19600,19999,98.0,99.995,99.0,stable_10deg,stable_10deg,0.0,11.412633906505276,0.12823159379591748,80.0,79.89205236800888,0.03941859890644792,0.621530375898967,0.0015538259397474175,0.054426781216811965,0.011981440563129699
AVMD,IMF7,background_dynamic_mode,90.29468011126563,196,19600,19999,98.0,99.995,99.0,stable_10deg,stable_10deg,0.0,11.412633906505276,0.12823159379591748,90.0,90.36708510218497,0.02468474209807883,0.24373459697946606,0.0006093364924486651,0.03267843305872549,0.012151851772589418
AVMD,IMF1,angle_position_mode,0.008692628650904,197,19700,20099,98.5,100.495,99.5,stable_10deg,stable_10deg,0.0,11.447007980660082,0.11508048566585272,,,0.10686799647148772,4.568307467931964,0.01142076866982991,0.14014091258662986,0.02773366371338306
AVMD,IMF2,background_dynamic_mode,17.793810848400554,197,19700,20099,98.5,100.495,99.5,stable_10deg,stable_10deg,0.0,11.447007980660082,0.11508048566585272,15.5,16.95848372929246,0.05591504662031615,1.2505969754208515,0.0031264924385521285,0.07258860854724773,0.03126735581585672
AVMD,IMF3,background_dynamic_mode,39.90785813630041,197,19700,20099,98.5,100.495,99.5,stable_10deg,stable_10deg,0.0,11.447007980660082,0.11508048566585272,40.0,37.32003552322862,0.026493088393742564,0.2807534930554628,0.000701883732638657,0.03380724199261244,0.016227228642997717
AVMD,IMF4,background_dynamic_mode,54.08118915159944,197,19700,20099,98.5,100.495,99.5,stable_10deg,stable_10deg,0.0,11.447007980660082,0.11508048566585272,52.5,51.82131801814299,0.016603287483942054,0.11026766210977078,0.0002756691552744269,0.020970102210782767,0.010548858862895983
AVMD,IMF5,background_dynamic_mode,59.97479137691238,197,19700,20099,98.5,100.495,99.5,stable_10deg,stable_10deg,0.0,11.447007980660082,0.11508048566585272,60.0,61.48960057600347,0.014879675420830017,0.08856189625170117,0.00022140474062925294,0.018313774432150223,0.010391713688847152
AVMD,IMF6,background_dynamic_mode,80.04607093184978,197,19700,20099,98.5,100.495,99.5,stable_10deg,stable_10deg,0.0,11.447007980660082,0.11508048566585272,80.0,79.95242625751628,0.04128489592162188,0.6817770525036604,0.0017044426312591509,0.057455495984771864,0.010218745700710479
AVMD,IMF7,background_dynamic_mode,90.29468011126563,197,19700,20099,98.5,100.495,99.5,stable_10deg,stable_10deg,0.0,11.447007980660082,0.11508048566585272,90.0,90.17055213570707,0.026693348120447935,0.2850139335517685,0.0007125348338794213,0.03651150836999475,0.009765606394351211
AVMD,IMF1,angle_position_mode,0.008692628650904,198,19800,20199,99.0,100.995,100.0,stable_10deg,stable_10deg,0.0,11.435778027871507,0.15577121304015332,,,0.10493326075183164,4.404395684804756,0.01101098921201189,0.1376629972323783,0.024162919823742142
AVMD,IMF2,background_dynamic_mode,17.793810848400554,198,19800,20199,99.0,100.995,100.0,stable_10deg,stable_10deg,0.0,11.435778027871507,0.15577121304015332,15.5,16.56827316150544,0.05642206591073929,1.2733798086543233,0.0031834495216358084,0.07297877043111894,0.03258342502828159
AVMD,IMF3,background_dynamic_mode,39.90785813630041,198,19800,20199,99.0,100.995,100.0,stable_10deg,stable_10deg,0.0,11.435778027871507,0.15577121304015332,34.5,36.25340383157918,0.027905247904198356,0.31148114423790674,0.0007787028605947668,0.035339740538499274,0.01760710574964171
AVMD,IMF4,background_dynamic_mode,54.08118915159944,198,19800,20199,99.0,100.995,100.0,stable_10deg,stable_10deg,0.0,11.435778027871507,0.15577121304015332,52.5,51.7091499392978,0.014571929244855912,0.08493644876683482,0.00021234112191708703,0.0181440703268034,0.009734497203548496
AVMD,IMF5,background_dynamic_mode,59.97479137691238,198,19800,20199,99.0,100.995,100.0,stable_10deg,stable_10deg,0.0,11.435778027871507,0.15577121304015332,60.0,61.50588758656507,0.016349519104067182,0.10692270997370307,0.0002673067749342577,0.02030301530979341,0.011071384959729555
AVMD,IMF6,background_dynamic_mode,80.04607093184978,198,19800,20199,99.0,100.995,100.0,stable_10deg,stable_10deg,0.0,11.435778027871507,0.15577121304015332,80.0,79.92438119965985,0.04252113369265488,0.723218724203452,0.00180804681050863,0.05920229043842101,0.010142647234443532
AVMD,IMF7,background_dynamic_mode,90.29468011126563,198,19800,20199,99.0,100.995,100.0,stable_10deg,stable_10deg,0.0,11.435778027871507,0.15577121304015332,90.0,90.36765569199653,0.025942232857256813,0.26919977824805397,0.000672999445620135,0.03530860693125996,0.011018053226605228
AVMD,IMF1,angle_position_mode,0.008692628650904,199,19900,20299,99.5,101.495,100.5,stable_10deg,stable_10deg,0.0,11.368274232758635,0.24306938013337684,,,0.10504121017978962,4.413462334413895,0.011033655836034738,0.1398119325478624,0.02634563292143272
AVMD,IMF2,background_dynamic_mode,17.793810848400554,199,19900,20299,99.5,101.495,100.5,stable_10deg,stable_10deg,0.0,11.368274232758635,0.24306938013337684,15.5,16.66710399010197,0.05752503299239365,1.3236517683103912,0.003309129420775978,0.07483918694213791,0.03142430159972674
AVMD,IMF3,background_dynamic_mode,39.90785813630041,199,19900,20299,99.5,101.495,100.5,stable_10deg,stable_10deg,0.0,11.368274232758635,0.24306938013337684,35.0,36.14488141592604,0.028396925844642474,0.3225541589704495,0.0008063853974261237,0.036500990875641875,0.016780670024016002
AVMD,IMF4,background_dynamic_mode,54.08118915159944,199,19900,20299,99.5,101.495,100.5,stable_10deg,stable_10deg,0.0,11.368274232758635,0.24306938013337684,50.0,51.9131771009346,0.01494392785122262,0.08932839184901885,0.0002233209796225471,0.01887856279351666,0.009484665734261799
AVMD,IMF5,background_dynamic_mode,59.97479137691238,199,19900,20299,99.5,101.495,100.5,stable_10deg,stable_10deg,0.0,11.368274232758635,0.24306938013337684,60.0,62.19765219659946,0.014371503774386512,0.08261604829488231,0.00020654012073720578,0.017734684170526545,0.009790598501219789
AVMD,IMF6,background_dynamic_mode,80.04607093184978,199,19900,20299,99.5,101.495,100.5,stable_10deg,stable_10deg,0.0,11.368274232758635,0.24306938013337684,80.0,79.89806523655652,0.04350094788051417,0.7569329866012839,0.0018923324665032098,0.060551297072593935,0.010344470341366837
AVMD,IMF7,background_dynamic_mode,90.29468011126563,199,19900,20299,99.5,101.495,100.5,stable_10deg,stable_10deg,0.0,11.368274232758635,0.24306938013337684,90.0,90.52307441364054,0.027009384259265183,0.29180273522585676,0.0007295068380646419,0.03622057830350331,0.012364478147603957
AVMD,IMF1,angle_position_mode,0.008692628650904,200,20000,20399,100.0,101.995,101.0,stable_10deg,stable_10deg,0.0,11.240443609776458,0.3444695722637207,,,0.10980435931619488,4.822798929936013,0.012056997324840033,0.13915744667048757,0.028163161896064617
AVMD,IMF2,background_dynamic_mode,17.793810848400554,200,20000,20399,100.0,101.995,101.0,stable_10deg,stable_10deg,0.0,11.240443609776458,0.3444695722637207,15.5,16.783547721556225,0.05702728031089805,1.3008442798630961,0.0032521106996577405,0.07536876342594417,0.02819069394487051
AVMD,IMF3,background_dynamic_mode,39.90785813630041,200,20000,20399,100.0,101.995,101.0,stable_10deg,stable_10deg,0.0,11.240443609776458,0.3444695722637207,40.0,37.360303045590605,0.028467342498672433,0.32415583557468863,0.0008103895889367216,0.036516415509108405,0.016955600724425285
AVMD,IMF4,background_dynamic_mode,54.08118915159944,200,20000,20399,100.0,101.995,101.0,stable_10deg,stable_10deg,0.0,11.240443609776458,0.3444695722637207,55.0,52.84490036587826,0.016045518361825068,0.10298346379986617,0.00025745865949966545,0.0201001553258768,0.010558873535449936
AVMD,IMF5,background_dynamic_mode,59.97479137691238,200,20000,20399,100.0,101.995,101.0,stable_10deg,stable_10deg,0.0,11.240443609776458,0.3444695722637207,60.0,61.8275837255075,0.01472081856331001,0.08668099966955703,0.00021670249917389258,0.018406306753132443,0.009761301718939467
AVMD,IMF6,background_dynamic_mode,80.04607093184978,200,20000,20399,100.0,101.995,101.0,stable_10deg,stable_10deg,0.0,11.240443609776458,0.3444695722637207,80.0,79.9383941347496,0.042741027213301606,0.7307181628992754,0.0018267954072481885,0.059015377052165745,0.012629654576132378
AVMD,IMF7,background_dynamic_mode,90.29468011126563,200,20000,20399,100.0,101.995,101.0,stable_10deg,stable_10deg,0.0,11.240443609776458,0.3444695722637207,90.0,90.47354408084948,0.028112671977793383,0.31612893029240374,0.0007903223257310093,0.03711909466907271,0.014161297762082237
AVMD,IMF1,angle_position_mode,0.008692628650904,201,20100,20499,100.5,102.495,101.5,stable_10deg,stable_10deg,0.0,11.054916838098132,0.4399686576031829,,,0.105037355021159,4.413138379936398,0.011032845949840995,0.13619963693654238,0.025806796162806997
AVMD,IMF2,background_dynamic_mode,17.793810848400554,201,20100,20499,100.5,102.495,101.5,stable_10deg,stable_10deg,0.0,11.054916838098132,0.4399686576031829,15.5,16.306060074170155,0.05652645045363651,1.2780958403549694,0.0031952396008874235,0.07508343377808027,0.027488146524610478
AVMD,IMF3,background_dynamic_mode,39.90785813630041,201,20100,20499,100.5,102.495,101.5,stable_10deg,stable_10deg,0.0,11.054916838098132,0.4399686576031829,40.0,37.24920647425137,0.02689489540548017,0.2893341595486873,0.0007233353988717183,0.03445422961691658,0.016147337964231123
AVMD,IMF4,background_dynamic_mode,54.08118915159944,201,20100,20499,100.5,102.495,101.5,stable_10deg,stable_10deg,0.0,11.054916838098132,0.4399686576031829,53.0,53.096676020796046,0.01703571392010785,0.11608621950710254,0.00029021554876775636,0.02152164243038933,0.010875115879817763
AVMD,IMF5,background_dynamic_mode,59.97479137691238,201,20100,20499,100.5,102.495,101.5,stable_10deg,stable_10deg,0.0,11.054916838098132,0.4399686576031829,60.0,61.69873448739327,0.013844432232819857,0.07666732153965657,0.0001916683038491414,0.017460259421378403,0.008804075295084882
AVMD,IMF6,background_dynamic_mode,80.04607093184978,201,20100,20499,100.5,102.495,101.5,stable_10deg,stable_10deg,0.0,11.054916838098132,0.4399686576031829,80.0,79.92941011389854,0.043652214862334913,0.7622063449549812,0.0019055158623874529,0.06048223587349341,0.012085709463170792
AVMD,IMF7,background_dynamic_mode,90.29468011126563,201,20100,20499,100.5,102.495,101.5,stable_10deg,stable_10deg,0.0,11.054916838098132,0.4399686576031829,90.0,90.60362142295146,0.027756686986752342,0.30817346899221876,0.0007704336724805469,0.036502629426245374,0.014406031032933374
AVMD,IMF1,angle_position_mode,0.008692628650904,202,20200,20599,101.0,102.995,102.0,stable_10deg,stable_10deg,0.0,10.820521327159149,0.5162800723074589,,,0.11102633418667807,4.930738753172767,0.012326846882931917,0.14101687739310484,0.029970595228549734
AVMD,IMF2,background_dynamic_mode,17.793810848400554,202,20200,20599,101.0,102.995,102.0,stable_10deg,stable_10deg,0.0,10.820521327159149,0.5162800723074589,16.0,16.375870004851347,0.0595111726285849,1.4166318670516929,0.0035415796676292323,0.07879112646088879,0.028923003282817453
AVMD,IMF3,background_dynamic_mode,39.90785813630041,202,20200,20599,101.0,102.995,102.0,stable_10deg,stable_10deg,0.0,10.820521327159149,0.5162800723074589,40.0,37.03264108665581,0.02751052469766291,0.3027315876562884,0.000756828969140721,0.03516039548666741,0.016618602001488382
AVMD,IMF4,background_dynamic_mode,54.08118915159944,202,20200,20599,101.0,102.995,102.0,stable_10deg,stable_10deg,0.0,10.820521327159149,0.5162800723074589,53.0,52.88640889310355,0.017039366059553477,0.1161359982845852,0.000290339995711463,0.02179158131812055,0.010296445102089869
AVMD,IMF5,background_dynamic_mode,59.97479137691238,202,20200,20599,101.0,102.995,102.0,stable_10deg,stable_10deg,0.0,10.820521327159149,0.5162800723074589,60.0,61.44037414493417,0.013262329748802546,0.0703557561463892,0.00017588939036597298,0.016729415169472416,0.008482640236826352
AVMD,IMF6,background_dynamic_mode,80.04607093184978,202,20200,20599,101.0,102.995,102.0,stable_10deg,stable_10deg,0.0,10.820521327159149,0.5162800723074589,80.0,79.93446464103599,0.043863682633729424,0.7696090616770146,0.0019240226541925366,0.060728773795688404,0.012524872435468792
AVMD,IMF7,background_dynamic_mode,90.29468011126563,202,20200,20599,101.0,102.995,102.0,stable_10deg,stable_10deg,0.0,10.820521327159149,0.5162800723074589,90.0,90.76949211586907,0.028759807498895493,0.33085061094941015,0.0008271265273735254,0.037300956183232994,0.015766896920986487
AVMD,IMF1,angle_position_mode,0.008692628650904,203,20300,20699,101.5,103.495,102.5,stable_10deg,stable_10deg,0.0,10.55176076667065,0.5548101388606279,,,0.11556814322534033,5.342398291421111,0.013355995728552776,0.14282792973358938,0.028772231247712016
AVMD,IMF2,background_dynamic_mode,17.793810848400554,203,20300,20699,101.5,103.495,102.5,stable_10deg,stable_10deg,0.0,10.55176076667065,0.5548101388606279,16.0,16.774678038835233,0.06240737763625834,1.5578723133738228,0.003894680783434557,0.0821757022593934,0.03217086512162249
AVMD,IMF3,background_dynamic_mode,39.90785813630041,203,20300,20699,101.5,103.495,102.5,stable_10deg,stable_10deg,0.0,10.55176076667065,0.5548101388606279,40.0,37.54901330375714,0.02575163695885483,0.2652587224242632,0.000663146806060658,0.03216168281643342,0.016987522686687812
AVMD,IMF4,background_dynamic_mode,54.08118915159944,203,20300,20699,101.5,103.495,102.5,stable_10deg,stable_10deg,0.0,10.55176076667065,0.5548101388606279,53.0,52.62380229924607,0.017572176473239463,0.1235125544026682,0.0003087813860066705,0.022633367632425117,0.010210323544760095
AVMD,IMF5,background_dynamic_mode,59.97479137691238,203,20300,20699,101.5,103.495,102.5,stable_10deg,stable_10deg,0.0,10.55176076667065,0.5548101388606279,60.0,61.14780829965891,0.015381558684448411,0.09463693902525214,0.00023659234756313034,0.019546811977937645,0.00954761048559252
AVMD,IMF6,background_dynamic_mode,80.04607093184978,203,20300,20699,101.5,103.495,102.5,stable_10deg,stable_10deg,0.0,10.55176076667065,0.5548101388606279,80.0,79.92009188356668,0.04287698120947849,0.7353742070551886,0.0018384355176379716,0.05915676659794343,0.013255019594948533
AVMD,IMF7,background_dynamic_mode,90.29468011126563,203,20300,20699,101.5,103.495,102.5,stable_10deg,stable_10deg,0.0,10.55176076667065,0.5548101388606279,90.0,90.82574076645437,0.02539997042737423,0.2580633990845942,0.0006451584977114855,0.031847715326720163,0.016278326351549258
AVMD,IMF1,angle_position_mode,0.008692628650904,204,20400,20799,102.0,103.995,103.0,stable_10deg,stable_10deg,0.0,10.308971860427262,0.4979515978179636,,,0.11866683470251864,5.632727063325953,0.014081817658314883,0.14621351821172027,0.025519542150800965
AVMD,IMF2,background_dynamic_mode,17.793810848400554,204,20400,20799,102.0,103.995,103.0,stable_10deg,stable_10deg,0.0,10.308971860427262,0.4979515978179636,16.0,17.095971084038737,0.06333915534183664,1.604739439766925,0.004011848599417313,0.0829749291311282,0.033717693966433405
AVMD,IMF3,background_dynamic_mode,39.90785813630041,204,20400,20799,102.0,103.995,103.0,stable_10deg,stable_10deg,0.0,10.308971860427262,0.4979515978179636,35.0,36.80622358025287,0.026584498555172635,0.28269422537199035,0.0007067355634299759,0.033578251186071446,0.016905434172385596
AVMD,IMF4,background_dynamic_mode,54.08118915159944,204,20400,20799,102.0,103.995,103.0,stable_10deg,stable_10deg,0.0,10.308971860427262,0.4979515978179636,53.0,52.502652867478616,0.01737624669656171,0.12077357970390869,0.0003019339492597717,0.022506258008844062,0.009816653554791804
AVMD,IMF5,background_dynamic_mode,59.97479137691238,204,20400,20799,102.0,103.995,103.0,stable_10deg,stable_10deg,0.0,10.308971860427262,0.4979515978179636,60.0,61.60296926282315,0.014829504849100145,0.08796568562779389,0.00021991421406948472,0.018689463974475164,0.009476115548832617
AVMD,IMF6,background_dynamic_mode,80.04607093184978,204,20400,20799,102.0,103.995,103.0,stable_10deg,stable_10deg,0.0,10.308971860427262,0.4979515978179636,80.0,79.86388068920179,0.04324366859924444,0.7480059495685119,0.0018700148739212797,0.060012007864815885,0.012017177440821834
AVMD,IMF7,background_dynamic_mode,90.29468011126563,204,20400,20799,102.0,103.995,103.0,stable_10deg,stable_10deg,0.0,10.308971860427262,0.4979515978179636,90.0,91.58051132864146,0.027234742702097543,0.2966924840197821,0.0007417312100494553,0.03372980746425101,0.01883576289261311
AVMD,IMF1,angle_position_mode,0.008692628650904,205,20500,20899,102.5,104.495,103.5,stable_10deg,stable_10deg,0.0,10.132300579482608,0.4104924868193883,,,0.12382012958725898,6.132569796402243,0.015331424491005607,0.1463038872487337,0.024227110271038875
AVMD,IMF2,background_dynamic_mode,17.793810848400554,205,20500,20899,102.5,104.495,103.5,stable_10deg,stable_10deg,0.0,10.132300579482608,0.4104924868193883,16.0,17.40450180740176,0.06095480616569693,1.4861953578790739,0.0037154883946976846,0.07910803283416477,0.03429478791348697
AVMD,IMF3,background_dynamic_mode,39.90785813630041,205,20500,20899,102.5,104.495,103.5,stable_10deg,stable_10deg,0.0,10.132300579482608,0.4104924868193883,35.0,36.69301894653963,0.027357276649792837,0.2993682342773201,0.0007484205856933004,0.03469355790784828,0.01707800367984381
AVMD,IMF4,background_dynamic_mode,54.08118915159944,205,20500,20899,102.5,104.495,103.5,stable_10deg,stable_10deg,0.0,10.132300579482608,0.4104924868193883,54.5,53.189914840117254,0.015311264139714094,0.0937739238224379,0.00023443480955609477,0.01945426669253461,0.009443192727286892
AVMD,IMF5,background_dynamic_mode,59.97479137691238,205,20500,20899,102.5,104.495,103.5,stable_10deg,stable_10deg,0.0,10.132300579482608,0.4104924868193883,60.0,61.684044163295425,0.014428883448476903,0.08327707102789228,0.0002081926775697307,0.017829230545503196,0.009928599612627115
AVMD,IMF6,background_dynamic_mode,80.04607093184978,205,20500,20899,102.5,104.495,103.5,stable_10deg,stable_10deg,0.0,10.132300579482608,0.4104924868193883,80.0,79.92556784226348,0.04355321070239602,0.7587528649949212,0.001896882162487303,0.06026060274119788,0.012720642711517807
AVMD,IMF7,background_dynamic_mode,90.29468011126563,205,20500,20899,102.5,104.495,103.5,stable_10deg,stable_10deg,0.0,10.132300579482608,0.4104924868193883,90.0,91.80020441556537,0.024941211687597782,0.24882561617822566,0.0006220640404455642,0.030006437889497767,0.018497304796193433
AVMD,IMF1,angle_position_mode,0.008692628650904,206,20600,20999,103.0,104.995,104.0,stable_10deg,stable_10deg,0.0,10.028802990807383,0.2798974936157839,,,0.12505249778626404,6.2552508810334295,0.015638127202583573,0.14405193639399733,0.020383230221835167
AVMD,IMF2,background_dynamic_mode,17.793810848400554,206,20600,20999,103.0,104.995,104.0,stable_10deg,stable_10deg,0.0,10.028802990807383,0.2798974936157839,16.0,17.354661673140047,0.060255099833415426,1.452270822373944,0.00363067705593486,0.0762532077461947,0.038534102000636304
AVMD,IMF3,background_dynamic_mode,39.90785813630041,206,20600,20999,103.0,104.995,104.0,stable_10deg,stable_10deg,0.0,10.028802990807383,0.2798974936157839,35.5,37.01530180717093,0.025923085594375422,0.2688025466933258,0.0006720063667333146,0.03337974523394618,0.015146187325659088
AVMD,IMF4,background_dynamic_mode,54.08118915159944,206,20600,20999,103.0,104.995,104.0,stable_10deg,stable_10deg,0.0,10.028802990807383,0.2798974936157839,55.0,52.64750025398761,0.014436236111168095,0.0833619652229575,0.00020840491305739375,0.01816456737619856,0.009295314067268984
AVMD,IMF5,background_dynamic_mode,59.97479137691238,206,20600,20999,103.0,104.995,104.0,stable_10deg,stable_10deg,0.0,10.028802990807383,0.2798974936157839,60.0,62.36347202718163,0.01511628162450564,0.09140078806054676,0.0002285019701513669,0.018715319897543704,0.010322533797798556
AVMD,IMF6,background_dynamic_mode,80.04607093184978,206,20600,20999,103.0,104.995,104.0,stable_10deg,stable_10deg,0.0,10.028802990807383,0.2798974936157839,80.0,79.8944021694044,0.04398412651350711,0.7738413540624796,0.0019346033851561988,0.06096016922502954,0.012548961297747196
AVMD,IMF7,background_dynamic_mode,90.29468011126563,206,20600,20999,103.0,104.995,104.0,stable_10deg,stable_10deg,0.0,10.028802990807383,0.2798974936157839,90.5,91.4793145483654,0.025850579530595923,0.267300984827066,0.000668252462067665,0.031875853693868805,0.018000010497592814
AVMD,IMF1,angle_position_mode,0.008692628650904,207,20700,21099,103.5,105.495,104.5,stable_10deg,stable_10deg,0.0,10.0,0.0,,,0.12802534859933434,6.556195953592432,0.01639048988398108,0.14299375165126454,0.024081553195716372
AVMD,IMF2,background_dynamic_mode,17.793810848400554,207,20700,21099,103.5,105.495,104.5,stable_10deg,stable_10deg,0.0,10.0,0.0,16.5,17.206461402320762,0.0570427495778892,1.3015501117623114,0.0032538752794057783,0.07232218056161853,0.035757102948792995
AVMD,IMF3,background_dynamic_mode,39.90785813630041,207,20700,21099,103.5,105.495,104.5,stable_10deg,stable_10deg,0.0,10.0,0.0,35.5,36.80974080350028,0.026179267720164774,0.27414162334562453,0.0006853540583640613,0.03403913578554568,0.014651123946954524
AVMD,IMF4,background_dynamic_mode,54.08118915159944,207,20700,21099,103.5,105.495,104.5,stable_10deg,stable_10deg,0.0,10.0,0.0,51.5,51.97843711954625,0.014025120028131482,0.07868159672139793,0.00019670399180349483,0.017754170526607903,0.008930667151007701
AVMD,IMF5,background_dynamic_mode,59.97479137691238,207,20700,21099,103.5,105.495,104.5,stable_10deg,stable_10deg,0.0,10.0,0.0,60.0,62.26733576086702,0.013276057392231672,0.07050147995273168,0.0001762536998818292,0.01638631251743875,0.009167030509037142
AVMD,IMF6,background_dynamic_mode,80.04607093184978,207,20700,21099,103.5,105.495,104.5,stable_10deg,stable_10deg,0.0,10.0,0.0,80.0,79.73462305155257,0.0446780102640822,0.7984498404629737,0.0019961246011574343,0.06209458306119503,0.011971627416122734
AVMD,IMF7,background_dynamic_mode,90.29468011126563,207,20700,21099,103.5,105.495,104.5,stable_10deg,stable_10deg,0.0,10.0,0.0,90.0,90.82450623670994,0.026417663303354034,0.2791571737637514,0.0006978929344093784,0.03324865091445168,0.017273439512083905
AVMD,IMF1,angle_position_mode,0.008692628650904,208,20800,21199,104.0,105.995,105.0,stable_10deg,stable_10deg,0.0,10.0,0.0,,,0.13212317853993738,6.982613722998466,0.017456534307496167,0.14515813499590313,0.030117973034928847
AVMD,IMF2,background_dynamic_mode,17.793810848400554,208,20800,21199,104.0,105.995,105.0,stable_10deg,stable_10deg,0.0,10.0,0.0,16.5,17.39437052342811,0.05810637418626064,1.350540288429495,0.0033763507210737374,0.07296804230071424,0.038006760545424206
AVMD,IMF3,background_dynamic_mode,39.90785813630041,208,20800,21199,104.0,105.995,105.0,stable_10deg,stable_10deg,0.0,10.0,0.0,35.5,37.27056596461696,0.026100525473492092,0.2724949719969639,0.0006812374299924096,0.0338935633571266,0.014669728353464055
AVMD,IMF4,background_dynamic_mode,54.08118915159944,208,20800,21199,104.0,105.995,105.0,stable_10deg,stable_10deg,0.0,10.0,0.0,53.5,52.390809038858826,0.0121500214190608,0.059049208193454494,0.00014762302048363624,0.015619184706977596,0.007210157400879118
AVMD,IMF5,background_dynamic_mode,59.97479137691238,208,20800,21199,104.0,105.995,105.0,stable_10deg,stable_10deg,0.0,10.0,0.0,60.0,61.36274484160189,0.0131042792660405,0.06868885403295158,0.00017172213508237895,0.01589291167863256,0.00954159977210297
AVMD,IMF6,background_dynamic_mode,80.04607093184978,208,20800,21199,104.0,105.995,105.0,stable_10deg,stable_10deg,0.0,10.0,0.0,80.0,79.8374381083545,0.04494623853312619,0.808065743310671,0.0020201643582766775,0.062386353419261964,0.012587612317105461
AVMD,IMF7,background_dynamic_mode,90.29468011126563,208,20800,21199,104.0,105.995,105.0,stable_10deg,stable_10deg,0.0,10.0,0.0,90.5,91.13265484048763,0.02289013733242806,0.20958335483896667,0.0005239583870974167,0.029822121623513703,0.012448115185917638
AVMD,IMF1,angle_position_mode,0.008692628650904,209,20900,21299,104.5,106.495,105.5,stable_10deg,stable_10deg,0.0,10.0,0.0,,,0.1372694872591584,7.537164852956902,0.018842912132392257,0.14609488664404094,0.03152348871937531
AVMD,IMF2,background_dynamic_mode,17.793810848400554,209,20900,21299,104.5,106.495,105.5,stable_10deg,stable_10deg,0.0,10.0,0.0,17.0,17.25529153463666,0.05921345710435597,1.4024934008997618,0.0035062335022494045,0.0730735078255977,0.04062974637843901
AVMD,IMF3,background_dynamic_mode,39.90785813630041,209,20900,21299,104.5,106.495,105.5,stable_10deg,stable_10deg,0.0,10.0,0.0,40.0,37.62071446564221,0.02571978348426487,0.2646029049909856,0.000661507262477464,0.033432528203800584,0.014270516762428017
AVMD,IMF4,background_dynamic_mode,54.08118915159944,209,20900,21299,104.5,106.495,105.5,stable_10deg,stable_10deg,0.0,10.0,0.0,53.5,52.198131573382305,0.01271147158977968,0.06463260399111037,0.00016158150997777593,0.016472077616382762,0.007226370560732901
AVMD,IMF5,background_dynamic_mode,59.97479137691238,209,20900,21299,104.5,106.495,105.5,stable_10deg,stable_10deg,0.0,10.0,0.0,60.0,61.651885954808115,0.014644622921142549,0.08578599220098149,0.0002144649805024537,0.018006316087952626,0.010222129183690499
AVMD,IMF6,background_dynamic_mode,80.04607093184978,209,20900,21299,104.5,106.495,105.5,stable_10deg,stable_10deg,0.0,10.0,0.0,80.0,79.86478573792392,0.043502330314680114,0.7569810971230144,0.0018924527428075362,0.059958221038012044,0.014115914305109752
AVMD,IMF7,background_dynamic_mode,90.29468011126563,209,20900,21299,104.5,106.495,105.5,stable_10deg,stable_10deg,0.0,10.0,0.0,90.5,91.18670401097393,0.023902168265159448,0.22852545911039818,0.0005713136477759954,0.03158158751519043,0.01287395784648054
AVMD,IMF1,angle_position_mode,0.008692628650904,210,21000,21399,105.0,106.995,106.0,stable_10deg,stable_10deg,0.0,10.0,0.0,,,0.13363088005958532,7.1428848421997095,0.017857212105499273,0.13879837494992434,0.033308134856980365
AVMD,IMF2,background_dynamic_mode,17.793810848400554,210,21000,21399,105.0,106.995,106.0,stable_10deg,stable_10deg,0.0,10.0,0.0,17.0,17.38945562431601,0.05868707790331909,1.3776692451320973,0.0034441731128302434,0.07556205829323899,0.03441458443217555
AVMD,IMF3,background_dynamic_mode,39.90785813630041,210,21000,21399,105.0,106.995,106.0,stable_10deg,stable_10deg,0.0,10.0,0.0,36.0,37.25604200466439,0.026534026748092104,0.2816218301873869,0.0007040545754684672,0.03452344253538719,0.014675259687648063
AVMD,IMF4,background_dynamic_mode,54.08118915159944,210,21000,21399,105.0,106.995,106.0,stable_10deg,stable_10deg,0.0,10.0,0.0,52.0,51.586426771615955,0.014103454176026299,0.07956296787810946,0.00019890741969527364,0.01812799221170611,0.008351067224193553
AVMD,IMF5,background_dynamic_mode,59.97479137691238,210,21000,21399,105.0,106.995,106.0,stable_10deg,stable_10deg,0.0,10.0,0.0,60.0,62.011905500686396,0.015010374563188522,0.0901245378108868,0.00022531134452721702,0.018202378409205997,0.010922550663143777
AVMD,IMF6,background_dynamic_mode,80.04607093184978,210,21000,21399,105.0,106.995,106.0,stable_10deg,stable_10deg,0.0,10.0,0.0,80.0,79.83775838339871,0.04125998820680776,0.6809546507303663,0.0017023866268259158,0.05619962576286941,0.01590935338344053
AVMD,IMF7,background_dynamic_mode,90.29468011126563,210,21000,21399,105.0,106.995,106.0,stable_10deg,stable_10deg,0.0,10.0,0.0,90.5,91.14798166601385,0.024031479711889635,0.23100480685718527,0.0005775120171429632,0.03151258493411104,0.012982139819948852
AVMD,IMF1,angle_position_mode,0.008692628650904,211,21100,21499,105.5,107.495,106.5,stable_10deg,stable_10deg,0.0,10.0,0.0,,,0.13293331487277832,7.068506481226089,0.017671266203065222,0.137710264222306,0.032616776957518856
AVMD,IMF2,background_dynamic_mode,17.793810848400554,211,21100,21499,105.5,107.495,106.5,stable_10deg,stable_10deg,0.0,10.0,0.0,17.0,17.417857867446656,0.056312739536814635,1.2684498536564504,0.003171124634141126,0.07118860697992188,0.03569813983057224
AVMD,IMF3,background_dynamic_mode,39.90785813630041,211,21100,21499,105.5,107.495,106.5,stable_10deg,stable_10deg,0.0,10.0,0.0,40.0,37.107785975730714,0.027481200173927824,0.3020865451997963,0.0007552163629994907,0.03528424421053927,0.016273116590161216
AVMD,IMF4,background_dynamic_mode,54.08118915159944,211,21100,21499,105.5,107.495,106.5,stable_10deg,stable_10deg,0.0,10.0,0.0,54.0,51.952714379168775,0.014357684553399839,0.08245724229397453,0.00020614310573493632,0.018327681934074375,0.008688349336194418
AVMD,IMF5,background_dynamic_mode,59.97479137691238,211,21100,21499,105.5,107.495,106.5,stable_10deg,stable_10deg,0.0,10.0,0.0,60.0,62.86888004938976,0.015249393178758142,0.09301759692814214,0.00023254399232035535,0.018813239380920693,0.01054773488236044
AVMD,IMF6,background_dynamic_mode,80.04607093184978,211,21100,21499,105.5,107.495,106.5,stable_10deg,stable_10deg,0.0,10.0,0.0,80.0,79.74224781076781,0.040283568483393525,0.6491063559025025,0.0016227658897562563,0.05486443636412997,0.0154546427450222
AVMD,IMF7,background_dynamic_mode,90.29468011126563,211,21100,21499,105.5,107.495,106.5,stable_10deg,stable_10deg,0.0,10.0,0.0,91.0,91.5913554347234,0.02541490960390859,0.258367052069938,0.000645917630174845,0.03297324662108047,0.013789268601851304
AVMD,IMF1,angle_position_mode,0.008692628650904,212,21200,21599,106.0,107.995,107.0,stable_10deg,stable_10deg,0.0,10.0,0.0,,,0.12192291141238724,5.946078530909132,0.01486519632727283,0.12383979505433296,0.03173208861203944
AVMD,IMF2,background_dynamic_mode,17.793810848400554,212,21200,21599,106.0,107.995,107.0,stable_10deg,stable_10deg,0.0,10.0,0.0,17.0,17.398792438620724,0.05882399023563202,1.3841047308966923,0.003460261827241731,0.0736846113766155,0.039018154172377556
AVMD,IMF3,background_dynamic_mode,39.90785813630041,212,21200,21599,106.0,107.995,107.0,stable_10deg,stable_10deg,0.0,10.0,0.0,40.0,38.29873363149338,0.02472427456551344,0.2445159011163579,0.0006112897527908947,0.030833257030485707,0.016442221437941627
AVMD,IMF4,background_dynamic_mode,54.08118915159944,212,21200,21599,106.0,107.995,107.0,stable_10deg,stable_10deg,0.0,10.0,0.0,54.0,52.47288617586335,0.014316087852828912,0.08198014856396621,0.0002049503714099155,0.0181701488142389,0.008907437520779181
AVMD,IMF5,background_dynamic_mode,59.97479137691238,212,21200,21599,106.0,107.995,107.0,stable_10deg,stable_10deg,0.0,10.0,0.0,60.0,62.44899875707801,0.014680824025545042,0.08621063762760822,0.00021552659406902055,0.017986890079078676,0.010354045679314512
AVMD,IMF6,background_dynamic_mode,80.04607093184978,212,21200,21599,106.0,107.995,107.0,stable_10deg,stable_10deg,0.0,10.0,0.0,80.0,79.8076274085697,0.040613830980706964,0.6597933067717732,0.001649483266929433,0.05559249764666814,0.014520483003952015
AVMD,IMF7,background_dynamic_mode,90.29468011126563,212,21200,21599,106.0,107.995,107.0,stable_10deg,stable_10deg,0.0,10.0,0.0,90.5,91.49082115769654,0.02804599044248292,0.31463103195993736,0.0007865775798998434,0.03665757011451173,0.014994456901724221
AVMD,IMF1,angle_position_mode,0.008692628650904,213,21300,21699,106.5,108.495,107.5,stable_10deg,stable_10deg,0.0,10.0,0.0,,,0.11744362670196506,5.517202181164208,0.01379300545291052,0.12164184310381394,0.02798628668563118
AVMD,IMF2,background_dynamic_mode,17.793810848400554,213,21300,21699,106.5,108.495,107.5,stable_10deg,stable_10deg,0.0,10.0,0.0,17.0,17.652492743430372,0.058520319475647856,1.3698511166127558,0.0034246277915318895,0.07492591721074962,0.035582724248268534
AVMD,IMF3,background_dynamic_mode,39.90785813630041,213,21300,21699,106.5,108.495,107.5,stable_10deg,stable_10deg,0.0,10.0,0.0,40.0,38.409048450463345,0.02571791154311052,0.26456438965570295,0.0006614109741392574,0.03174278106282092,0.017781018505825193
AVMD,IMF4,background_dynamic_mode,54.08118915159944,213,21300,21699,106.5,108.495,107.5,stable_10deg,stable_10deg,0.0,10.0,0.0,54.0,51.44314153683943,0.013721507903835762,0.07531191166201091,0.00018827977915502727,0.017217796949756174,0.008952153281539147
AVMD,IMF5,background_dynamic_mode,59.97479137691238,213,21300,21699,106.5,108.495,107.5,stable_10deg,stable_10deg,0.0,10.0,0.0,60.0,60.62400045905828,0.01357683423017422,0.07373217108545216,0.0001843304277136304,0.01693082453943441,0.009082630449908386
AVMD,IMF6,background_dynamic_mode,80.04607093184978,213,21300,21699,106.5,108.495,107.5,stable_10deg,stable_10deg,0.0,10.0,0.0,80.0,79.91892054436538,0.04084326191703974,0.6672688176095635,0.0016681720440239088,0.05624789191404563,0.01325191435870147
AVMD,IMF7,background_dynamic_mode,90.29468011126563,213,21300,21699,106.5,108.495,107.5,stable_10deg,stable_10deg,0.0,10.0,0.0,90.5,91.04834714891182,0.030681869871647813,0.3765508555282919,0.0009413771388207297,0.04032133753909631,0.015442765819235326
AVMD,IMF1,angle_position_mode,0.008692628650904,214,21400,21799,107.0,108.995,108.0,stable_10deg,stable_10deg,0.0,10.0,0.0,,,0.12058443959568561,5.8162428290422215,0.014540607072605554,0.12440706524916433,0.02857643124260418
AVMD,IMF2,background_dynamic_mode,17.793810848400554,214,21400,21799,107.0,108.995,108.0,stable_10deg,stable_10deg,0.0,10.0,0.0,17.0,17.706901115996835,0.05890827748395412,1.3880740624506145,0.0034701851561265364,0.07516984599854273,0.03602261851902194
AVMD,IMF3,background_dynamic_mode,39.90785813630041,214,21400,21799,107.0,108.995,108.0,stable_10deg,stable_10deg,0.0,10.0,0.0,40.0,37.58181792306004,0.02629126202486554,0.2764921835440547,0.0006912304588601368,0.03236426920521068,0.018405812634494614
AVMD,IMF4,background_dynamic_mode,54.08118915159944,214,21400,21799,107.0,108.995,108.0,stable_10deg,stable_10deg,0.0,10.0,0.0,53.5,51.68858516869615,0.01204330330986119,0.05801646184532541,0.00014504115461331352,0.015433245609799709,0.007180063863782791
AVMD,IMF5,background_dynamic_mode,59.97479137691238,214,21400,21799,107.0,108.995,108.0,stable_10deg,stable_10deg,0.0,10.0,0.0,60.0,61.094091705402846,0.011780756401307643,0.05551448855478041,0.00013878622138695102,0.015478690332150205,0.006164320841422707
AVMD,IMF6,background_dynamic_mode,80.04607093184978,214,21400,21799,107.0,108.995,108.0,stable_10deg,stable_10deg,0.0,10.0,0.0,80.0,79.9520581065349,0.04279749880104454,0.7326503614501636,0.001831625903625409,0.05972870541021525,0.009932257651262311
AVMD,IMF7,background_dynamic_mode,90.29468011126563,214,21400,21799,107.0,108.995,108.0,stable_10deg,stable_10deg,0.0,10.0,0.0,91.0,90.88654965662462,0.028268728113783247,0.31964839566839975,0.0007991209891709994,0.036570169498502024,0.01606214230365558
AVMD,IMF1,angle_position_mode,0.008692628650904,215,21500,21899,107.5,109.495,108.5,stable_10deg,stable_10deg,0.0,10.0,0.0,,,0.11526140412703124,5.314076512533926,0.013285191281334817,0.11837971528942777,0.025589096678431116
AVMD,IMF2,background_dynamic_mode,17.793810848400554,215,21500,21899,107.5,109.495,108.5,stable_10deg,stable_10deg,0.0,10.0,0.0,17.0,17.61009235597968,0.06396505955951234,1.6366115377807846,0.004091528844451961,0.08353238603381495,0.034905631713256634
AVMD,IMF3,background_dynamic_mode,39.90785813630041,215,21500,21899,107.5,109.495,108.5,stable_10deg,stable_10deg,0.0,10.0,0.0,40.0,37.99490219961062,0.025434848225462648,0.2587726017009282,0.0006469315042523205,0.031508893535945326,0.017342683112212664
AVMD,IMF4,background_dynamic_mode,54.08118915159944,215,21500,21899,107.5,109.495,108.5,stable_10deg,stable_10deg,0.0,10.0,0.0,54.5,51.99476790272097,0.01177422707664037,0.05545296930091648,0.0001386324232522912,0.014892634153813344,0.007449638548519918
AVMD,IMF5,background_dynamic_mode,59.97479137691238,215,21500,21899,107.5,109.495,108.5,stable_10deg,stable_10deg,0.0,10.0,0.0,60.0,62.114958106223575,0.012592424737910148,0.06342766431197258,0.00015856916077993145,0.016434541892891306,0.006836606193952623
AVMD,IMF6,background_dynamic_mode,80.04607093184978,215,21500,21899,107.5,109.495,108.5,stable_10deg,stable_10deg,0.0,10.0,0.0,80.0,79.84890346902837,0.04346470990318627,0.7556724027872557,0.0018891810069681391,0.06083549834878966,0.00916972875853525
AVMD,IMF7,background_dynamic_mode,90.29468011126563,215,21500,21899,107.5,109.495,108.5,stable_10deg,stable_10deg,0.0,10.0,0.0,91.0,90.96528379288856,0.030188927269903923,0.3645485318830195,0.0009113713297075487,0.03923982643919979,0.01701108981598418
AVMD,IMF1,angle_position_mode,0.008692628650904,216,21600,21999,108.0,109.995,109.0,stable_10deg,stable_10deg,0.0,10.00695270736731,0.10677109105116135,,,0.12111337279495109,5.867379627907519,0.014668449069768798,0.12475956129528704,0.02451558884359736
AVMD,IMF2,background_dynamic_mode,17.793810848400554,216,21600,21999,108.0,109.995,109.0,stable_10deg,stable_10deg,0.0,10.00695270736731,0.10677109105116135,17.0,17.713080084619737,0.06616986111663671,1.7513802080779965,0.004378450520194991,0.08723445370687134,0.033291630930230735
AVMD,IMF3,background_dynamic_mode,39.90785813630041,216,21600,21999,108.0,109.995,109.0,stable_10deg,stable_10deg,0.0,10.00695270736731,0.10677109105116135,36.0,37.65100051089454,0.028113822751202052,0.3161548118744024,0.0007903870296860061,0.03601486808674699,0.016840928053547595
AVMD,IMF4,background_dynamic_mode,54.08118915159944,216,21600,21999,108.0,109.995,109.0,stable_10deg,stable_10deg,0.0,10.00695270736731,0.10677109105116135,51.0,50.93468593766772,0.012928542323246731,0.06685888264159279,0.00016714720660398197,0.015384594915958907,0.00988009776381083
AVMD,IMF5,background_dynamic_mode,59.97479137691238,216,21600,21999,108.0,109.995,109.0,stable_10deg,stable_10deg,0.0,10.00695270736731,0.10677109105116135,60.0,61.46726841777855,0.013364400623272524,0.07144288160773082,0.00017860720401932705,0.01782783445804133,0.006297619145650007
AVMD,IMF6,background_dynamic_mode,80.04607093184978,216,21600,21999,108.0,109.995,109.0,stable_10deg,stable_10deg,0.0,10.00695270736731,0.10677109105116135,80.0,79.86929435825026,0.04255907052517039,0.724509793586571,0.0018112744839664274,0.05938574636543706,0.009652911770542272
AVMD,IMF7,background_dynamic_mode,90.29468011126563,216,21600,21999,108.0,109.995,109.0,stable_10deg,stable_10deg,0.0,10.00695270736731,0.10677109105116135,91.0,91.3271869375699,0.028151295474969716,0.31699817476762016,0.0007924954369190504,0.03611485285629489,0.01643572184482277
AVMD,IMF1,angle_position_mode,0.008692628650904,217,21700,22099,108.5,110.495,109.5,stable_10deg,stable_10deg,0.0,10.042942098083069,0.15501593160353028,,,0.12572517818414433,6.322728171773937,0.01580682042943484,0.12725119566663787,0.02552144256621799
AVMD,IMF2,background_dynamic_mode,17.793810848400554,217,21700,22099,108.5,110.495,109.5,stable_10deg,stable_10deg,0.0,10.042942098083069,0.15501593160353028,17.5,17.876340726804234,0.06548921496805976,1.7155349108530973,0.004288837277132743,0.08612523099985775,0.034035282710882686
AVMD,IMF3,background_dynamic_mode,39.90785813630041,217,21700,22099,108.5,110.495,109.5,stable_10deg,stable_10deg,0.0,10.042942098083069,0.15501593160353028,36.5,37.49269893341857,0.027615367721555584,0.3050434137586936,0.000762608534396734,0.03554702924014506,0.016205045282607154
AVMD,IMF4,background_dynamic_mode,54.08118915159944,217,21700,22099,108.5,110.495,109.5,stable_10deg,stable_10deg,0.0,10.042942098083069,0.15501593160353028,54.0,51.509330294257495,0.015422626261636322,0.09514296032244574,0.00023785740080611433,0.018105715532897082,0.01218186682479124
AVMD,IMF5,background_dynamic_mode,59.97479137691238,217,21700,22099,108.5,110.495,109.5,stable_10deg,stable_10deg,0.0,10.042942098083069,0.15501593160353028,60.0,61.15092814900838,0.014011757808690562,0.07853174275576037,0.00019632935688940092,0.01799681607413785,0.008299045998136582
AVMD,IMF6,background_dynamic_mode,80.04607093184978,217,21700,22099,108.5,110.495,109.5,stable_10deg,stable_10deg,0.0,10.042942098083069,0.15501593160353028,80.0,79.8908729563235,0.041445267167103506,0.6870840682210352,0.001717710170552588,0.05747099446294512,0.011496968790238971
AVMD,IMF7,background_dynamic_mode,90.29468011126563,217,21700,22099,108.5,110.495,109.5,stable_10deg,stable_10deg,0.0,10.042942098083069,0.15501593160353028,91.0,91.25499304212553,0.028940994140321353,0.33503245673204596,0.0008375811418301149,0.03711994364947211,0.016491770322085736
AVMD,IMF1,angle_position_mode,0.008692628650904,218,21800,22199,109.0,110.995,110.0,stable_10deg,stable_10deg,0.0,10.103179317318057,0.17530369110604155,,,0.12251725017354693,6.004190636034995,0.015010476590087488,0.12390788697649299,0.026651635320174512
AVMD,IMF2,background_dynamic_mode,17.793810848400554,218,21800,22199,109.0,110.995,110.0,stable_10deg,stable_10deg,0.0,10.103179317318057,0.17530369110604155,17.5,17.968314017353013,0.06136139345415121,1.5060882426540605,0.003765220606635151,0.07908059049230635,0.035511622257790566
AVMD,IMF3,background_dynamic_mode,39.90785813630041,218,21800,22199,109.0,110.995,110.0,stable_10deg,stable_10deg,0.0,10.103179317318057,0.17530369110604155,36.5,36.446070377460295,0.024938786125256275,0.24877722136050992,0.0006219430534012748,0.031848727020868405,0.015095077061766127
AVMD,IMF4,background_dynamic_mode,54.08118915159944,218,21800,22199,109.0,110.995,110.0,stable_10deg,stable_10deg,0.0,10.103179317318057,0.17530369110604155,51.5,51.04947625010247,0.016335423159475698,0.10673841991965399,0.000266846049799135,0.0192972900928371,0.012707484383130047
AVMD,IMF5,background_dynamic_mode,59.97479137691238,218,21800,22199,109.0,110.995,110.0,stable_10deg,stable_10deg,0.0,10.103179317318057,0.17530369110604155,60.0,62.531636283040925,0.013606539531803831,0.07405516721221617,0.0001851379180305404,0.017281404352262303,0.008460600950470406
AVMD,IMF6,background_dynamic_mode,80.04607093184978,218,21800,22199,109.0,110.995,110.0,stable_10deg,stable_10deg,0.0,10.103179317318057,0.17530369110604155,80.0,79.8615684086841,0.04209897733253464,0.7089295569781062,0.0017723238924452656,0.05848819387662701,0.010979832397959346
AVMD,IMF7,background_dynamic_mode,90.29468011126563,218,21800,22199,109.0,110.995,110.0,stable_10deg,stable_10deg,0.0,10.103179317318057,0.17530369110604155,91.0,91.38517970315368,0.03082800560211798,0.380146371761687,0.0009503659294042174,0.04083282472534588,0.015096195847259776
AVMD,IMF1,angle_position_mode,0.008692628650904,219,21900,22299,109.5,111.495,110.5,stable_10deg,stable_10deg,0.0,10.179650121243755,0.1821114692608542,,,0.12223971480758707,5.977019150496089,0.014942547876240221,0.12354387800395732,0.029570465938161563
AVMD,IMF2,background_dynamic_mode,17.793810848400554,219,21900,22299,109.5,111.495,110.5,stable_10deg,stable_10deg,0.0,10.179650121243755,0.1821114692608542,17.5,18.156549550775892,0.055207188124140646,1.2191334482297025,0.0030478336205742563,0.06996445762739102,0.03456698794771025
AVMD,IMF3,background_dynamic_mode,39.90785813630041,219,21900,22299,109.5,111.495,110.5,stable_10deg,stable_10deg,0.0,10.179650121243755,0.1821114692608542,36.5,36.7928174144012,0.02579501133211895,0.26615304384965804,0.0006653826096241451,0.03262883817797368,0.016329175423729747
AVMD,IMF4,background_dynamic_mode,54.08118915159944,219,21900,22299,109.5,111.495,110.5,stable_10deg,stable_10deg,0.0,10.179650121243755,0.1821114692608542,51.0,51.04187398502657,0.01607779468105095,0.10339819272241212,0.00025849548180603026,0.01875528981908033,0.012834101548157608
AVMD,IMF5,background_dynamic_mode,59.97479137691238,219,21900,22299,109.5,111.495,110.5,stable_10deg,stable_10deg,0.0,10.179650121243755,0.1821114692608542,60.0,62.2155086995315,0.013451329663396782,0.07237530788535128,0.00018093826971337819,0.016741540143452836,0.009035947826365992
AVMD,IMF6,background_dynamic_mode,80.04607093184978,219,21900,22299,109.5,111.495,110.5,stable_10deg,stable_10deg,0.0,10.179650121243755,0.1821114692608542,80.0,79.9490486001124,0.040524673488025915,0.6568996645244443,0.0016422491613111107,0.055934666559208965,0.012159350773578175
AVMD,IMF7,background_dynamic_mode,90.29468011126563,219,21900,22299,109.5,111.495,110.5,stable_10deg,stable_10deg,0.0,10.179650121243755,0.1821114692608542,91.0,91.43925969289221,0.03169317875431754,0.40178303182124986,0.0010044575795531247,0.04253786312523969,0.014690508336697645
AVMD,IMF1,angle_position_mode,0.008692628650904,220,22000,22399,110.0,111.995,111.0,stable_10deg,stable_10deg,0.0,10.257155467003573,0.1486502914648796,,,0.12450647025854841,6.20074445449712,0.0155018611362428,0.12491059073633717,0.02707138430134809
AVMD,IMF2,background_dynamic_mode,17.793810848400554,220,22000,22399,110.0,111.995,111.0,stable_10deg,stable_10deg,0.0,10.257155467003573,0.1486502914648796,17.5,18.20711410227872,0.042565817546936835,0.7247395293756462,0.0018118488234391155,0.055966255568472734,0.02264834350563932
AVMD,IMF3,background_dynamic_mode,39.90785813630041,220,22000,22399,110.0,111.995,111.0,stable_10deg,stable_10deg,0.0,10.257155467003573,0.1486502914648796,36.5,37.553170936913126,0.023742867999665643,0.2254895123398187,0.0005637237808495467,0.029741429435422576,0.015618985677650877
AVMD,IMF4,background_dynamic_mode,54.08118915159944,220,22000,22399,110.0,111.995,111.0,stable_10deg,stable_10deg,0.0,10.257155467003573,0.1486502914648796,54.5,52.98037718210926,0.01599593416308734,0.10234796389992987,0.00025586990974982467,0.019782914662722716,0.010973442529608392
AVMD,IMF5,background_dynamic_mode,59.97479137691238,220,22000,22399,110.0,111.995,111.0,stable_10deg,stable_10deg,0.0,10.257155467003573,0.1486502914648796,60.0,61.61309269956117,0.012877937320246637,0.06633650784968045,0.00016584126962420113,0.01595680304095767,0.008783908276241748
AVMD,IMF6,background_dynamic_mode,80.04607093184978,220,22000,22399,110.0,111.995,111.0,stable_10deg,stable_10deg,0.0,10.257155467003573,0.1486502914648796,80.0,79.93170825699521,0.04158097170942235,0.6915908833199127,0.0017289772082997818,0.05756010466726092,0.012023859320507283
AVMD,IMF7,background_dynamic_mode,90.29468011126563,220,22000,22399,110.0,111.995,111.0,stable_10deg,stable_10deg,0.0,10.257155467003573,0.1486502914648796,91.0,91.42221054667408,0.03300858452974509,0.43582666106293066,0.0010895666526573268,0.04511294503193925,0.012817188405232749
AVMD,IMF1,angle_position_mode,0.008692628650904,221,22100,22499,110.5,112.495,111.5,stable_10deg,stable_10deg,0.0,10.305754625069621,0.09863904638193075,,,0.11331679031598822,5.136277987007057,0.012840694967517642,0.11287835155243478,0.02970294735278222
AVMD,IMF2,background_dynamic_mode,17.793810848400554,221,22100,22499,110.5,112.495,111.5,stable_10deg,stable_10deg,0.0,10.305754625069621,0.09863904638193075,17.5,18.103577371260535,0.047746867692966724,0.9119053497958678,0.0022797633744896695,0.06130747613906328,0.028013693583193656
AVMD,IMF3,background_dynamic_mode,39.90785813630041,221,22100,22499,110.5,112.495,111.5,stable_10deg,stable_10deg,0.0,10.305754625069621,0.09863904638193075,40.0,37.75533905559535,0.02301794088844342,0.2119302410975502,0.0005298256027438755,0.02857644370023977,0.01558698256974986
AVMD,IMF4,background_dynamic_mode,54.08118915159944,221,22100,22499,110.5,112.495,111.5,stable_10deg,stable_10deg,0.0,10.305754625069621,0.09863904638193075,54.5,53.62376464545783,0.014760338071680092,0.08714703199611551,0.00021786757999028877,0.01840407719089947,0.009762900178510595
AVMD,IMF5,background_dynamic_mode,59.97479137691238,221,22100,22499,110.5,112.495,111.5,stable_10deg,stable_10deg,0.0,10.305754625069621,0.09863904638193075,60.0,61.29832716792351,0.013058829253228925,0.068213208585995,0.0001705330214649875,0.016560981323109625,0.008160208085565026
AVMD,IMF6,background_dynamic_mode,80.04607093184978,221,22100,22499,110.5,112.495,111.5,stable_10deg,stable_10deg,0.0,10.305754625069621,0.09863904638193075,80.0,79.96480731157467,0.04218993341505808,0.7119961926268137,0.0017799904815670343,0.05861418755145312,0.01081585064371522
AVMD,IMF7,background_dynamic_mode,90.29468011126563,221,22100,22499,110.5,112.495,111.5,stable_10deg,stable_10deg,0.0,10.305754625069621,0.09863904638193075,91.0,91.27833882221385,0.033265313118974175,0.4426324227613582,0.0011065810569033956,0.045106378027441274,0.014345857968885824
AVMD,IMF1,angle_position_mode,0.008692628650904,222,22200,22599,111.0,112.995,112.0,stable_10deg,stable_10deg,0.0,10.323341902264758,0.0677821181986998,,,0.11035389902122623,4.8711932116747985,0.012177983029186996,0.11110666605611591,0.028795072772821832
AVMD,IMF2,background_dynamic_mode,17.793810848400554,222,22200,22599,111.0,112.995,112.0,stable_10deg,stable_10deg,0.0,10.323341902264758,0.0677821181986998,17.5,17.987518859266434,0.05886168226512173,1.3858790556320584,0.003464697639080146,0.07490031740634068,0.036607881014720144
AVMD,IMF3,background_dynamic_mode,39.90785813630041,222,22200,22599,111.0,112.995,112.0,stable_10deg,stable_10deg,0.0,10.323341902264758,0.0677821181986998,40.0,37.68315448248649,0.023759307446948198,0.22580187614344321,0.000564504690358608,0.029186022546974253,0.016641013514064783
AVMD,IMF4,background_dynamic_mode,54.08118915159944,222,22200,22599,111.0,112.995,112.0,stable_10deg,stable_10deg,0.0,10.323341902264758,0.0677821181986998,54.5,51.76596258200015,0.015529714619350616,0.0964688144633889,0.00024117203615847224,0.019504488527935213,0.010148460208728574
AVMD,IMF5,background_dynamic_mode,59.97479137691238,222,22200,22599,111.0,112.995,112.0,stable_10deg,stable_10deg,0.0,10.323341902264758,0.0677821181986998,60.0,60.97488207697925,0.013942990581469295,0.07776279454197658,0.00019440698635494146,0.017763735497048783,0.008483817516355874
AVMD,IMF6,background_dynamic_mode,80.04607093184978,222,22200,22599,111.0,112.995,112.0,stable_10deg,stable_10deg,0.0,10.323341902264758,0.0677821181986998,80.0,79.94876585028479,0.04228882425832765,0.7153378628606883,0.001788344657151721,0.05847678639409233,0.01236152770188308
AVMD,IMF7,background_dynamic_mode,90.29468011126563,222,22200,22599,111.0,112.995,112.0,stable_10deg,stable_10deg,0.0,10.323341902264758,0.0677821181986998,91.0,91.39361237781236,0.03195521274622962,0.4084542486627184,0.001021135621656796,0.042538211015402824,0.015271517218013557
AVMD,IMF1,angle_position_mode,0.008692628650904,223,22300,22699,111.5,113.495,112.5,stable_10deg,stable_10deg,0.0,10.312470121112488,0.07411733381365668,,,0.12029480930419285,5.788336458212849,0.014470841145532123,0.12055310521374725,0.032170873911142255
AVMD,IMF2,background_dynamic_mode,17.793810848400554,223,22300,22699,111.5,113.495,112.5,stable_10deg,stable_10deg,0.0,10.312470121112488,0.07411733381365668,17.5,17.602035400439714,0.06231084239191286,1.553056431835922,0.003882641079589805,0.08065676599181507,0.035757919560113
AVMD,IMF3,background_dynamic_mode,39.90785813630041,223,22300,22699,111.5,113.495,112.5,stable_10deg,stable_10deg,0.0,10.312470121112488,0.07411733381365668,40.0,38.096199435492665,0.026566770405576257,0.282317315913041,0.0007057932897826025,0.03205256355599528,0.01959245576353892
AVMD,IMF4,background_dynamic_mode,54.08118915159944,223,22300,22699,111.5,113.495,112.5,stable_10deg,stable_10deg,0.0,10.312470121112488,0.07411733381365668,54.5,51.18391392316109,0.016011161856678616,0.1025429216003041,0.00025635730400076025,0.020626606660930424,0.009376984632954439
AVMD,IMF5,background_dynamic_mode,59.97479137691238,223,22300,22699,111.5,113.495,112.5,stable_10deg,stable_10deg,0.0,10.312470121112488,0.07411733381365668,60.0,60.88933167048143,0.014865418949273772,0.0883922722149711,0.00022098068053742775,0.0191957560830782,0.008574746349524976
AVMD,IMF6,background_dynamic_mode,80.04607093184978,223,22300,22699,111.5,113.495,112.5,stable_10deg,stable_10deg,0.0,10.312470121112488,0.07411733381365668,80.0,79.91911082429556,0.04258433841603712,0.72537035133263,0.0018134258783315748,0.05850461636968737,0.014206520018324136
AVMD,IMF7,background_dynamic_mode,90.29468011126563,223,22300,22699,111.5,113.495,112.5,stable_10deg,stable_10deg,0.0,10.312470121112488,0.07411733381365668,91.0,91.44902506753974,0.02850147432074952,0.32493361538253773,0.0008123340384563443,0.037647215250103144,0.014062891919574504
AVMD,IMF1,angle_position_mode,0.008692628650904,224,22400,22799,112.0,113.995,113.0,stable_10deg,stable_10deg,0.0,10.277670999065235,0.09941933902969041,,,0.12209221401811075,5.962603489537663,0.014906508723844159,0.12209939026465129,0.03242955618856166
AVMD,IMF2,background_dynamic_mode,17.793810848400554,224,22400,22799,112.0,113.995,113.0,stable_10deg,stable_10deg,0.0,10.277670999065235,0.09941933902969041,17.5,17.58621392948791,0.06712570570185945,1.8023441463890584,0.004505860365972646,0.08902145327937372,0.03264438999053237
AVMD,IMF3,background_dynamic_mode,39.90785813630041,224,22400,22799,112.0,113.995,113.0,stable_10deg,stable_10deg,0.0,10.277670999065235,0.09941933902969041,40.0,38.06971000592024,0.027227573392852433,0.29653630114526625,0.0007413407528631656,0.03336975191442394,0.01919077106352042
AVMD,IMF4,background_dynamic_mode,54.08118915159944,224,22400,22799,112.0,113.995,113.0,stable_10deg,stable_10deg,0.0,10.277670999065235,0.09941933902969041,52.0,52.44750546791456,0.01592618353195085,0.101457328757353,0.0002536433218933825,0.02061293966445981,0.009069228161326446
AVMD,IMF5,background_dynamic_mode,59.97479137691238,224,22400,22799,112.0,113.995,113.0,stable_10deg,stable_10deg,0.0,10.277670999065235,0.09941933902969041,60.0,61.52582832805942,0.015599713962257613,0.09734043028170206,0.00024335107570425514,0.019960291600555378,0.009392306212044083
AVMD,IMF6,background_dynamic_mode,80.04607093184978,224,22400,22799,112.0,113.995,113.0,stable_10deg,stable_10deg,0.0,10.277670999065235,0.09941933902969041,80.0,79.84927339494298,0.04144452875981134,0.6870595856491317,0.0017176489641228293,0.05678938783007972,0.01441352362799397
AVMD,IMF7,background_dynamic_mode,90.29468011126563,224,22400,22799,112.0,113.995,113.0,stable_10deg,stable_10deg,0.0,10.277670999065235,0.09941933902969041,91.0,91.54606944055506,0.029547185620988712,0.34921447124846483,0.0008730361781211621,0.03783741434137015,0.016814672349205563
AVMD,IMF1,angle_position_mode,0.008692628650904,225,22500,22899,112.5,114.495,113.5,stable_10deg,stable_10deg,0.0,10.224967655772383,0.12182612590203387,,,0.12281739095271675,6.033644608172988,0.01508411152043247,0.12395914399350687,0.03042007530049604
AVMD,IMF2,background_dynamic_mode,17.793810848400554,225,22500,22899,112.5,114.495,113.5,stable_10deg,stable_10deg,0.0,10.224967655772383,0.12182612590203387,17.0,17.657876364428258,0.06685042161913662,1.7875915482625317,0.004468978870656329,0.08927276635339468,0.031228459840420934
AVMD,IMF3,background_dynamic_mode,39.90785813630041,225,22500,22899,112.5,114.495,113.5,stable_10deg,stable_10deg,0.0,10.224967655772383,0.12182612590203387,36.0,37.609404500782006,0.02598957058906336,0.27018311176156284,0.0006754577794039072,0.031754543272333284,0.018500670714211687
AVMD,IMF4,background_dynamic_mode,54.08118915159944,225,22500,22899,112.5,114.495,113.5,stable_10deg,stable_10deg,0.0,10.224967655772383,0.12182612590203387,54.5,52.66940190538872,0.015043791084726386,0.09052626008035725,0.00022631565020089312,0.01955769276863459,0.008414032002388465
AVMD,IMF5,background_dynamic_mode,59.97479137691238,225,22500,22899,112.5,114.495,113.5,stable_10deg,stable_10deg,0.0,10.224967655772383,0.12182612590203387,60.0,61.18842534073313,0.015684003651648775,0.09839518821797286,0.00024598797054493216,0.019601706590592693,0.010388369936372327
AVMD,IMF6,background_dynamic_mode,80.04607093184978,225,22500,22899,112.5,114.495,113.5,stable_10deg,stable_10deg,0.0,10.224967655772383,0.12182612590203387,80.0,79.84645587570701,0.041513325953612866,0.6893424926923629,0.0017233562317309074,0.05698513814969051,0.014008774803030566
AVMD,IMF7,background_dynamic_mode,90.29468011126563,225,22500,22899,112.5,114.495,113.5,stable_10deg,stable_10deg,0.0,10.224967655772383,0.12182612590203387,91.0,91.54627340949146,0.028561252709290948,0.3262980625295918,0.0008157451563239796,0.037401275179092704,0.015018183361136675
AVMD,IMF1,angle_position_mode,0.008692628650904,226,22600,22999,113.0,114.995,114.0,stable_10deg,stable_10deg,0.0,10.161280584275488,0.13410196735758623,,,0.12742298541549962,6.494646884879451,0.01623661721219863,0.12798664582429894,0.03666944968427931
AVMD,IMF2,background_dynamic_mode,17.793810848400554,226,22600,22999,113.0,114.995,114.0,stable_10deg,stable_10deg,0.0,10.161280584275488,0.13410196735758623,17.0,17.47893455623637,0.06256244446199909,1.5656237828242885,0.003914059457060721,0.083810156575109,0.027990900531217874
AVMD,IMF3,background_dynamic_mode,39.90785813630041,226,22600,22999,113.0,114.995,114.0,stable_10deg,stable_10deg,0.0,10.161280584275488,0.13410196735758623,36.0,37.6723051086696,0.028423272218761408,0.32315296144872563,0.000807882403621814,0.0345522800130258,0.020439593960290298
AVMD,IMF4,background_dynamic_mode,54.08118915159944,226,22600,22999,113.0,114.995,114.0,stable_10deg,stable_10deg,0.0,10.161280584275488,0.13410196735758623,54.0,51.56225219031035,0.014107064004231172,0.07960370192778993,0.0001990092548194748,0.0186785523694528,0.0069573203063412765
AVMD,IMF5,background_dynamic_mode,59.97479137691238,226,22600,22999,113.0,114.995,114.0,stable_10deg,stable_10deg,0.0,10.161280584275488,0.13410196735758623,60.0,60.80611731489789,0.01500457748285397,0.09005493817558735,0.00022513734543896837,0.01856922320781879,0.010359926518082317
AVMD,IMF6,background_dynamic_mode,80.04607093184978,226,22600,22999,113.0,114.995,114.0,stable_10deg,stable_10deg,0.0,10.161280584275488,0.13410196735758623,80.0,79.97855514901708,0.04006410227639217,0.6420529164852848,0.0016051322912132122,0.05414629742476115,0.01657613704168642
AVMD,IMF7,background_dynamic_mode,90.29468011126563,226,22600,22999,113.0,114.995,114.0,stable_10deg,stable_10deg,0.0,10.161280584275488,0.13410196735758623,91.0,91.39048317704741,0.029615619184146968,0.35083395986416555,0.0008770848996604139,0.03909807725681916,0.015169356270121013
AVMD,IMF1,angle_position_mode,0.008692628650904,227,22700,23099,113.5,115.495,114.5,stable_10deg,stable_10deg,0.0,10.096713151443549,0.1267712005005394,,,0.11915040281128926,5.678727396036995,0.014196818490092487,0.11945343127470431,0.035096532103033075
AVMD,IMF2,background_dynamic_mode,17.793810848400554,227,22700,23099,113.5,115.495,114.5,stable_10deg,stable_10deg,0.0,10.096713151443549,0.1267712005005394,17.0,17.38616606133233,0.06438968872645222,1.6584128057157632,0.004146032014289408,0.08601768007324445,0.02972682537944075
AVMD,IMF3,background_dynamic_mode,39.90785813630041,227,22700,23099,113.5,115.495,114.5,stable_10deg,stable_10deg,0.0,10.096713151443549,0.1267712005005394,40.0,38.33786077779006,0.025517943553383757,0.26046617727747184,0.0006511654431936797,0.03188057476466373,0.01691107109252376
AVMD,IMF4,background_dynamic_mode,54.08118915159944,227,22700,23099,113.5,115.495,114.5,stable_10deg,stable_10deg,0.0,10.096713151443549,0.1267712005005394,54.0,51.216816413375724,0.012978300119873,0.06737450960059821,0.00016843627400149554,0.016971041082546955,0.006978347217418226
AVMD,IMF5,background_dynamic_mode,59.97479137691238,227,22700,23099,113.5,115.495,114.5,stable_10deg,stable_10deg,0.0,10.096713151443549,0.1267712005005394,60.0,60.78890680784634,0.013451032049249384,0.07237210527597364,0.00018093026318993408,0.01626645291718757,0.009866058221519229
AVMD,IMF6,background_dynamic_mode,80.04607093184978,227,22700,23099,113.5,115.495,114.5,stable_10deg,stable_10deg,0.0,10.096713151443549,0.1267712005005394,80.0,79.96981980309786,0.04080288951829381,0.6659503172168364,0.0016648757930420909,0.05590294868271263,0.014052466582837151
AVMD,IMF7,background_dynamic_mode,90.29468011126563,227,22700,23099,113.5,115.495,114.5,stable_10deg,stable_10deg,0.0,10.096713151443549,0.1267712005005394,90.5,90.95775387637362,0.03162328171974204,0.40001277869046836,0.001000031946726171,0.04231680575051992,0.014106660853605884
AVMD,IMF1,angle_position_mode,0.008692628650904,228,22800,23199,114.0,115.995,115.0,stable_10deg,stable_10deg,0.0,10.04705422036368,0.10652569490217113,,,0.1149191883166301,5.282567937341237,0.013206419843353093,0.11514043378334804,0.03305062003005227
AVMD,IMF2,background_dynamic_mode,17.793810848400554,228,22800,23199,114.0,115.995,115.0,stable_10deg,stable_10deg,0.0,10.04705422036368,0.10652569490217113,17.0,17.400107895574674,0.06228675416771629,1.5518558978998092,0.0038796397447495227,0.08333821288920273,0.028932962052385894
AVMD,IMF3,background_dynamic_mode,39.90785813630041,228,22800,23199,114.0,115.995,115.0,stable_10deg,stable_10deg,0.0,10.04705422036368,0.10652569490217113,40.0,38.72259873151431,0.027397830189799487,0.30025643964363524,0.0007506410991090881,0.033504602199668415,0.019455412382492234
AVMD,IMF4,background_dynamic_mode,54.08118915159944,228,22800,23199,114.0,115.995,115.0,stable_10deg,stable_10deg,0.0,10.04705422036368,0.10652569490217113,53.5,50.61071700317753,0.013314878856500938,0.07091439958531828,0.00017728599896329572,0.016544820341826756,0.008997256637857245
AVMD,IMF5,background_dynamic_mode,59.97479137691238,228,22800,23199,114.0,115.995,115.0,stable_10deg,stable_10deg,0.0,10.04705422036368,0.10652569490217113,60.0,61.371439798797134,0.01341642780288919,0.07200021399605523,0.00018000053499013808,0.016503897911207197,0.009463453462996367
AVMD,IMF6,background_dynamic_mode,80.04607093184978,228,22800,23199,114.0,115.995,115.0,stable_10deg,stable_10deg,0.0,10.04705422036368,0.10652569490217113,80.0,79.88574314539382,0.041503661594819,0.6890215703109013,0.0017225539257772532,0.056708513386414146,0.014944166840493867
AVMD,IMF7,background_dynamic_mode,90.29468011126563,228,22800,23199,114.0,115.995,115.0,stable_10deg,stable_10deg,0.0,10.04705422036368,0.10652569490217113,90.5,91.00056873171654,0.029862254780045443,0.3567017042193388,0.0008917542605483469,0.04097410348487534,0.011481992051454108
AVMD,IMF1,angle_position_mode,0.008692628650904,229,22900,23299,114.5,116.495,115.5,stable_10deg,stable_10deg,0.0,10.015169014874717,0.07827961554577763,,,0.12191041151590494,5.944859374390916,0.01486214843597729,0.12221416678705481,0.03227843418122733
AVMD,IMF2,background_dynamic_mode,17.793810848400554,229,22900,23299,114.5,116.495,115.5,stable_10deg,stable_10deg,0.0,10.015169014874717,0.07827961554577763,17.0,17.35619333822998,0.061179421460943205,1.4971686441182872,0.0037429216102957182,0.08175135032165662,0.028820870687118718
AVMD,IMF3,background_dynamic_mode,39.90785813630041,229,22900,23299,114.5,116.495,115.5,stable_10deg,stable_10deg,0.0,10.015169014874717,0.07827961554577763,40.0,38.12417129888544,0.031099302379946868,0.38686664340774757,0.0009671666085193689,0.03855051143237407,0.02106724966622576
AVMD,IMF4,background_dynamic_mode,54.08118915159944,229,22900,23299,114.5,116.495,115.5,stable_10deg,stable_10deg,0.0,10.015169014874717,0.07827961554577763,53.5,51.829596739600994,0.012678874454107512,0.06430154296920802,0.00016075385742302006,0.01537955180082967,0.009235144206328377
AVMD,IMF5,background_dynamic_mode,59.97479137691238,229,22900,23299,114.5,116.495,115.5,stable_10deg,stable_10deg,0.0,10.015169014874717,0.07827961554577763,60.0,62.170037800281065,0.014735210582466757,0.08685057236385613,0.00021712643090964032,0.018089852665271553,0.010178481828325809
AVMD,IMF6,background_dynamic_mode,80.04607093184978,229,22900,23299,114.5,116.495,115.5,stable_10deg,stable_10deg,0.0,10.015169014874717,0.07827961554577763,80.0,79.87203335611767,0.042218366832612826,0.7129561992052251,0.0017823904980130629,0.05765322893663985,0.015701861120696138
AVMD,IMF7,background_dynamic_mode,90.29468011126563,229,22900,23299,114.5,116.495,115.5,stable_10deg,stable_10deg,0.0,10.015169014874717,0.07827961554577763,90.5,90.88845994569671,0.02653112163024104,0.2815601659834576,0.0007039004149586441,0.03581040829466148,0.011273404000632167
AVMD,IMF1,angle_position_mode,0.008692628650904,230,23000,23399,115.0,116.995,116.0,stable_10deg,stable_10deg,0.0,10.001031589941492,0.037679787317074304,,,0.12640816912615221,6.39161008873036,0.0159790252218259,0.12648402970905068,0.026531248751602753
AVMD,IMF2,background_dynamic_mode,17.793810848400554,230,23000,23399,115.0,116.995,116.0,stable_10deg,stable_10deg,0.0,10.001031589941492,0.037679787317074304,17.0,17.358736248170494,0.055258433094736534,1.2213977712341895,0.0030534944280854737,0.07235484165290702,0.029554344134265036
AVMD,IMF3,background_dynamic_mode,39.90785813630041,230,23000,23399,115.0,116.995,116.0,stable_10deg,stable_10deg,0.0,10.001031589941492,0.037679787317074304,36.0,37.46543422895514,0.02865418405237947,0.32842490548305525,0.0008210622637076381,0.036336314598208665,0.017981230323193383
AVMD,IMF4,background_dynamic_mode,54.08118915159944,230,23000,23399,115.0,116.995,116.0,stable_10deg,stable_10deg,0.0,10.001031589941492,0.037679787317074304,53.5,51.6135713823922,0.012076229798427903,0.05833413045777522,0.00014583532614443804,0.01403985301081871,0.009738974700351306
AVMD,IMF5,background_dynamic_mode,59.97479137691238,230,23000,23399,115.0,116.995,116.0,stable_10deg,stable_10deg,0.0,10.001031589941492,0.037679787317074304,60.0,61.39337649674034,0.015805197045479513,0.09992170145857372,0.0002498042536464343,0.019294776111797377,0.011261272597567254
AVMD,IMF6,background_dynamic_mode,80.04607093184978,230,23000,23399,115.0,116.995,116.0,stable_10deg,stable_10deg,0.0,10.001031589941492,0.037679787317074304,80.0,79.79412275520455,0.04248620855447099,0.7220311669336015,0.0018050779173340037,0.05893527887837144,0.011672256712256872
AVMD,IMF7,background_dynamic_mode,90.29468011126563,230,23000,23399,115.0,116.995,116.0,stable_10deg,stable_10deg,0.0,10.001031589941492,0.037679787317074304,90.5,91.19090058597146,0.029398852568780668,0.3457170129443607,0.0008642925323609017,0.039340497927755964,0.013109514522695013
AVMD,IMF1,angle_position_mode,0.008692628650904,231,23100,23499,115.5,117.495,116.5,stable_10deg,stable_10deg,0.0,10.0,0.0,,,0.12746863052196541,6.4993007068581345,0.016248251767145335,0.12931304264028853,0.025693506480303004
AVMD,IMF2,background_dynamic_mode,17.793810848400554,231,23100,23499,115.5,117.495,116.5,stable_10deg,stable_10deg,0.0,10.0,0.0,17.0,17.589345906226733,0.04875882694950558,0.9509692821967328,0.002377423205491832,0.06385958523595404,0.025594715331689794
AVMD,IMF3,background_dynamic_mode,39.90785813630041,231,23100,23499,115.5,117.495,116.5,stable_10deg,stable_10deg,0.0,10.0,0.0,36.0,37.39335864682367,0.02814428742551329,0.31684036587596215,0.0007921009146899054,0.03533468920502442,0.01829039133669118
AVMD,IMF4,background_dynamic_mode,54.08118915159944,231,23100,23499,115.5,117.495,116.5,stable_10deg,stable_10deg,0.0,10.0,0.0,53.0,50.875479654428226,0.01522815909201937,0.09275873173274088,0.0002318968293318522,0.018030635930090813,0.011728007118089589
AVMD,IMF5,background_dynamic_mode,59.97479137691238,231,23100,23499,115.5,117.495,116.5,stable_10deg,stable_10deg,0.0,10.0,0.0,60.0,61.97885897239174,0.015723909452655938,0.0988965313901291,0.0002472413284753228,0.019369680267205407,0.0109319546680444
AVMD,IMF6,background_dynamic_mode,80.04607093184978,231,23100,23499,115.5,117.495,116.5,stable_10deg,stable_10deg,0.0,10.0,0.0,80.0,79.77658715811788,0.04199722290571329,0.7055066927168676,0.0017637667317921691,0.057958951498772907,0.012855836958485353
AVMD,IMF7,background_dynamic_mode,90.29468011126563,231,23100,23499,115.5,117.495,116.5,stable_10deg,stable_10deg,0.0,10.0,0.0,91.0,91.4630055716477,0.027282718206285486,0.29773868508943263,0.0007443467127235815,0.036091756755382995,0.013923004840519134
AVMD,IMF1,angle_position_mode,0.008692628650904,232,23200,23599,116.0,117.995,117.0,stable_10deg,stable_10deg,0.0,10.0,0.0,,,0.1305769473971455,6.820135676622763,0.017050339191556907,0.13284563971673705,0.02984045487816544
AVMD,IMF2,background_dynamic_mode,17.793810848400554,232,23200,23599,116.0,117.995,117.0,stable_10deg,stable_10deg,0.0,10.0,0.0,17.0,17.90763515336584,0.04945665687949023,0.9783843638782515,0.0024459609096956288,0.06367164291693253,0.028817685606877974
AVMD,IMF3,background_dynamic_mode,39.90785813630041,232,23200,23599,116.0,117.995,117.0,stable_10deg,stable_10deg,0.0,10.0,0.0,40.0,38.17765640283782,0.02532567049202769,0.25655583434830487,0.0006413895858707622,0.03176796474909985,0.016519466173469936
AVMD,IMF4,background_dynamic_mode,54.08118915159944,232,23200,23599,116.0,117.995,117.0,stable_10deg,stable_10deg,0.0,10.0,0.0,54.0,52.844472524282715,0.015053616799460417,0.09064455149799874,0.00022661137874499686,0.018353920428807832,0.010795029795462796
AVMD,IMF5,background_dynamic_mode,59.97479137691238,232,23200,23599,116.0,117.995,117.0,stable_10deg,stable_10deg,0.0,10.0,0.0,62.0,62.375830069903664,0.015247398880600857,0.09299326904965931,0.00023248317262414828,0.01859831339205218,0.010853283513616077
AVMD,IMF6,background_dynamic_mode,80.04607093184978,232,23200,23599,116.0,117.995,117.0,stable_10deg,stable_10deg,0.0,10.0,0.0,80.0,79.87790861347294,0.0418468390499879,0.7004631753902368,0.001751157938475592,0.05799805977890829,0.011623797824884699
AVMD,IMF7,background_dynamic_mode,90.29468011126563,232,23200,23599,116.0,117.995,117.0,stable_10deg,stable_10deg,0.0,10.0,0.0,91.0,91.36534213314508,0.026241089578660903,0.2754379129101224,0.0006885947822753059,0.03341071286919345,0.016136578907790963
AVMD,IMF1,angle_position_mode,0.008692628650904,233,23300,23699,116.5,118.495,117.5,stable_10deg,stable_10deg,0.0,10.0,0.0,,,0.1259160520095358,6.341940861467249,0.015854852153668123,0.13007953024898355,0.030606098822271263
AVMD,IMF2,background_dynamic_mode,17.793810848400554,233,23300,23699,116.5,118.495,117.5,stable_10deg,stable_10deg,0.0,10.0,0.0,17.5,18.384254346579123,0.04813653352509267,0.9268503439249483,0.0023171258598123708,0.06158612888211066,0.02893509396722111
AVMD,IMF3,background_dynamic_mode,39.90785813630041,233,23300,23699,116.5,118.495,117.5,stable_10deg,stable_10deg,0.0,10.0,0.0,36.5,37.64448439264212,0.02019841214447914,0.16319034126329698,0.00040797585315824244,0.025881121848086018,0.01226438910340812
AVMD,IMF4,background_dynamic_mode,54.08118915159944,233,23300,23699,116.5,118.495,117.5,stable_10deg,stable_10deg,0.0,10.0,0.0,54.5,53.09689550459465,0.016621070367367433,0.1105039920627919,0.0002762599801569798,0.02144659205281215,0.009666482576011643
AVMD,IMF5,background_dynamic_mode,59.97479137691238,233,23300,23699,116.5,118.495,117.5,stable_10deg,stable_10deg,0.0,10.0,0.0,60.0,61.46385918756494,0.012648503119869516,0.06399385246933956,0.0001599846311733489,0.015901995228249116,0.008397142711427144
AVMD,IMF6,background_dynamic_mode,80.04607093184978,233,23300,23699,116.5,118.495,117.5,stable_10deg,stable_10deg,0.0,10.0,0.0,80.0,79.8986386093205,0.04268868041263847,0.7289293741489535,0.0018223234353723838,0.059391139813282416,0.01050693880533311
AVMD,IMF7,background_dynamic_mode,90.29468011126563,233,23300,23699,116.5,118.495,117.5,stable_10deg,stable_10deg,0.0,10.0,0.0,91.0,91.54788036671381,0.026969311036767883,0.290937495119172,0.00072734373779793,0.0332039841321684,0.01790570583432793
AVMD,IMF1,angle_position_mode,0.008692628650904,234,23400,23799,117.0,118.995,118.0,stable_10deg,stable_10deg,0.0,10.000416392152353,0.02350731352478343,,,0.12029513132871053,5.788367448556685,0.014470918621391713,0.12562943380472358,0.028569309232176772
AVMD,IMF2,background_dynamic_mode,17.793810848400554,234,23400,23799,117.0,118.995,118.0,stable_10deg,stable_10deg,0.0,10.000416392152353,0.02350731352478343,17.5,18.057944222515435,0.053590944001637116,1.148795711594642,0.0028719892789866052,0.06924336289183555,0.03078843256339483
AVMD,IMF3,background_dynamic_mode,39.90785813630041,234,23400,23799,117.0,118.995,118.0,stable_10deg,stable_10deg,0.0,10.000416392152353,0.02350731352478343,36.5,37.39645366838797,0.021028536576254666,0.17687974021555214,0.00044219935053888037,0.02601650975103305,0.014515206796627347
AVMD,IMF4,background_dynamic_mode,54.08118915159944,234,23400,23799,117.0,118.995,118.0,stable_10deg,stable_10deg,0.0,10.000416392152353,0.02350731352478343,54.5,52.81791794292268,0.016109204414843103,0.10380258675168019,0.0002595064668792005,0.020687498024927684,0.00951072025819615
AVMD,IMF5,background_dynamic_mode,59.97479137691238,234,23400,23799,117.0,118.995,118.0,stable_10deg,stable_10deg,0.0,10.000416392152353,0.02350731352478343,60.0,60.88236569113845,0.011440210478290446,0.052351366315034606,0.0001308784157875865,0.015216581412384194,0.005508505670764123
AVMD,IMF6,background_dynamic_mode,80.04607093184978,234,23400,23799,117.0,118.995,118.0,stable_10deg,stable_10deg,0.0,10.000416392152353,0.02350731352478343,80.0,79.99484885966069,0.04442294819762691,0.7893593306276178,0.0019733983265690443,0.06203332384421104,0.009853814432598668
AVMD,IMF7,background_dynamic_mode,90.29468011126563,234,23400,23799,117.0,118.995,118.0,stable_10deg,stable_10deg,0.0,10.000416392152353,0.02350731352478343,91.0,91.62572562184334,0.024782418046851388,0.24566729769956216,0.0006141682442489054,0.030291143295307937,0.017740655979257062
AVMD,IMF1,angle_position_mode,0.008692628650904,235,23500,23899,117.5,119.495,118.5,stable_10deg,stable_10deg,0.0,10.00921819458189,0.05134472846328616,,,0.11729819476822485,5.503546598353765,0.013758866495884411,0.12361880950199554,0.025885118593338332
AVMD,IMF2,background_dynamic_mode,17.793810848400554,235,23500,23899,117.5,119.495,118.5,stable_10deg,stable_10deg,0.0,10.00921819458189,0.05134472846328616,17.5,18.062753002338447,0.05831898670723528,1.3604416842234741,0.0034011042105586854,0.0765725192433377,0.030442141093068312
AVMD,IMF3,background_dynamic_mode,39.90785813630041,235,23500,23899,117.5,119.495,118.5,stable_10deg,stable_10deg,0.0,10.00921819458189,0.05134472846328616,35.5,37.2910217706736,0.02123195834563575,0.18031842207632465,0.0004507960551908116,0.026740252069533427,0.013800550405510374
AVMD,IMF4,background_dynamic_mode,54.08118915159944,235,23500,23899,117.5,119.495,118.5,stable_10deg,stable_10deg,0.0,10.00921819458189,0.05134472846328616,54.5,53.15612588677444,0.013970622934973984,0.07807132207648843,0.00019517830519122107,0.017925129018035894,0.008556014792090276
AVMD,IMF5,background_dynamic_mode,59.97479137691238,235,23500,23899,117.5,119.495,118.5,stable_10deg,stable_10deg,0.0,10.00921819458189,0.05134472846328616,60.0,60.44406017903947,0.01164648293514538,0.05425622590345301,0.00013564056475863254,0.015227889057027735,0.0063398296179747364
AVMD,IMF6,background_dynamic_mode,80.04607093184978,235,23500,23899,117.5,119.495,118.5,stable_10deg,stable_10deg,0.0,10.00921819458189,0.05134472846328616,80.0,79.99041227161294,0.04561972425259902,0.8324636963532683,0.002081159240883171,0.06407344460313986,0.008130708922486806
AVMD,IMF7,background_dynamic_mode,90.29468011126563,235,23500,23899,117.5,119.495,118.5,stable_10deg,stable_10deg,0.0,10.00921819458189,0.05134472846328616,91.0,91.6087040066647,0.02639886279569433,0.27875998276235764,0.0006968999569058941,0.03103585757246596,0.02077229150461098
AVMD,IMF1,angle_position_mode,0.008692628650904,236,23600,23999,118.0,119.995,119.0,stable_10deg,stable_10deg,0.0,10.029181875491581,0.06702888202773298,,,0.11249188308955421,5.061769504413573,0.012654423761033934,0.11956565827256348,0.02161208685173429
AVMD,IMF2,background_dynamic_mode,17.793810848400554,236,23600,23999,118.0,119.995,119.0,stable_10deg,stable_10deg,0.0,10.029181875491581,0.06702888202773298,17.5,18.06118573676445,0.06048558106198792,1.4634022065625247,0.0036585055164063116,0.07981096739286725,0.030326629926339815
AVMD,IMF3,background_dynamic_mode,39.90785813630041,236,23600,23999,118.0,119.995,119.0,stable_10deg,stable_10deg,0.0,10.029181875491581,0.06702888202773298,36.0,37.172526158996284,0.023823147104099582,0.22701693517742733,0.0005675423379435683,0.02998852315044566,0.01536150878926378
AVMD,IMF4,background_dynamic_mode,54.08118915159944,236,23600,23999,118.0,119.995,119.0,stable_10deg,stable_10deg,0.0,10.029181875491581,0.06702888202773298,54.5,52.500455452212556,0.01363812523197992,0.07439938393726694,0.00018599845984316736,0.017231412394308563,0.00870915728609551
AVMD,IMF5,background_dynamic_mode,59.97479137691238,236,23600,23999,118.0,119.995,119.0,stable_10deg,stable_10deg,0.0,10.029181875491581,0.06702888202773298,60.0,60.923393660692525,0.012236920114400906,0.05989688555449178,0.00014974221388622946,0.01575852160023941,0.007073861470755869
AVMD,IMF6,background_dynamic_mode,80.04607093184978,236,23600,23999,118.0,119.995,119.0,stable_10deg,stable_10deg,0.0,10.029181875491581,0.06702888202773298,80.0,79.98620500518687,0.04536776596682935,0.8232936755283998,0.0020582341888209996,0.06350238576494997,0.009524756446155512
AVMD,IMF7,background_dynamic_mode,90.29468011126563,236,23600,23999,118.0,119.995,119.0,stable_10deg,stable_10deg,0.0,10.029181875491581,0.06702888202773298,91.0,91.69787926196058,0.025608687081521343,0.2623219416157112,0.0006558048540392781,0.03078179030278959,0.01901152438574103
AVMD,IMF1,angle_position_mode,0.008692628650904,237,23700,24099,118.5,120.495,119.5,stable_10deg,stable_10deg,0.0,10.05926937292426,0.07682768490945138,,,0.11582436501825617,5.366113412752898,0.013415283531882245,0.12184468458313527,0.021379481629606494
AVMD,IMF2,background_dynamic_mode,17.793810848400554,237,23700,24099,118.5,120.495,119.5,stable_10deg,stable_10deg,0.0,10.05926937292426,0.07682768490945138,17.5,18.176938971356357,0.06089035476986518,1.4830541216000173,0.003707635304000043,0.0805304791063461,0.030628312044045095
AVMD,IMF3,background_dynamic_mode,39.90785813630041,237,23700,24099,118.5,120.495,119.5,stable_10deg,stable_10deg,0.0,10.05926937292426,0.07682768490945138,40.0,38.16957108432225,0.025735441351775707,0.2649251766282748,0.0006623129415706871,0.033294311772725266,0.014719256643545996
AVMD,IMF4,background_dynamic_mode,54.08118915159944,237,23700,24099,118.5,120.495,119.5,stable_10deg,stable_10deg,0.0,10.05926937292426,0.07682768490945138,54.5,52.198553178506536,0.01347180736595528,0.07259583748216278,0.00018148959370540695,0.01669136956244393,0.009150319458162512
AVMD,IMF5,background_dynamic_mode,59.97479137691238,237,23700,24099,118.5,120.495,119.5,stable_10deg,stable_10deg,0.0,10.05926937292426,0.07682768490945138,60.0,62.0030483514688,0.014215219359015924,0.08082898456997643,0.0002020724614249411,0.017802756700747695,0.009334241346554778
AVMD,IMF6,background_dynamic_mode,80.04607093184978,237,23700,24099,118.5,120.495,119.5,stable_10deg,stable_10deg,0.0,10.05926937292426,0.07682768490945138,80.0,79.87854007683649,0.04374536183635856,0.7654626728775745,0.0019136566821939362,0.060802454264294765,0.011963518037661007
AVMD,IMF7,background_dynamic_mode,90.29468011126563,237,23700,24099,118.5,120.495,119.5,stable_10deg,stable_10deg,0.0,10.05926937292426,0.07682768490945138,91.0,91.58409274306965,0.028385701334497568,0.3222992161005188,0.000805748040251297,0.035243116969780525,0.01982524231304167
AVMD,IMF1,angle_position_mode,0.008692628650904,238,23800,24199,119.0,120.995,120.0,stable_10deg,stable_10deg,0.0,10.097378423450214,0.07897648931579264,,,0.1119238891010774,5.010782780604108,0.01252695695151027,0.11920235574878646,0.019100212875076093
AVMD,IMF2,background_dynamic_mode,17.793810848400554,238,23800,24199,119.0,120.995,120.0,stable_10deg,stable_10deg,0.0,10.097378423450214,0.07897648931579264,17.5,17.78033108213089,0.05809600785298463,1.3500584513816207,0.003375146128454052,0.07627272325979834,0.03063223412350123
AVMD,IMF3,background_dynamic_mode,39.90785813630041,238,23800,24199,119.0,120.995,120.0,stable_10deg,stable_10deg,0.0,10.097378423450214,0.07897648931579264,40.0,37.29930440224976,0.02395679473168426,0.22957120552642185,0.0005739280138160547,0.030398250249273843,0.014868544383044581
AVMD,IMF4,background_dynamic_mode,54.08118915159944,238,23800,24199,119.0,120.995,120.0,stable_10deg,stable_10deg,0.0,10.097378423450214,0.07897648931579264,53.0,51.12425215924073,0.014143850805922889,0.08001940624808221,0.00020004851562020553,0.01784195020864416,0.009057739711488372
AVMD,IMF5,background_dynamic_mode,59.97479137691238,238,23800,24199,119.0,120.995,120.0,stable_10deg,stable_10deg,0.0,10.097378423450214,0.07897648931579264,61.5,61.50530848836684,0.013853356750222498,0.0767661972995741,0.00019191549324893523,0.016784734532271747,0.010098703593463012
AVMD,IMF6,background_dynamic_mode,80.04607093184978,238,23800,24199,119.0,120.995,120.0,stable_10deg,stable_10deg,0.0,10.097378423450214,0.07897648931579264,80.0,79.8425110389793,0.0427993338843592,0.732713192377943,0.0018317829809448574,0.059375415397870925,0.012357103846587635
AVMD,IMF7,background_dynamic_mode,90.29468011126563,238,23800,24199,119.0,120.995,120.0,stable_10deg,stable_10deg,0.0,10.097378423450214,0.07897648931579264,91.0,91.69882902358461,0.029668620541175524,0.3520908179265049,0.0008802270448162622,0.03776940213826279,0.01812153146928817
AVMD,IMF1,angle_position_mode,0.008692628650904,239,23900,24299,119.5,121.495,120.5,stable_10deg,stable_10deg,0.0,10.133346582780844,0.06753682262066518,,,0.11250728477380324,5.063155650869463,0.012657889127173659,0.11864623579503604,0.018649617110749996
AVMD,IMF2,background_dynamic_mode,17.793810848400554,239,23900,24299,119.5,121.495,120.5,stable_10deg,stable_10deg,0.0,10.133346582780844,0.06753682262066518,17.5,17.39759124004207,0.06096613362815907,1.4867477798266195,0.0037168694495665487,0.08002431145072492,0.0323468564125486
AVMD,IMF3,background_dynamic_mode,39.90785813630041,239,23900,24299,119.5,121.495,120.5,stable_10deg,stable_10deg,0.0,10.133346582780844,0.06753682262066518,36.5,36.34500928570081,0.02710119096617383,0.2937898207140088,0.0007344745517850219,0.0334094576067699,0.01867591923956373
AVMD,IMF4,background_dynamic_mode,54.08118915159944,239,23900,24299,119.5,121.495,120.5,stable_10deg,stable_10deg,0.0,10.133346582780844,0.06753682262066518,53.5,51.29442955716941,0.013749067547182607,0.07561474336679598,0.00018903685841698995,0.017323108917569975,0.00865907905687696
AVMD,IMF5,background_dynamic_mode,59.97479137691238,239,23900,24299,119.5,121.495,120.5,stable_10deg,stable_10deg,0.0,10.133346582780844,0.06753682262066518,62.0,61.6076909977711,0.014678472963233276,0.08618302741294812,0.00021545756853237028,0.017490323210351523,0.01114315479304876
AVMD,IMF6,background_dynamic_mode,80.04607093184978,239,23900,24299,119.5,121.495,120.5,stable_10deg,stable_10deg,0.0,10.133346582780844,0.06753682262066518,80.0,79.90474648483726,0.041914470811448556,0.7027291453615092,0.001756822863403773,0.057893336324467366,0.01309140638698772
AVMD,IMF7,background_dynamic_mode,90.29468011126563,239,23900,24299,119.5,121.495,120.5,stable_10deg,stable_10deg,0.0,10.133346582780844,0.06753682262066518,91.0,91.11610318686877,0.02892154889481483,0.33458239619006597,0.0008364559904751649,0.037968613318171356,0.015415107725136509
AVMD,IMF1,angle_position_mode,0.008692628650904,240,24000,24399,120.0,121.995,121.0,stable_10deg,stable_10deg,0.0,10.161701522082952,0.05275920917868078,,,0.11503137605440905,5.2928869907883485,0.013232217476970872,0.12257999294547656,0.021157237711675252
AVMD,IMF2,background_dynamic_mode,17.793810848400554,240,24000,24399,120.0,121.995,121.0,stable_10deg,stable_10deg,0.0,10.161701522082952,0.05275920917868078,17.0,17.627412147382977,0.05699145387276875,1.2992103258127714,0.0032480258145319283,0.07442724103331166,0.031249907925210547
AVMD,IMF3,background_dynamic_mode,39.90785813630041,240,24000,24399,120.0,121.995,121.0,stable_10deg,stable_10deg,0.0,10.161701522082952,0.05275920917868078,39.5,37.665750626654884,0.02721076763857514,0.2961703501922113,0.0007404258754805282,0.033685581771730096,0.018582591502556024
AVMD,IMF4,background_dynamic_mode,54.08118915159944,240,24000,24399,120.0,121.995,121.0,stable_10deg,stable_10deg,0.0,10.161701522082952,0.05275920917868078,53.5,52.79582200851493,0.01249808858676607,0.06248088732906094,0.00015620221832265234,0.015813638223770392,0.007832613681584989
AVMD,IMF5,background_dynamic_mode,59.97479137691238,240,24000,24399,120.0,121.995,121.0,stable_10deg,stable_10deg,0.0,10.161701522082952,0.05275920917868078,58.5,62.029088152120465,0.013622693928459011,0.0742311159473896,0.000185577789868474,0.015910554100031483,0.0108913755458136
AVMD,IMF6,background_dynamic_mode,80.04607093184978,240,24000,24399,120.0,121.995,121.0,stable_10deg,stable_10deg,0.0,10.161701522082952,0.05275920917868078,80.0,79.9704847647037,0.042412274836879295,0.7195204227355939,0.0017988010568389847,0.05877318890110319,0.01229323593151699
AVMD,IMF7,background_dynamic_mode,90.29468011126563,240,24000,24399,120.0,121.995,121.0,stable_10deg,stable_10deg,0.0,10.161701522082952,0.05275920917868078,91.0,90.92514726172541,0.029631239103695608,0.3512041323281519,0.0008780103308203797,0.038833638760884845,0.015552098553792968
AVMD,IMF1,angle_position_mode,0.008692628650904,241,24100,24499,120.5,122.495,121.5,stable_10deg,stable_10deg,0.0,10.180134109350584,0.03804004839466335,,,0.11649983552301993,5.428884670756279,0.013572211676890697,0.12401551274873027,0.020041368701743698
AVMD,IMF2,background_dynamic_mode,17.793810848400554,241,24100,24499,120.5,122.495,121.5,stable_10deg,stable_10deg,0.0,10.180134109350584,0.03804004839466335,17.0,17.470891039087647,0.05787235734861176,1.339683898034167,0.0033492097450854175,0.0749339344703287,0.03283793940941748
AVMD,IMF3,background_dynamic_mode,39.90785813630041,241,24100,24499,120.5,122.495,121.5,stable_10deg,stable_10deg,0.0,10.180134109350584,0.03804004839466335,40.0,37.91846391578066,0.02752176388005499,0.3029789948277998,0.0007574474870694994,0.03377026222470285,0.019403347210270892
AVMD,IMF4,background_dynamic_mode,54.08118915159944,241,24100,24499,120.5,122.495,121.5,stable_10deg,stable_10deg,0.0,10.180134109350584,0.03804004839466335,52.5,52.075878659211156,0.011190187580352803,0.050088119233392854,0.00012522029808348213,0.014127233339187084,0.0070491488204987495
AVMD,IMF5,background_dynamic_mode,59.97479137691238,241,24100,24499,120.5,122.495,121.5,stable_10deg,stable_10deg,0.0,10.180134109350584,0.03804004839466335,60.0,62.520312502807684,0.012361867073198416,0.061126303014170866,0.00015281575753542718,0.014682938259933215,0.00941830627868382
AVMD,IMF6,background_dynamic_mode,80.04607093184978,241,24100,24499,120.5,122.495,121.5,stable_10deg,stable_10deg,0.0,10.180134109350584,0.03804004839466335,80.0,79.91476748263739,0.04294335817660027,0.7376528045935125,0.0018441320114837812,0.05928573330515507,0.013030854626740798
AVMD,IMF7,background_dynamic_mode,90.29468011126563,241,24100,24499,120.5,122.495,121.5,stable_10deg,stable_10deg,0.0,10.180134109350584,0.03804004839466335,90.5,90.91273274371248,0.02733116712442709,0.2987970785533457,0.0007469926963833642,0.035965385148142584,0.014518845610431791
AVMD,IMF1,angle_position_mode,0.008692628650904,242,24200,24599,121.0,122.995,122.0,stable_10deg,stable_10deg,0.0,10.186061599986843,0.03596858961217747,,,0.12093507198297693,5.850116654211124,0.014625291635527811,0.12938484701364714,0.02536300796244765
AVMD,IMF2,background_dynamic_mode,17.793810848400554,242,24200,24599,121.0,122.995,122.0,stable_10deg,stable_10deg,0.0,10.186061599986843,0.03596858961217747,16.5,17.328649769459393,0.06048898682814044,1.463567010997979,0.0036589175274949477,0.07787819165009874,0.03515171569293593
AVMD,IMF3,background_dynamic_mode,39.90785813630041,242,24200,24599,121.0,122.995,122.0,stable_10deg,stable_10deg,0.0,10.186061599986843,0.03596858961217747,40.0,37.75256974549561,0.02833777179204117,0.32121172405512166,0.0008030293101378041,0.03588391202894732,0.01778908409823511
AVMD,IMF4,background_dynamic_mode,54.08118915159944,242,24200,24599,121.0,122.995,122.0,stable_10deg,stable_10deg,0.0,10.186061599986843,0.03596858961217747,53.0,51.272500740015886,0.012462559884608836,0.062126159550984564,0.00015531539887746141,0.015541428691800706,0.00826484366986407
AVMD,IMF5,background_dynamic_mode,59.97479137691238,242,24200,24599,121.0,122.995,122.0,stable_10deg,stable_10deg,0.0,10.186061599986843,0.03596858961217747,60.0,61.25032565677038,0.012612088995491273,0.06362591553207683,0.00015906478883019208,0.01520022891036363,0.009354807851518076
AVMD,IMF6,background_dynamic_mode,80.04607093184978,242,24200,24599,121.0,122.995,122.0,stable_10deg,stable_10deg,0.0,10.186061599986843,0.03596858961217747,80.0,79.84020274853191,0.043149205227331504,0.744741564700149,0.0018618539117503724,0.05953514770310525,0.013329548242579412
AVMD,IMF7,background_dynamic_mode,90.29468011126563,242,24200,24599,121.0,122.995,122.0,stable_10deg,stable_10deg,0.0,10.186061599986843,0.03596858961217747,90.5,90.67801842564535,0.02323314300118258,0.21591157348535966,0.0005397789337133991,0.030012870279515765,0.013784568432829134
AVMD,IMF1,angle_position_mode,0.008692628650904,243,24300,24699,121.5,123.495,122.5,stable_10deg,stable_10deg,0.0,10.176185522925756,0.05966755006008077,,,0.131802659666371,6.948776438051688,0.01737194109512922,0.14183822541308333,0.02866450301253222
AVMD,IMF2,background_dynamic_mode,17.793810848400554,243,24300,24699,121.5,123.495,122.5,stable_10deg,stable_10deg,0.0,10.176185522925756,0.05966755006008077,16.0,17.286461511246962,0.05747407055887455,1.321307514642596,0.0033032687866064903,0.0740462434437136,0.03386159637712294
AVMD,IMF3,background_dynamic_mode,39.90785813630041,243,24300,24699,121.5,123.495,122.5,stable_10deg,stable_10deg,0.0,10.176185522925756,0.05966755006008077,40.0,37.95876721440423,0.026755368012564833,0.286339886995111,0.0007158497174877775,0.033910427517259915,0.0168524191187737
AVMD,IMF4,background_dynamic_mode,54.08118915159944,243,24300,24699,121.5,123.495,122.5,stable_10deg,stable_10deg,0.0,10.176185522925756,0.05966755006008077,53.5,52.55255494367623,0.011460999775614756,0.052541806342656594,0.00013135451585664148,0.013713924462927398,0.008642030562410686
AVMD,IMF5,background_dynamic_mode,59.97479137691238,243,24300,24699,121.5,123.495,122.5,stable_10deg,stable_10deg,0.0,10.176185522925756,0.05966755006008077,60.0,61.54078333284537,0.011029717553247135,0.04866186772176319,0.00012165466930440797,0.013629297843367687,0.007586734245160878
AVMD,IMF6,background_dynamic_mode,80.04607093184978,243,24300,24699,121.5,123.495,122.5,stable_10deg,stable_10deg,0.0,10.176185522925756,0.05966755006008077,80.0,79.79446178489655,0.04321949593975874,0.7471699317147288,0.001867924829286822,0.05983021462545492,0.012395131354294727
AVMD,IMF7,background_dynamic_mode,90.29468011126563,243,24300,24699,121.5,123.495,122.5,stable_10deg,stable_10deg,0.0,10.176185522925756,0.05966755006008077,90.0,90.99347757001004,0.02674022025530935,0.28601575172098254,0.0007150393793024563,0.03356975415433813,0.017241614873026324
AVMD,IMF1,angle_position_mode,0.008692628650904,244,24400,24799,122.0,123.995,123.0,stable_10deg,stable_10deg,0.0,10.14628927804671,0.10116189164191201,,,0.13169689208166221,6.937628553587594,0.017344071383968984,0.14654756337676123,0.02852321246896248
AVMD,IMF2,background_dynamic_mode,17.793810848400554,244,24400,24799,122.0,123.995,123.0,stable_10deg,stable_10deg,0.0,10.14628927804671,0.10116189164191201,16.0,17.12051924097698,0.06023961683499087,1.451524574570606,0.003628811436426515,0.0784962116137484,0.03343599435513161
AVMD,IMF3,background_dynamic_mode,39.90785813630041,244,24400,24799,122.0,123.995,123.0,stable_10deg,stable_10deg,0.0,10.14628927804671,0.10116189164191201,40.0,37.960851971158526,0.02499950983501375,0.24999019679637965,0.0006249754919909491,0.031692909744397736,0.015742345705367256
AVMD,IMF4,background_dynamic_mode,54.08118915159944,244,24400,24799,122.0,123.995,123.0,stable_10deg,stable_10deg,0.0,10.14628927804671,0.10116189164191201,54.0,52.9010641073398,0.013948682419512984,0.07782629649617225,0.0001945657412404306,0.01690859348200277,0.01014163749825682
AVMD,IMF5,background_dynamic_mode,59.97479137691238,244,24400,24799,122.0,123.995,123.0,stable_10deg,stable_10deg,0.0,10.14628927804671,0.10116189164191201,60.0,61.382471385636805,0.012067616760017183,0.05825094970665904,0.0001456273742666476,0.015180155315897908,0.007953254290671423
AVMD,IMF6,background_dynamic_mode,80.04607093184978,244,24400,24799,122.0,123.995,123.0,stable_10deg,stable_10deg,0.0,10.14628927804671,0.10116189164191201,80.0,79.91094662317916,0.04358005733747866,0.759688559015171,0.0018992213975379275,0.06024176137656401,0.012962701567467544
AVMD,IMF7,background_dynamic_mode,90.29468011126563,244,24400,24799,122.0,123.995,123.0,stable_10deg,stable_10deg,0.0,10.14628927804671,0.10116189164191201,90.0,90.85355650591886,0.027135131324620792,0.29452614080176664,0.0007363153520044166,0.034581428878383356,0.016775074580276723
AVMD,IMF1,angle_position_mode,0.008692628650904,245,24500,24899,122.5,124.495,123.5,stable_10deg,stable_10deg,0.0,10.098879262641908,0.11508849477613775,,,0.12900947255023346,6.657377603075777,0.016643444007689443,0.14887129003097363,0.029512795951035845
AVMD,IMF2,background_dynamic_mode,17.793810848400554,245,24500,24899,122.5,124.495,123.5,stable_10deg,stable_10deg,0.0,10.098879262641908,0.11508849477613775,16.0,16.82278995934847,0.05860164721523595,1.3736612225355884,0.003434153056338971,0.07681527058749862,0.031045689696288088
AVMD,IMF3,background_dynamic_mode,39.90785813630041,245,24500,24899,122.5,124.495,123.5,stable_10deg,stable_10deg,0.0,10.098879262641908,0.11508849477613775,40.0,37.0032283109925,0.025270677018189233,0.25544284678305496,0.0006386071169576374,0.032517183689084614,0.014806543825941421
AVMD,IMF4,background_dynamic_mode,54.08118915159944,245,24500,24899,122.5,124.495,123.5,stable_10deg,stable_10deg,0.0,10.098879262641908,0.11508849477613775,53.0,52.595179864335,0.014954269753779881,0.08945207354752632,0.00022363018386881581,0.018702756887734817,0.009926075824098265
AVMD,IMF5,background_dynamic_mode,59.97479137691238,245,24500,24899,122.5,124.495,123.5,stable_10deg,stable_10deg,0.0,10.098879262641908,0.11508849477613775,60.0,60.857409043818514,0.01253948443262395,0.06289546793440735,0.00015723866983601839,0.015669810289601984,0.008385238395479444
AVMD,IMF6,background_dynamic_mode,80.04607093184978,245,24500,24899,122.5,124.495,123.5,stable_10deg,stable_10deg,0.0,10.098879262641908,0.11508849477613775,80.0,79.92742985733597,0.042406223545975646,0.7193151181725037,0.0017982877954312592,0.058803619592048835,0.011731131572195961
AVMD,IMF7,background_dynamic_mode,90.29468011126563,245,24500,24899,122.5,124.495,123.5,stable_10deg,stable_10deg,0.0,10.098879262641908,0.11508849477613775,90.0,90.64902155371907,0.028667495501779227,0.3287301193378129,0.0008218252983445322,0.037018908508589125,0.016531008985928353
AVMD,IMF1,angle_position_mode,0.008692628650904,246,24600,24999,123.0,124.995,124.0,stable_10deg,stable_10deg,0.0,10.054426329327342,0.11185383760856016,,,0.13055460973390415,6.817802449108807,0.01704450612277202,0.15277546053457458,0.02842945357016084
AVMD,IMF2,background_dynamic_mode,17.793810848400554,246,24600,24999,123.0,124.995,124.0,stable_10deg,stable_10deg,0.0,10.054426329327342,0.11185383760856016,16.0,16.864574572156556,0.0579647039245345,1.343962760423578,0.003359906901058945,0.07741843333828838,0.027235033329907555
AVMD,IMF3,background_dynamic_mode,39.90785813630041,246,24600,24999,123.0,124.995,124.0,stable_10deg,stable_10deg,0.0,10.054426329327342,0.11185383760856016,35.0,36.61651077637893,0.02476923857782101,0.2454060718900066,0.0006135151797250165,0.03140636703787162,0.015617535362520791
AVMD,IMF4,background_dynamic_mode,54.08118915159944,246,24600,24999,123.0,124.995,124.0,stable_10deg,stable_10deg,0.0,10.054426329327342,0.11185383760856016,53.0,52.12837516984913,0.015829207742787902,0.1002255271057346,0.0002505638177643365,0.01955845530404929,0.01090977327984336
AVMD,IMF5,background_dynamic_mode,59.97479137691238,246,24600,24999,123.0,124.995,124.0,stable_10deg,stable_10deg,0.0,10.054426329327342,0.11185383760856016,60.0,61.11515238491297,0.01324730542291193,0.07019644038716474,0.00017549110096791185,0.016342307854912787,0.009121917093636548
AVMD,IMF6,background_dynamic_mode,80.04607093184978,246,24600,24999,123.0,124.995,124.0,stable_10deg,stable_10deg,0.0,10.054426329327342,0.11185383760856016,80.0,80.0210044017028,0.04120337572873596,0.6790872685773551,0.0016977181714433879,0.05722037552992949,0.010428213269866697
AVMD,IMF7,background_dynamic_mode,90.29468011126563,246,24600,24999,123.0,124.995,124.0,stable_10deg,stable_10deg,0.0,10.054426329327342,0.11185383760856016,90.0,90.6064155891823,0.030163021582228108,0.36392314838798345,0.0009098078709699586,0.04012081121456261,0.014297059338290017
AVMD,IMF1,angle_position_mode,0.008692628650904,247,24700,25099,123.5,125.495,124.5,stable_10deg,stable_10deg,0.0,10.019532444628263,0.0991825589477068,,,0.11730274079396047,5.503973199110031,0.013759932997775077,0.14492231935506797,0.028903806755248784
AVMD,IMF2,background_dynamic_mode,17.793810848400554,247,24700,25099,123.5,125.495,124.5,stable_10deg,stable_10deg,0.0,10.019532444628263,0.0991825589477068,16.0,17.226776386318264,0.05586594364292278,1.2484014636456895,0.003121003659114224,0.07461179874069389,0.02583900311447991
AVMD,IMF3,background_dynamic_mode,39.90785813630041,247,24700,25099,123.5,125.495,124.5,stable_10deg,stable_10deg,0.0,10.019532444628263,0.0991825589477068,39.5,37.52687967650256,0.022918924261862695,0.2101108357283994,0.0005252770893209985,0.029809148919531084,0.012784649986298061
AVMD,IMF4,background_dynamic_mode,54.08118915159944,247,24700,25099,123.5,125.495,124.5,stable_10deg,stable_10deg,0.0,10.019532444628263,0.0991825589477068,53.0,51.875663879835265,0.017461959142052806,0.12196800683148865,0.0003049200170787216,0.022844914536549403,0.009393583785779093
AVMD,IMF5,background_dynamic_mode,59.97479137691238,247,24700,25099,123.5,125.495,124.5,stable_10deg,stable_10deg,0.0,10.019532444628263,0.0991825589477068,60.0,60.97299148673257,0.014116624131300663,0.07971163074576806,0.00019927907686442017,0.01789670017361854,0.008825239388541494
AVMD,IMF6,background_dynamic_mode,80.04607093184978,247,24700,25099,123.5,125.495,124.5,stable_10deg,stable_10deg,0.0,10.019532444628263,0.0991825589477068,80.0,79.93715948821622,0.04120224999163499,0.6790501617492744,0.001697625404373186,0.05702632920902027,0.011504004842939999
AVMD,IMF7,background_dynamic_mode,90.29468011126563,247,24700,25099,123.5,125.495,124.5,stable_10deg,stable_10deg,0.0,10.019532444628263,0.0991825589477068,90.0,90.58258363662085,0.027890744026741004,0.3111574409460756,0.0007778936023651891,0.03773630165116632,0.011919914930282098
AVMD,IMF1,angle_position_mode,0.008692628650904,248,24800,25199,124.0,125.995,125.0,stable_10deg,stable_10deg,0.0,10.001110069295512,0.055540675010607055,,,0.11812821181865499,5.581709770989208,0.01395427442747302,0.14538205639371515,0.030480296154316383
AVMD,IMF2,background_dynamic_mode,17.793810848400554,248,24800,25199,124.0,125.995,125.0,stable_10deg,stable_10deg,0.0,10.001110069295512,0.055540675010607055,16.0,17.267647449923885,0.056476015176265874,1.2758161160759254,0.0031895402901898134,0.07416558610566837,0.0293626161149008
AVMD,IMF3,background_dynamic_mode,39.90785813630041,248,24800,25199,124.0,125.995,125.0,stable_10deg,stable_10deg,0.0,10.001110069295512,0.055540675010607055,40.0,38.36360248857613,0.025066978672677518,0.2513413679105878,0.0006283534197764696,0.03215347221930456,0.0149147610553946
AVMD,IMF4,background_dynamic_mode,54.08118915159944,248,24800,25199,124.0,125.995,125.0,stable_10deg,stable_10deg,0.0,10.001110069295512,0.055540675010607055,53.0,52.1393087802645,0.017276916492906743,0.11939673740114921,0.00029849184350287303,0.02239424025872347,0.009793908226582255
AVMD,IMF5,background_dynamic_mode,59.97479137691238,248,24800,25199,124.0,125.995,125.0,stable_10deg,stable_10deg,0.0,10.001110069295512,0.055540675010607055,60.0,61.18434020292594,0.015381152776135512,0.09463194428912848,0.0002365798607228212,0.019409355822503117,0.009682566709113254
AVMD,IMF6,background_dynamic_mode,80.04607093184978,248,24800,25199,124.0,125.995,125.0,stable_10deg,stable_10deg,0.0,10.001110069295512,0.055540675010607055,80.0,79.80058347642507,0.03886109448176551,0.6040738657282823,0.0015101846643207056,0.053834684493551596,0.010580579210307707
AVMD,IMF7,background_dynamic_mode,90.29468011126563,248,24800,25199,124.0,125.995,125.0,stable_10deg,stable_10deg,0.0,10.001110069295512,0.055540675010607055,90.0,90.73579661129607,0.027741087377113487,0.3078271715458581,0.0007695679288646452,0.036921913757163555,0.013554970281108166
AVMD,IMF1,angle_position_mode,0.008692628650904,249,24900,25299,124.5,126.495,125.5,stable_10deg,stable_10deg,0.0,10.0,0.0,,,0.11942192877885742,5.704638829304997,0.014261597073262492,0.14629396153114527,0.02823038444899985
AVMD,IMF2,background_dynamic_mode,17.793810848400554,249,24900,25299,124.5,126.495,125.5,stable_10deg,stable_10deg,0.0,10.0,0.0,16.0,17.0744133615421,0.057154916227184605,1.306673779574596,0.0032666844489364897,0.07551850513871301,0.028816489530201918
AVMD,IMF3,background_dynamic_mode,39.90785813630041,249,24900,25299,124.5,126.495,125.5,stable_10deg,stable_10deg,0.0,10.0,0.0,40.0,37.41953194574033,0.023122186193172405,0.21385419774069303,0.0005346354943517326,0.028996336786889888,0.014996304016001816
AVMD,IMF4,background_dynamic_mode,54.08118915159944,249,24900,25299,124.5,126.495,125.5,stable_10deg,stable_10deg,0.0,10.0,0.0,53.0,51.72836814721364,0.016647859752644035,0.11086049373748205,0.00027715123434370514,0.021492327848841083,0.00961356546443554
AVMD,IMF5,background_dynamic_mode,59.97479137691238,249,24900,25299,124.5,126.495,125.5,stable_10deg,stable_10deg,0.0,10.0,0.0,60.0,60.88595798078949,0.014600725369907487,0.08527247253098405,0.00021318118132746013,0.01827332225943561,0.009590416142794897
AVMD,IMF6,background_dynamic_mode,80.04607093184978,249,24900,25299,124.5,126.495,125.5,stable_10deg,stable_10deg,0.0,10.0,0.0,80.0,79.9730857658746,0.04079622299569619,0.6657327242858284,0.001664331810714571,0.056691105299285525,0.010348896717197315
AVMD,IMF7,background_dynamic_mode,90.29468011126563,249,24900,25299,124.5,126.495,125.5,stable_10deg,stable_10deg,0.0,10.0,0.0,90.0,90.91746209881735,0.026036135836604538,0.2711521477208492,0.000677880369302123,0.03422410386721805,0.013586911969648167
AVMD,IMF1,angle_position_mode,0.008692628650904,250,25000,25399,125.0,126.995,126.0,stable_10deg,stable_10deg,0.0,10.0,0.0,,,0.11797936880427819,5.567652585382355,0.013919131463455888,0.14793546921976136,0.02930869860706705
AVMD,IMF2,background_dynamic_mode,17.793810848400554,250,25000,25399,125.0,126.995,126.0,stable_10deg,stable_10deg,0.0,10.0,0.0,16.0,16.903015998341242,0.05643418684613719,1.2739269779938898,0.0031848174449847244,0.07403190882571353,0.02956871231551364
AVMD,IMF3,background_dynamic_mode,39.90785813630041,250,25000,25399,125.0,126.995,126.0,stable_10deg,stable_10deg,0.0,10.0,0.0,40.0,37.8080695198605,0.025409256580944294,0.2582521279985044,0.0006456303199962609,0.03217121022269472,0.016025058700359564
AVMD,IMF4,background_dynamic_mode,54.08118915159944,250,25000,25399,125.0,126.995,126.0,stable_10deg,stable_10deg,0.0,10.0,0.0,53.5,52.08168996343818,0.015271404947323503,0.09328632362605471,0.00023321580906513677,0.019842685731700057,0.008544938244153229
AVMD,IMF5,background_dynamic_mode,59.97479137691238,250,25000,25399,125.0,126.995,126.0,stable_10deg,stable_10deg,0.0,10.0,0.0,60.0,61.29673772060478,0.014258691960266008,0.08132411856710178,0.00020331029641775447,0.01772871523903472,0.009623295774169427
AVMD,IMF6,background_dynamic_mode,80.04607093184978,250,25000,25399,125.0,126.995,126.0,stable_10deg,stable_10deg,0.0,10.0,0.0,80.0,79.99299999396649,0.03997747761874058,0.6392794867027616,0.001598198716756904,0.05520858607885895,0.011977152371425734
AVMD,IMF7,background_dynamic_mode,90.29468011126563,250,25000,25399,125.0,126.995,126.0,stable_10deg,stable_10deg,0.0,10.0,0.0,90.0,91.08316358960445,0.026451677657780177,0.2798765003644428,0.000699691250911107,0.03445249219715928,0.014523869312891843
AVMD,IMF1,angle_position_mode,0.008692628650904,251,25100,25499,125.5,127.495,126.5,stable_10deg,stable_10deg,0.0,10.0,0.0,,,0.12409175924005109,6.159505884516321,0.015398764711290803,0.15739168740192208,0.02904878964251074
AVMD,IMF2,background_dynamic_mode,17.793810848400554,251,25100,25499,125.5,127.495,126.5,stable_10deg,stable_10deg,0.0,10.0,0.0,16.0,16.83383998942278,0.05761163983990664,1.3276404180172472,0.003319101045043118,0.07503980147628163,0.031178532606384486
AVMD,IMF3,background_dynamic_mode,39.90785813630041,251,25100,25499,125.5,127.495,126.5,stable_10deg,stable_10deg,0.0,10.0,0.0,40.0,37.32574450492552,0.02733436281829817,0.2988669562729446,0.0007471673906823614,0.03448020309929273,0.01737472598121961
AVMD,IMF4,background_dynamic_mode,54.08118915159944,251,25100,25499,125.5,127.495,126.5,stable_10deg,stable_10deg,0.0,10.0,0.0,54.5,53.17487356369258,0.013953911751594852,0.07788466126851877,0.00019471165317129692,0.017823697870974233,0.008489676471597644
AVMD,IMF5,background_dynamic_mode,59.97479137691238,251,25100,25499,125.5,127.495,126.5,stable_10deg,stable_10deg,0.0,10.0,0.0,60.0,62.38910380494477,0.014172648285011339,0.08034558376425394,0.00020086395941063483,0.01770829992243071,0.009415340999869773
AVMD,IMF6,background_dynamic_mode,80.04607093184978,251,25100,25499,125.5,127.495,126.5,stable_10deg,stable_10deg,0.0,10.0,0.0,80.0,80.01020551794105,0.04094652691866374,0.6706472266803417,0.0016766180667008542,0.05676974332485237,0.011535319989239047
AVMD,IMF7,background_dynamic_mode,90.29468011126563,251,25100,25499,125.5,127.495,126.5,stable_10deg,stable_10deg,0.0,10.0,0.0,90.0,91.2412068496127,0.025936900591970697,0.26908912492710796,0.0006727228123177699,0.034150280047137334,0.013046236648907143
AVMD,IMF1,angle_position_mode,0.008692628650904,252,25200,25599,126.0,127.995,127.0,stable_10deg,stable_10deg,0.0,10.0,0.0,,,0.11874419746660576,5.640073772795304,0.014100184431988261,0.1595499200468164,0.02474911637101057
AVMD,IMF2,background_dynamic_mode,17.793810848400554,252,25200,25599,126.0,127.995,127.0,stable_10deg,stable_10deg,0.0,10.0,0.0,16.0,17.18637348045883,0.05604225234889364,1.2562936193348295,0.003140734048337074,0.07299581361880164,0.030310783540077685
AVMD,IMF3,background_dynamic_mode,39.90785813630041,252,25200,25599,126.0,127.995,127.0,stable_10deg,stable_10deg,0.0,10.0,0.0,35.5,36.981319273485845,0.026666077894185673,0.28443188410351117,0.0007110797102587779,0.033901023787748626,0.016463858478375067
AVMD,IMF4,background_dynamic_mode,54.08118915159944,252,25200,25599,126.0,127.995,127.0,stable_10deg,stable_10deg,0.0,10.0,0.0,54.5,52.94044820536113,0.01183820682072978,0.05605725629214922,0.00014014314073037306,0.015169364417982162,0.007080402202654724
AVMD,IMF5,background_dynamic_mode,59.97479137691238,252,25200,25599,126.0,127.995,127.0,stable_10deg,stable_10deg,0.0,10.0,0.0,60.0,61.892288619941816,0.014106260087302196,0.07959462946024598,0.00019898657365061495,0.017399954836352722,0.009767439976009823
AVMD,IMF6,background_dynamic_mode,80.04607093184978,252,25200,25599,126.0,127.995,127.0,stable_10deg,stable_10deg,0.0,10.0,0.0,80.0,79.92474747331364,0.04225850551811738,0.7143125154499028,0.001785781288624757,0.05877312635267257,0.010867255891242631
AVMD,IMF7,background_dynamic_mode,90.29468011126563,252,25200,25599,126.0,127.995,127.0,stable_10deg,stable_10deg,0.0,10.0,0.0,90.0,90.83144973306128,0.02764719689842276,0.3057469985360628,0.000764367496340157,0.037073991701421595,0.012610163232019193
AVMD,IMF1,angle_position_mode,0.008692628650904,253,25300,25699,126.5,128.495,127.5,stable_10deg,stable_10deg,0.0,10.0,0.0,,,0.11907841337723066,5.67186741297545,0.014179668532438626,0.1635532927805556,0.026359709800976502
AVMD,IMF2,background_dynamic_mode,17.793810848400554,253,25300,25699,126.5,128.495,127.5,stable_10deg,stable_10deg,0.0,10.0,0.0,16.0,17.198622655613327,0.056549665653644866,1.2791458742156088,0.0031978646855390217,0.07263142693011422,0.032928750949987054
AVMD,IMF3,background_dynamic_mode,39.90785813630041,253,25300,25699,126.5,128.495,127.5,stable_10deg,stable_10deg,0.0,10.0,0.0,40.0,37.584047516062384,0.02673889967411394,0.28598750231293224,0.0007149687557823306,0.03439880596310291,0.015680751915723063
AVMD,IMF4,background_dynamic_mode,54.08118915159944,253,25300,25699,126.5,128.495,127.5,stable_10deg,stable_10deg,0.0,10.0,0.0,55.0,52.39671251917673,0.011838101576689866,0.05605625957601083,0.0001401406489400271,0.014783252485643208,0.007882879267228837
AVMD,IMF5,background_dynamic_mode,59.97479137691238,253,25300,25699,126.5,128.495,127.5,stable_10deg,stable_10deg,0.0,10.0,0.0,60.0,61.31904538294529,0.014315405680344138,0.0819723359171317,0.00020493083979282925,0.018042783420399524,0.00918826131171694
AVMD,IMF6,background_dynamic_mode,80.04607093184978,253,25300,25699,126.5,128.495,127.5,stable_10deg,stable_10deg,0.0,10.0,0.0,80.0,79.92654999072198,0.04299105702623209,0.739292393693096,0.00184823098423274,0.05978394761471637,0.01112033486051675
AVMD,IMF7,background_dynamic_mode,90.29468011126563,253,25300,25699,126.5,128.495,127.5,stable_10deg,stable_10deg,0.0,10.0,0.0,90.0,90.70423792086866,0.02818552338022358,0.31776949128685206,0.0007944237282171301,0.037930815569267966,0.01238591697026519
AVMD,IMF1,angle_position_mode,0.008692628650904,254,25400,25799,127.0,128.995,128.0,stable_10deg,stable_10deg,0.0,10.0,0.0,,,0.1186878644457466,5.634723666676767,0.014086809166691918,0.16658441851649222,0.026241794193386084
AVMD,IMF2,background_dynamic_mode,17.793810848400554,254,25400,25799,127.0,128.995,128.0,stable_10deg,stable_10deg,0.0,10.0,0.0,16.0,17.173962771945128,0.05738462239560428,1.3171979549944353,0.003292994887486088,0.07470503219538806,0.03218035250497112
AVMD,IMF3,background_dynamic_mode,39.90785813630041,254,25400,25799,127.0,128.995,128.0,stable_10deg,stable_10deg,0.0,10.0,0.0,40.0,38.22062227944508,0.02779595597198434,0.3090460673585968,0.000772615168396492,0.03599740333633935,0.01586809213007482
AVMD,IMF4,background_dynamic_mode,54.08118915159944,254,25400,25799,127.0,128.995,128.0,stable_10deg,stable_10deg,0.0,10.0,0.0,53.5,52.65782615714871,0.010858491185324164,0.04716273232870502,0.00011790683082176255,0.01370225225350932,0.006928511022464583
AVMD,IMF5,background_dynamic_mode,59.97479137691238,254,25400,25799,127.0,128.995,128.0,stable_10deg,stable_10deg,0.0,10.0,0.0,60.0,61.098756950608525,0.015001530394542597,0.09001836567135414,0.00022504591417838536,0.018954466229272052,0.00955768795245955
AVMD,IMF6,background_dynamic_mode,80.04607093184978,254,25400,25799,127.0,128.995,128.0,stable_10deg,stable_10deg,0.0,10.0,0.0,80.0,79.94175689163244,0.04463352616947361,0.7968606633284343,0.0019921516583210857,0.0626526294830325,0.007964980032879921
AVMD,IMF7,background_dynamic_mode,90.29468011126563,254,25400,25799,127.0,128.995,128.0,stable_10deg,stable_10deg,0.0,10.0,0.0,90.5,90.68984117087875,0.029531336172820527,0.34883992646085527,0.0008720998161521382,0.040137868590571085,0.012119932963598886
AVMD,IMF1,angle_position_mode,0.008692628650904,255,25500,25899,127.5,129.495,128.5,stable_10deg,stable_10deg,0.0,10.0,0.0,,,0.11565225742342257,5.35017785885344,0.0133754446471336,0.1624252350319896,0.026332548858924762
AVMD,IMF2,background_dynamic_mode,17.793810848400554,255,25500,25899,127.5,129.495,128.5,stable_10deg,stable_10deg,0.0,10.0,0.0,16.5,17.04769276098909,0.05596751367488588,1.252945034779415,0.0031323625869485376,0.07278964657208417,0.031503640750747734
AVMD,IMF3,background_dynamic_mode,39.90785813630041,255,25500,25899,127.5,129.495,128.5,stable_10deg,stable_10deg,0.0,10.0,0.0,40.0,38.1499892509374,0.02791514181391259,0.31170205699634046,0.0007792551424908511,0.03627215755884616,0.015664921557372667
AVMD,IMF4,background_dynamic_mode,54.08118915159944,255,25500,25899,127.5,129.495,128.5,stable_10deg,stable_10deg,0.0,10.0,0.0,53.5,52.64230117362509,0.011962940406181798,0.05724477726474285,0.00014311194316185712,0.015106658021615739,0.007566454212464106
AVMD,IMF5,background_dynamic_mode,59.97479137691238,255,25500,25899,127.5,129.495,128.5,stable_10deg,stable_10deg,0.0,10.0,0.0,60.0,61.35285539757859,0.0161433618666699,0.10424325294330074,0.00026060813235825186,0.020266629302551166,0.01049302492524253
AVMD,IMF6,background_dynamic_mode,80.04607093184978,255,25500,25899,127.5,129.495,128.5,stable_10deg,stable_10deg,0.0,10.0,0.0,80.0,79.93068558198544,0.04353050431263592,0.7579619222849657,0.0018949048057124143,0.06106711040394978,0.008080129845455157
AVMD,IMF7,background_dynamic_mode,90.29468011126563,255,25500,25899,127.5,129.495,128.5,stable_10deg,stable_10deg,0.0,10.0,0.0,90.5,90.84545641389776,0.02931937476455289,0.34385029463372024,0.0008596257365843006,0.03874355513936892,0.014858556768220685
AVMD,IMF1,angle_position_mode,0.008692628650904,256,25600,25999,128.0,129.995,129.0,stable_10deg,stable_10deg,0.0,10.011604618973893,0.47629446137664067,,,0.12941568148401722,6.69936744558904,0.0167484186139726,0.17712879735374024,0.038252837317023086
AVMD,IMF2,background_dynamic_mode,17.793810848400554,256,25600,25999,128.0,129.995,129.0,stable_10deg,stable_10deg,0.0,10.011604618973893,0.47629446137664067,16.5,17.064761440944256,0.05947682343128466,1.4149970101904847,0.0035374925254762117,0.0783973710838881,0.030947515879939873
AVMD,IMF3,background_dynamic_mode,39.90785813630041,256,25600,25999,128.0,129.995,129.0,stable_10deg,stable_10deg,0.0,10.011604618973893,0.47629446137664067,40.0,37.89269570292244,0.02880079804823054,0.33179438728598404,0.0008294859682149601,0.03702421547859589,0.016822937042494202
AVMD,IMF4,background_dynamic_mode,54.08118915159944,256,25600,25999,128.0,129.995,129.0,stable_10deg,stable_10deg,0.0,10.011604618973893,0.47629446137664067,51.0,52.30494082855399,0.012881558179812746,0.06637381645596027,0.00016593454113990067,0.01652455929722066,0.007639155789122534
AVMD,IMF5,background_dynamic_mode,59.97479137691238,256,25600,25999,128.0,129.995,129.0,stable_10deg,stable_10deg,0.0,10.011604618973893,0.47629446137664067,60.0,61.16072131791494,0.01601567841230538,0.10260078200255382,0.00025650195500638454,0.020551686911724282,0.009527203202335436
AVMD,IMF6,background_dynamic_mode,80.04607093184978,256,25600,25999,128.0,129.995,129.0,stable_10deg,stable_10deg,0.0,10.011604618973893,0.47629446137664067,80.0,79.91243981881595,0.04345884269475545,0.7554684033469998,0.0018886710083674996,0.06048564067404751,0.011015569219077323
AVMD,IMF7,background_dynamic_mode,90.29468011126563,256,25600,25999,128.0,129.995,129.0,stable_10deg,stable_10deg,0.0,10.011604618973893,0.47629446137664067,90.5,90.94285380689108,0.02776957174551847,0.3084596459717991,0.0007711491149294977,0.035359768171318064,0.01673629733182175
AVMD,IMF1,angle_position_mode,0.008692628650904,257,25700,26099,128.5,130.495,129.5,stable_10deg,stable_10deg,0.0,10.201461181804488,1.1183793719672737,,,0.1340338913501643,7.186033612187059,0.01796508403046765,0.1916975243187857,0.03759374720706545
AVMD,IMF2,background_dynamic_mode,17.793810848400554,257,25700,26099,128.5,130.495,129.5,stable_10deg,stable_10deg,0.0,10.201461181804488,1.1183793719672737,16.5,17.16911979179167,0.05966162858514592,1.4238039701727603,0.0035595099254319006,0.07909693709687023,0.029610702026278583
AVMD,IMF3,background_dynamic_mode,39.90785813630041,257,25700,26099,128.5,130.495,129.5,stable_10deg,stable_10deg,0.0,10.201461181804488,1.1183793719672737,35.5,36.95078902403397,0.033200408017947436,0.4409068370232754,0.0011022670925581884,0.04316569070955744,0.018456691002517983
AVMD,IMF4,background_dynamic_mode,54.08118915159944,257,25700,26099,128.5,130.495,129.5,stable_10deg,stable_10deg,0.0,10.201461181804488,1.1183793719672737,50.5,51.36515389154429,0.0131616834286248,0.06929196427013465,0.00017322991067533663,0.016997264149829425,0.007570911505418605
AVMD,IMF5,background_dynamic_mode,59.97479137691238,257,25700,26099,128.5,130.495,129.5,stable_10deg,stable_10deg,0.0,10.201461181804488,1.1183793719672737,60.0,61.052428914785004,0.01591486740391462,0.10131320179367363,0.00025328300448418405,0.020217430575266263,0.009891437011607355
AVMD,IMF6,background_dynamic_mode,80.04607093184978,257,25700,26099,128.5,130.495,129.5,stable_10deg,stable_10deg,0.0,10.201461181804488,1.1183793719672737,80.0,79.95690924608772,0.04157047028718388,0.6912415999590551,0.0017281039998976377,0.05761544280454327,0.01228202110813321
AVMD,IMF7,background_dynamic_mode,90.29468011126563,257,25700,26099,128.5,130.495,129.5,stable_10deg,stable_10deg,0.0,10.201461181804488,1.1183793719672737,90.5,91.33242780559983,0.028031855565347395,0.3143139705745991,0.0007857849264364977,0.03609218850219134,0.016547873301664854
AVMD,IMF1,angle_position_mode,0.008692628650904,258,25800,26199,129.0,130.995,130.0,stable_10deg,stable_10deg,0.0,10.679022487656358,1.7116707380250802,,,0.1326904639107266,7.042703685137537,0.017606759212843843,0.2044061625314275,0.03479290103015734
AVMD,IMF2,background_dynamic_mode,17.793810848400554,258,25800,26199,129.0,130.995,130.0,stable_10deg,stable_10deg,0.0,10.679022487656358,1.7116707380250802,16.5,17.633904243649024,0.06329093924103157,1.6022971960047803,0.0040057429900119505,0.08289610778371079,0.03335656760570749
AVMD,IMF3,background_dynamic_mode,39.90785813630041,258,25800,26199,129.0,130.995,130.0,stable_10deg,stable_10deg,0.0,10.679022487656358,1.7116707380250802,40.0,37.61314205729174,0.03301238506413545,0.43592702704910147,0.0010898175676227536,0.04257631018121454,0.01894873136975432
AVMD,IMF4,background_dynamic_mode,54.08118915159944,258,25800,26199,129.0,130.995,130.0,stable_10deg,stable_10deg,0.0,10.679022487656358,1.7116707380250802,53.5,51.32189218494413,0.012710599198724139,0.0646237327962427,0.00016155933199060675,0.01635319422369127,0.0074321026053254195
AVMD,IMF5,background_dynamic_mode,59.97479137691238,258,25800,26199,129.0,130.995,130.0,stable_10deg,stable_10deg,0.0,10.679022487656358,1.7116707380250802,60.0,61.860113354014956,0.014524899275257783,0.08438907958255362,0.00021097269895638406,0.018355681758535525,0.009193263900977681
AVMD,IMF6,background_dynamic_mode,80.04607093184978,258,25800,26199,129.0,130.995,130.0,stable_10deg,stable_10deg,0.0,10.679022487656358,1.7116707380250802,80.0,79.95941997352415,0.03983911162002036,0.6348619258689764,0.001587154814672441,0.05498706577810339,0.01256605739288885
AVMD,IMF7,background_dynamic_mode,90.29468011126563,258,25800,26199,129.0,130.995,130.0,stable_10deg,stable_10deg,0.0,10.679022487656358,1.7116707380250802,90.5,91.46501591763558,0.02537998767723477,0.25765750979863555,0.0006441437744965888,0.032085139849850175,0.015793272388414416
AVMD,IMF1,angle_position_mode,0.008692628650904,259,25900,26299,129.5,131.495,130.5,stable_10deg,stable_10deg,0.13,11.514885294174002,2.3244676925535366,,,0.13412710092058594,7.196031680544418,0.017990079201361045,0.22787872627751096,0.0235557358022047
AVMD,IMF2,background_dynamic_mode,17.793810848400554,259,25900,26299,129.5,131.495,130.5,stable_10deg,stable_10deg,0.13,11.514885294174002,2.3244676925535366,16.5,17.486132327913335,0.06431309566446627,1.6544697095787162,0.004136174273946791,0.08499819218601613,0.03248573712958979
AVMD,IMF3,background_dynamic_mode,39.90785813630041,259,25900,26299,129.5,131.495,130.5,stable_10deg,stable_10deg,0.13,11.514885294174002,2.3244676925535366,40.0,38.389958592104854,0.03364531049212625,0.4528027672446321,0.0011320069181115803,0.043162635772966314,0.019880886557759162
AVMD,IMF4,background_dynamic_mode,54.08118915159944,259,25900,26299,129.5,131.495,130.5,stable_10deg,stable_10deg,0.13,11.514885294174002,2.3244676925535366,54.0,51.12211654959846,0.012245321821246413,0.05997916260235743,0.00014994790650589356,0.015641350963039126,0.007432814757736592
AVMD,IMF5,background_dynamic_mode,59.97479137691238,259,25900,26299,129.5,131.495,130.5,stable_10deg,stable_10deg,0.13,11.514885294174002,2.3244676925535366,60.0,61.868156237990895,0.012664544211629332,0.06415627203532562,0.00016039068008831403,0.016197398847776875,0.007673330950707152
AVMD,IMF6,background_dynamic_mode,80.04607093184978,259,25900,26299,129.5,131.495,130.5,stable_10deg,stable_10deg,0.13,11.514885294174002,2.3244676925535366,80.0,79.82683955241998,0.03912273916685996,0.6122354879672632,0.0015305887199181581,0.05382865753022676,0.012954691935955897
AVMD,IMF7,background_dynamic_mode,90.29468011126563,259,25900,26299,129.5,131.495,130.5,stable_10deg,stable_10deg,0.13,11.514885294174002,2.3244676925535366,90.5,91.25117350182948,0.026831965203248005,0.2879817426673247,0.0007199543566683117,0.034793859620829946,0.014754752439898718
AVMD,IMF1,angle_position_mode,0.008692628650904,260,26000,26399,130.0,131.995,131.0,stable_10deg,stable_10deg,0.38,12.76436906786867,2.9181981905657453,,,0.1155781112897298,5.343319923720468,0.01335829980930117,0.23474744388419097,0.02172496788546482
AVMD,IMF2,background_dynamic_mode,17.793810848400554,260,26000,26399,130.0,131.995,131.0,stable_10deg,stable_10deg,0.38,12.76436906786867,2.9181981905657453,17.0,17.460684681181352,0.06847892754725045,1.8757454072086301,0.0046893635180215755,0.0890866230699422,0.038382505391967685
AVMD,IMF3,background_dynamic_mode,39.90785813630041,260,26000,26399,130.0,131.995,131.0,stable_10deg,stable_10deg,0.38,12.76436906786867,2.9181981905657453,40.0,37.88497610908389,0.033219867947105026,0.4414238505692383,0.0011035596264230957,0.041881008419593184,0.0213672186284981
AVMD,IMF4,background_dynamic_mode,54.08118915159944,260,26000,26399,130.0,131.995,131.0,stable_10deg,stable_10deg,0.38,12.76436906786867,2.9181981905657453,55.0,51.63131500220952,0.01454601792030536,0.08463465493513785,0.00021158663733784463,0.018133236576057497,0.009715271397570982
AVMD,IMF5,background_dynamic_mode,59.97479137691238,260,26000,26399,130.0,131.995,131.0,stable_10deg,stable_10deg,0.38,12.76436906786867,2.9181981905657453,60.0,61.6826778866126,0.011769324684858593,0.055406801415048716,0.0001385170035376218,0.01511153312090849,0.006957233891898725
AVMD,IMF6,background_dynamic_mode,80.04607093184978,260,26000,26399,130.0,131.995,131.0,stable_10deg,stable_10deg,0.38,12.76436906786867,2.9181981905657453,80.0,79.7787816106528,0.038762795435351674,0.6010217239851683,0.0015025543099629207,0.05377866325259523,0.010959595437637153
AVMD,IMF7,background_dynamic_mode,90.29468011126563,260,26000,26399,130.0,131.995,131.0,stable_10deg,stable_10deg,0.38,12.76436906786867,2.9181981905657453,90.5,91.28110606683192,0.025261514441067407,0.2552576447425029,0.0006381441118562572,0.03339479994885929,0.012660978646745582
AVMD,IMF1,angle_position_mode,0.008692628650904,261,26100,26499,130.5,132.495,131.5,moving_10_to_43,moving_10_to_43,0.63,14.320458504014594,3.4176523037624147,,,0.09929229225543103,3.943583720535171,0.009858959301337927,0.24262559352301344,0.024732580603356136
AVMD,IMF2,background_dynamic_mode,17.793810848400554,261,26100,26499,130.5,132.495,131.5,moving_10_to_43,moving_10_to_43,0.63,14.320458504014594,3.4176523037624147,17.0,17.28425018399318,0.0651014548002003,1.6952797668410087,0.004238199417102522,0.08318056594221918,0.039354724554393754
AVMD,IMF3,background_dynamic_mode,39.90785813630041,261,26100,26499,130.5,132.495,131.5,moving_10_to_43,moving_10_to_43,0.63,14.320458504014594,3.4176523037624147,36.0,37.753240492232344,0.032068357331965586,0.4113518167882524,0.001028379541970631,0.040305808414507566,0.02079940728609156
AVMD,IMF4,background_dynamic_mode,54.08118915159944,261,26100,26499,130.5,132.495,131.5,moving_10_to_43,moving_10_to_43,0.63,14.320458504014594,3.4176523037624147,54.5,53.318008427161175,0.015259009147816386,0.09313494406925765,0.00023283736017314414,0.019250506100084955,0.00974663625837664
AVMD,IMF5,background_dynamic_mode,59.97479137691238,261,26100,26499,130.5,132.495,131.5,moving_10_to_43,moving_10_to_43,0.63,14.320458504014594,3.4176523037624147,59.5,61.172116614814875,0.015783745278058706,0.09965064600105618,0.00024912661500264046,0.01838903985700843,0.012657080228620507
AVMD,IMF6,background_dynamic_mode,80.04607093184978,261,26100,26499,130.5,132.495,131.5,moving_10_to_43,moving_10_to_43,0.63,14.320458504014594,3.4176523037624147,80.0,79.76042145518043,0.03821980963961169,0.5843015395552619,0.0014607538488881546,0.0526216251348872,0.012018102801565093
AVMD,IMF7,background_dynamic_mode,90.29468011126563,261,26100,26499,130.5,132.495,131.5,moving_10_to_43,moving_10_to_43,0.63,14.320458504014594,3.4176523037624147,90.5,91.34677528563023,0.024402878630056687,0.23820019417331095,0.0005955004854332773,0.032149995058465636,0.01205367874010727
AVMD,IMF1,angle_position_mode,0.008692628650904,262,26200,26599,131.0,132.995,132.0,moving_10_to_43,moving_10_to_43,0.88,16.12296638320033,3.8633923857192087,,,0.08287535517206679,2.747329797958487,0.006868324494896217,0.2418850556886337,0.029465308327868908
AVMD,IMF2,background_dynamic_mode,17.793810848400554,262,26200,26599,131.0,132.995,132.0,moving_10_to_43,moving_10_to_43,0.88,16.12296638320033,3.8633923857192087,17.0,17.395423105892434,0.07007081262837118,1.9639675129601213,0.0049099187824003035,0.08973711487308242,0.04248464334769867
AVMD,IMF3,background_dynamic_mode,39.90785813630041,262,26200,26599,131.0,132.995,132.0,moving_10_to_43,moving_10_to_43,0.88,16.12296638320033,3.8633923857192087,36.0,37.459263466265796,0.031302122245998265,0.3919291428413677,0.0009798228571034193,0.039297336157441604,0.020613030107521184
AVMD,IMF4,background_dynamic_mode,54.08118915159944,262,26200,26599,131.0,132.995,132.0,moving_10_to_43,moving_10_to_43,0.88,16.12296638320033,3.8633923857192087,54.0,53.068209803435536,0.016234182372448044,0.10541947092076112,0.00026354867730190283,0.020926999125338287,0.00941326703504588
AVMD,IMF5,background_dynamic_mode,59.97479137691238,262,26200,26599,131.0,132.995,132.0,moving_10_to_43,moving_10_to_43,0.88,16.12296638320033,3.8633923857192087,62.0,62.033313883149766,0.017746317222795096,0.12597270998882953,0.00031493177497207383,0.021324496751713627,0.01323008941771539
AVMD,IMF6,background_dynamic_mode,80.04607093184978,262,26200,26599,131.0,132.995,132.0,moving_10_to_43,moving_10_to_43,0.88,16.12296638320033,3.8633923857192087,80.0,79.75485552513258,0.038583921528205646,0.5954876001978924,0.0014887190004947309,0.05263398802354707,0.014527231429990501
AVMD,IMF7,background_dynamic_mode,90.29468011126563,262,26200,26599,131.0,132.995,132.0,moving_10_to_43,moving_10_to_43,0.88,16.12296638320033,3.8633923857192087,90.5,90.86008951334722,0.02455423623622791,0.2411642068577951,0.0006029105171444877,0.03228587384580703,0.012217659545030225
AVMD,IMF1,angle_position_mode,0.008692628650904,263,26300,26699,131.5,133.495,132.5,moving_10_to_43,moving_10_to_43,1.0,18.137877293685232,4.232816115061102,,,0.059960093342312594,1.4380851174475355,0.003595212793618839,0.23704164485949952,0.028554714164172924
AVMD,IMF2,background_dynamic_mode,17.793810848400554,263,26300,26699,131.5,133.495,132.5,moving_10_to_43,moving_10_to_43,1.0,18.137877293685232,4.232816115061102,17.0,17.45189328660143,0.07368241907089024,2.171639552055316,0.00542909888013829,0.09599904073338017,0.04044246907675587
AVMD,IMF3,background_dynamic_mode,39.90785813630041,263,26300,26699,131.5,133.495,132.5,moving_10_to_43,moving_10_to_43,1.0,18.137877293685232,4.232816115061102,36.5,37.01931438393941,0.0322872406819755,0.4169863643423254,0.0010424659108558135,0.041211022653814024,0.019797240274094727
AVMD,IMF4,background_dynamic_mode,54.08118915159944,263,26300,26699,131.5,133.495,132.5,moving_10_to_43,moving_10_to_43,1.0,18.137877293685232,4.232816115061102,53.5,51.90109018587799,0.01787680161401912,0.12783201437879865,0.00031958003594699665,0.023484364400841725,0.009375803731597689
AVMD,IMF5,background_dynamic_mode,59.97479137691238,263,26300,26699,131.5,133.495,132.5,moving_10_to_43,moving_10_to_43,1.0,18.137877293685232,4.232816115061102,62.5,61.59516000345142,0.018368265433479528,0.13495727001390356,0.0003373931750347589,0.02239440773169856,0.01315177001521764
AVMD,IMF6,background_dynamic_mode,80.04607093184978,263,26300,26699,131.5,133.495,132.5,moving_10_to_43,moving_10_to_43,1.0,18.137877293685232,4.232816115061102,80.0,79.72256071888081,0.04254279214118423,0.7239556652672026,0.0018098891631680063,0.057720164650798295,0.016932177337922124
AVMD,IMF7,background_dynamic_mode,90.29468011126563,263,26300,26699,131.5,133.495,132.5,moving_10_to_43,moving_10_to_43,1.0,18.137877293685232,4.232816115061102,91.0,91.2515636948627,0.02200166732617297,0.19362934605263488,0.0004840733651315872,0.029506614039158573,0.0107379193481923
AVMD,IMF1,angle_position_mode,0.008692628650904,264,26400,26799,132.0,133.995,133.0,moving_10_to_43,moving_10_to_43,1.0,20.320704856616075,4.508528466209723,,,0.048619690267626366,0.9455497126879688,0.002363874281719922,0.2336330798541936,0.02927103561851928
AVMD,IMF2,background_dynamic_mode,17.793810848400554,264,26400,26799,132.0,133.995,133.0,moving_10_to_43,moving_10_to_43,1.0,20.320704856616075,4.508528466209723,17.5,17.53022377894569,0.06531906777052446,1.7066322457641467,0.004266580614410367,0.08437236926102955,0.03717623147686211
AVMD,IMF3,background_dynamic_mode,39.90785813630041,264,26400,26799,132.0,133.995,133.0,moving_10_to_43,moving_10_to_43,1.0,20.320704856616075,4.508528466209723,37.0,37.096667195477345,0.030042017104294508,0.3610091166778895,0.0009025227916947237,0.03816292028928725,0.018692039371070026
AVMD,IMF4,background_dynamic_mode,54.08118915159944,264,26400,26799,132.0,133.995,133.0,moving_10_to_43,moving_10_to_43,1.0,20.320704856616075,4.508528466209723,54.5,52.70774657885352,0.01802035924802082,0.1298933389710918,0.00032473334742772944,0.02326396103112465,0.010498128289417713
AVMD,IMF5,background_dynamic_mode,59.97479137691238,264,26400,26799,132.0,133.995,133.0,moving_10_to_43,moving_10_to_43,1.0,20.320704856616075,4.508528466209723,60.0,61.59659652066674,0.01822644926882781,0.1328813811796615,0.00033220345294915376,0.021929995759118106,0.013550155794262225
AVMD,IMF6,background_dynamic_mode,80.04607093184978,264,26400,26799,132.0,133.995,133.0,moving_10_to_43,moving_10_to_43,1.0,20.320704856616075,4.508528466209723,80.0,79.74418618624878,0.043730226931048784,0.7649330989764098,0.0019123327474410245,0.05921013639696685,0.017757334194417235
AVMD,IMF7,background_dynamic_mode,90.29468011126563,264,26400,26799,132.0,133.995,133.0,moving_10_to_43,moving_10_to_43,1.0,20.320704856616075,4.508528466209723,91.0,91.87868665818479,0.022598653100254378,0.2042796487782547,0.0005106991219456367,0.030208988049348726,0.01068279528311426
AVMD,IMF1,angle_position_mode,0.008692628650904,265,26500,26899,132.5,134.495,133.5,moving_10_to_43,moving_10_to_43,1.0,22.61953250638325,4.679248147629559,,,0.036060806639227956,0.5201527101887149,0.0013003817754717872,0.23369291862142672,0.02649578332494184
AVMD,IMF2,background_dynamic_mode,17.793810848400554,265,26500,26899,132.5,134.495,133.5,moving_10_to_43,moving_10_to_43,1.0,22.61953250638325,4.679248147629559,17.5,17.72029455048974,0.06760759145281126,1.8283145688200952,0.004570786422050238,0.08683485402757421,0.04017859605549221
AVMD,IMF3,background_dynamic_mode,39.90785813630041,265,26500,26899,132.5,134.495,133.5,moving_10_to_43,moving_10_to_43,1.0,22.61953250638325,4.679248147629559,37.0,37.15066366473533,0.030154431999868215,0.36371590769387047,0.0009092897692346761,0.03849626067051915,0.018373499151320825
AVMD,IMF4,background_dynamic_mode,54.08118915159944,265,26500,26899,132.5,134.495,133.5,moving_10_to_43,moving_10_to_43,1.0,22.61953250638325,4.679248147629559,54.5,52.93656519142334,0.01846950171177015,0.1364489973924322,0.00034112249348108045,0.02366927375926525,0.011064054535943993
AVMD,IMF5,background_dynamic_mode,59.97479137691238,265,26500,26899,132.5,134.495,133.5,moving_10_to_43,moving_10_to_43,1.0,22.61953250638325,4.679248147629559,59.0,61.60173078930403,0.01875304986775413,0.14067075173698929,0.0003516768793424732,0.022548431006965516,0.014003992285679992
AVMD,IMF6,background_dynamic_mode,80.04607093184978,265,26500,26899,132.5,134.495,133.5,moving_10_to_43,moving_10_to_43,1.0,22.61953250638325,4.679248147629559,80.0,79.89519661335729,0.044130086864236265,0.7789858266580152,0.001947464566645038,0.06013668622040874,0.016661589141903396
AVMD,IMF7,background_dynamic_mode,90.29468011126563,265,26500,26899,132.5,134.495,133.5,moving_10_to_43,moving_10_to_43,1.0,22.61953250638325,4.679248147629559,91.0,91.75235837101489,0.021103684539294277,0.17814620045361934,0.00044536550113404835,0.028196519020457198,0.010446343120497536
AVMD,IMF1,angle_position_mode,0.008692628650904,266,26600,26999,133.0,134.995,134.0,moving_10_to_43,moving_10_to_43,1.0,24.978364307170427,4.740154978813733,,,0.03228446946828943,0.4169147875395649,0.0010422869688489122,0.2366768582152413,0.025535856533175538
AVMD,IMF2,background_dynamic_mode,17.793810848400554,266,26600,26999,133.0,134.995,134.0,moving_10_to_43,moving_10_to_43,1.0,24.978364307170427,4.740154978813733,17.0,17.769102674997782,0.062329466054112735,1.5539849354363167,0.0038849623385907917,0.08012438477033701,0.03660137866261393
AVMD,IMF3,background_dynamic_mode,39.90785813630041,266,26600,26999,133.0,134.995,134.0,moving_10_to_43,moving_10_to_43,1.0,24.978364307170427,4.740154978813733,40.0,37.21816208844038,0.03333498236249795,0.44448841964321967,0.0011112210491080491,0.042894633245999396,0.0196140724530671
AVMD,IMF4,background_dynamic_mode,54.08118915159944,266,26600,26999,133.0,134.995,134.0,moving_10_to_43,moving_10_to_43,1.0,24.978364307170427,4.740154978813733,54.5,52.617619318174,0.020106679285322743,0.16171142075313066,0.00040427855188282665,0.026063261379009908,0.01143072946573475
AVMD,IMF5,background_dynamic_mode,59.97479137691238,266,26600,26999,133.0,134.995,134.0,moving_10_to_43,moving_10_to_43,1.0,24.978364307170427,4.740154978813733,61.0,61.99233849216579,0.018298179505903938,0.13392934929211314,0.0003348233732302829,0.022065686586367227,0.013514886678066175
AVMD,IMF6,background_dynamic_mode,80.04607093184978,266,26600,26999,133.0,134.995,134.0,moving_10_to_43,moving_10_to_43,1.0,24.978364307170427,4.740154978813733,80.0,79.90877904825817,0.04540726610254974,0.8247279259631051,0.0020618198149077627,0.06204212305303047,0.016267311054885658
AVMD,IMF7,background_dynamic_mode,90.29468011126563,266,26600,26999,133.0,134.995,134.0,moving_10_to_43,moving_10_to_43,1.0,24.978364307170427,4.740154978813733,91.0,93.08499903187386,0.021474393939235094,0.1844598380229828,0.000461149595057457,0.028748058728845213,0.010972267843671127
AVMD,IMF1,angle_position_mode,0.008692628650904,267,26700,27099,133.5,135.495,134.5,moving_10_to_43,moving_10_to_43,1.0,27.340507486209912,4.692768860919269,,,0.036603739088915,0.5359334861157454,0.0013398337152893637,0.24175578814947238,0.02791468736108395
AVMD,IMF2,background_dynamic_mode,17.793810848400554,267,26700,27099,133.5,135.495,134.5,moving_10_to_43,moving_10_to_43,1.0,27.340507486209912,4.692768860919269,17.5,17.656365060561694,0.05714489204255481,1.3062154746220975,0.0032655386865552438,0.07242670341367533,0.03554805749479415
AVMD,IMF3,background_dynamic_mode,39.90785813630041,267,26700,27099,133.5,135.495,134.5,moving_10_to_43,moving_10_to_43,1.0,27.340507486209912,4.692768860919269,40.0,38.2695364411458,0.032095075115094636,0.41203753865742676,0.0010300938466435668,0.04039125850019612,0.02074326762041884
AVMD,IMF4,background_dynamic_mode,54.08118915159944,267,26700,27099,133.5,135.495,134.5,moving_10_to_43,moving_10_to_43,1.0,27.340507486209912,4.692768860919269,54.5,51.14681215294767,0.019464658653235333,0.15154917459478762,0.00037887293648696907,0.024989383657473413,0.01151724446184809
AVMD,IMF5,background_dynamic_mode,59.97479137691238,267,26700,27099,133.5,135.495,134.5,moving_10_to_43,moving_10_to_43,1.0,27.340507486209912,4.692768860919269,61.0,62.474797797822724,0.01940640001288014,0.15064334458396572,0.0003766083614599143,0.02338279714391829,0.014371764234832139
AVMD,IMF6,background_dynamic_mode,80.04607093184978,267,26700,27099,133.5,135.495,134.5,moving_10_to_43,moving_10_to_43,1.0,27.340507486209912,4.692768860919269,80.0,79.89396634356656,0.044057241972498114,0.7764162280892997,0.0019410405702232493,0.06023671506594191,0.015503231520684805
AVMD,IMF7,background_dynamic_mode,90.29468011126563,267,26700,27099,133.5,135.495,134.5,moving_10_to_43,moving_10_to_43,1.0,27.340507486209912,4.692768860919269,91.0,93.41080234648355,0.01999830327770133,0.1599728535947679,0.00039993213398691974,0.02649615235530488,0.010876578802648819
AVMD,IMF1,angle_position_mode,0.008692628650904,268,26800,27199,134.0,135.995,135.0,moving_10_to_43,moving_10_to_43,1.0,29.65177056511157,4.54444138675721,,,0.05109964126017835,1.0444693347675689,0.002611173336918922,0.24023239484247724,0.03058183376658824
AVMD,IMF2,background_dynamic_mode,17.793810848400554,268,26800,27199,134.0,135.995,135.0,moving_10_to_43,moving_10_to_43,1.0,29.65177056511157,4.54444138675721,17.0,17.75174695748444,0.05795561547523393,1.3435413460452699,0.0033588533651131747,0.07236761885809145,0.03832969902595481
AVMD,IMF3,background_dynamic_mode,39.90785813630041,268,26800,27199,134.0,135.995,135.0,moving_10_to_43,moving_10_to_43,1.0,29.65177056511157,4.54444138675721,40.0,37.99561373529899,0.03440162909068394,0.47338883363719675,0.0011834720840929918,0.04460618481049455,0.019498270234675093
AVMD,IMF4,background_dynamic_mode,54.08118915159944,268,26800,27199,134.0,135.995,135.0,moving_10_to_43,moving_10_to_43,1.0,29.65177056511157,4.54444138675721,54.5,50.946382054944394,0.01846473738280033,0.13637861064631362,0.0003409465266157841,0.023369080491485072,0.01159908170671729
AVMD,IMF5,background_dynamic_mode,59.97479137691238,268,26800,27199,134.0,135.995,135.0,moving_10_to_43,moving_10_to_43,1.0,29.65177056511157,4.54444138675721,61.5,62.364438296777145,0.01971278861909621,0.15543761405646764,0.0003885940351411691,0.02424490107849983,0.013760925024563473
AVMD,IMF6,background_dynamic_mode,80.04607093184978,268,26800,27199,134.0,135.995,135.0,moving_10_to_43,moving_10_to_43,1.0,29.65177056511157,4.54444138675721,80.0,79.89315681442022,0.04861203749977056,0.9452520759516398,0.0023631301898790996,0.06603882834460219,0.01875719524195343
AVMD,IMF7,background_dynamic_mode,90.29468011126563,268,26800,27199,134.0,135.995,135.0,moving_10_to_43,moving_10_to_43,1.0,29.65177056511157,4.54444138675721,91.0,93.05965651685484,0.022221621685643282,0.19752018813594072,0.0004938004703398518,0.029207206867523306,0.011894308133041365
AVMD,IMF1,angle_position_mode,0.008692628650904,269,26900,27299,134.5,136.495,135.5,moving_10_to_43,moving_10_to_43,1.0,31.86329283890302,4.307503127815088,,,0.0595881553522258,1.4202993033123985,0.0035507482582809963,0.23565102418961828,0.028343713595313277
AVMD,IMF2,background_dynamic_mode,17.793810848400554,269,26900,27299,134.5,136.495,135.5,moving_10_to_43,moving_10_to_43,1.0,31.86329283890302,4.307503127815088,16.5,17.765408614812277,0.06505428918794177,1.6928242166993428,0.004232060541748357,0.0833271287710872,0.039317866984293355
AVMD,IMF3,background_dynamic_mode,39.90785813630041,269,26900,27299,134.5,136.495,135.5,moving_10_to_43,moving_10_to_43,1.0,31.86329283890302,4.307503127815088,36.5,37.05703486890198,0.03331927464881997,0.44406962524939897,0.0011101740631234973,0.043720887372973555,0.017642237263924252
AVMD,IMF4,background_dynamic_mode,54.08118915159944,269,26900,27299,134.5,136.495,135.5,moving_10_to_43,moving_10_to_43,1.0,31.86329283890302,4.307503127815088,55.0,52.37828104853535,0.017284705853455977,0.1195044225761981,0.00029876105644049527,0.021584166547384216,0.011477876225088902
AVMD,IMF5,background_dynamic_mode,59.97479137691238,269,26900,27299,134.5,136.495,135.5,moving_10_to_43,moving_10_to_43,1.0,31.86329283890302,4.307503127815088,60.0,61.88921704213069,0.01616512983512021,0.1045245690345174,0.0002613114225862935,0.02044712151599083,0.010214749172192417
AVMD,IMF6,background_dynamic_mode,80.04607093184978,269,26900,27299,134.5,136.495,135.5,moving_10_to_43,moving_10_to_43,1.0,31.86329283890302,4.307503127815088,80.0,79.96892121137107,0.05219108609445529,1.0895637870875376,0.002723909467718844,0.07165427116690633,0.017487260599565495
AVMD,IMF7,background_dynamic_mode,90.29468011126563,269,26900,27299,134.5,136.495,135.5,moving_10_to_43,moving_10_to_43,1.0,31.86329283890302,4.307503127815088,91.0,92.05149617447337,0.021913669354240224,0.19208356182678687,0.0004802089045669672,0.028755046880701157,0.0112811306446106
AVMD,IMF1,angle_position_mode,0.008692628650904,270,27000,27399,135.0,136.995,136.0,moving_10_to_43,moving_10_to_43,1.0,33.93383114119982,3.998098541467876,,,0.07292743010565762,2.127364024726231,0.005318410061815577,0.23414660782402713,0.02548539075353924
AVMD,IMF2,background_dynamic_mode,17.793810848400554,270,27000,27399,135.0,136.995,136.0,moving_10_to_43,moving_10_to_43,1.0,33.93383114119982,3.998098541467876,16.5,17.858531292229976,0.0578487905665432,1.338593028004711,0.0033464825700117774,0.07210207532326902,0.038283431726712364
AVMD,IMF3,background_dynamic_mode,39.90785813630041,270,27000,27399,135.0,136.995,136.0,moving_10_to_43,moving_10_to_43,1.0,33.93383114119982,3.998098541467876,36.5,37.13447172907106,0.02873762425981451,0.3303404192393118,0.0008258510480982794,0.03736034575561728,0.015865805618028493
AVMD,IMF4,background_dynamic_mode,54.08118915159944,270,27000,27399,135.0,136.995,136.0,moving_10_to_43,moving_10_to_43,1.0,33.93383114119982,3.998098541467876,55.0,52.05152879415235,0.017234257479328774,0.11880785234551994,0.0002970196308637998,0.021353371437032056,0.01168292529450638
AVMD,IMF5,background_dynamic_mode,59.97479137691238,270,27000,27399,135.0,136.995,136.0,moving_10_to_43,moving_10_to_43,1.0,33.93383114119982,3.998098541467876,60.0,61.24771216902508,0.015803226935584676,0.09989679263103561,0.000249741981577589,0.0197663040989482,0.010429802040984173
AVMD,IMF6,background_dynamic_mode,80.04607093184978,270,27000,27399,135.0,136.995,136.0,moving_10_to_43,moving_10_to_43,1.0,33.93383114119982,3.998098541467876,80.0,79.96297580478692,0.05355591802433387,1.1472945421716678,0.0028682363554291697,0.0743645515156486,0.014037084786458438
AVMD,IMF7,background_dynamic_mode,90.29468011126563,270,27000,27399,135.0,136.995,136.0,moving_10_to_43,moving_10_to_43,1.0,33.93383114119982,3.998098541467876,91.0,91.43269281095355,0.01983188254718079,0.1573214261460696,0.00039330356536517396,0.025863051985035277,0.010378647305932524
AVMD,IMF1,angle_position_mode,0.008692628650904,271,27100,27499,135.5,137.495,136.5,moving_10_to_43,moving_10_to_43,1.0,35.83135522081461,3.6347915882383504,,,0.0834836507789074,2.787807978949827,0.006969519947374567,0.22660240265598272,0.021452068739937144
AVMD,IMF2,background_dynamic_mode,17.793810848400554,271,27100,27499,135.5,137.495,136.5,moving_10_to_43,moving_10_to_43,1.0,35.83135522081461,3.6347915882383504,17.0,17.841978927712276,0.061015464960553635,1.4891547857410194,0.0037228869643525487,0.07765868589645007,0.03802893448469528
AVMD,IMF3,background_dynamic_mode,39.90785813630041,271,27100,27499,135.5,137.495,136.5,moving_10_to_43,moving_10_to_43,1.0,35.83135522081461,3.6347915882383504,36.5,37.21244068847239,0.029620448838746878,0.3509483957635285,0.0008773709894088212,0.038184566384850016,0.01692616495591637
AVMD,IMF4,background_dynamic_mode,54.08118915159944,271,27100,27499,135.5,137.495,136.5,moving_10_to_43,moving_10_to_43,1.0,35.83135522081461,3.6347915882383504,55.5,53.79612204193003,0.019102598860752835,0.1459637132939342,0.0003649092832348355,0.023098884057904313,0.014047500817656265
AVMD,IMF5,background_dynamic_mode,59.97479137691238,271,27100,27499,135.5,137.495,136.5,moving_10_to_43,moving_10_to_43,1.0,35.83135522081461,3.6347915882383504,63.5,60.797184849240644,0.01386438133862722,0.07688842796114989,0.00019222106990287474,0.01765461909851066,0.008520967450222858
AVMD,IMF6,background_dynamic_mode,80.04607093184978,271,27100,27499,135.5,137.495,136.5,moving_10_to_43,moving_10_to_43,1.0,35.83135522081461,3.6347915882383504,80.0,79.98185028368857,0.054400241585695085,1.1837545138327954,0.0029593862845819887,0.07551816713947815,0.014864385935624483
AVMD,IMF7,background_dynamic_mode,90.29468011126563,271,27100,27499,135.5,137.495,136.5,moving_10_to_43,moving_10_to_43,1.0,35.83135522081461,3.6347915882383504,91.0,92.1572312541259,0.019305975871344104,0.14908828173796831,0.00037272070434492076,0.024407808150695206,0.01065209472087346
AVMD,IMF1,angle_position_mode,0.008692628650904,272,27200,27599,136.0,137.995,137.0,moving_10_to_43,moving_10_to_43,0.85,37.53386305593159,3.237069582180052,,,0.09073473230505241,3.2931166585878087,0.008232791646469522,0.22038822109965742,0.020800368282744276
AVMD,IMF2,background_dynamic_mode,17.793810848400554,272,27200,27599,136.0,137.995,137.0,moving_10_to_43,moving_10_to_43,0.85,37.53386305593159,3.237069582180052,17.0,17.583431226407047,0.06259827198213413,1.5674174620596955,0.003918543655149239,0.08176328022284736,0.034280321634094245
AVMD,IMF3,background_dynamic_mode,39.90785813630041,272,27200,27599,136.0,137.995,137.0,moving_10_to_43,moving_10_to_43,0.85,37.53386305593159,3.237069582180052,37.0,37.52321162208693,0.03030443708284736,0.3673435627633017,0.0009183589069082543,0.0386818124599797,0.018356511913735735
AVMD,IMF4,background_dynamic_mode,54.08118915159944,272,27200,27599,136.0,137.995,137.0,moving_10_to_43,moving_10_to_43,0.85,37.53386305593159,3.237069582180052,55.5,53.921723774763564,0.020242410472765537,0.16390207269917115,0.0004097551817479279,0.0248667795992018,0.01417302177205428
AVMD,IMF5,background_dynamic_mode,59.97479137691238,272,27200,27599,136.0,137.995,137.0,moving_10_to_43,moving_10_to_43,0.85,37.53386305593159,3.237069582180052,63.5,61.03636237784009,0.013205045163911014,0.06974928711237185,0.00017437321778092965,0.01635337074797042,0.009014781519272149
AVMD,IMF6,background_dynamic_mode,80.04607093184978,272,27200,27599,136.0,137.995,137.0,moving_10_to_43,moving_10_to_43,0.85,37.53386305593159,3.237069582180052,80.0,79.91247300795884,0.050372986742848264,1.0149751173580668,0.002537437793395167,0.06922899335630857,0.016873518557399162
AVMD,IMF7,background_dynamic_mode,90.29468011126563,272,27200,27599,136.0,137.995,137.0,moving_10_to_43,moving_10_to_43,0.85,37.53386305593159,3.237069582180052,100.0,93.17497209410345,0.015733346276473385,0.09901527402216759,0.00024753818505541896,0.0200615192669577,0.00859262690211065
AVMD,IMF1,angle_position_mode,0.008692628650904,273,27300,27699,136.5,138.495,137.5,moving_10_to_43,moving_10_to_43,0.6,39.02940381101841,2.823888944338436,,,0.10065965075539896,4.052946116079555,0.010132365290198888,0.21735763160207824,0.020325726478068625
AVMD,IMF2,background_dynamic_mode,17.793810848400554,273,27300,27699,136.5,138.495,137.5,moving_10_to_43,moving_10_to_43,0.6,39.02940381101841,2.823888944338436,17.5,17.801158223279756,0.061507842291134054,1.5132858653244075,0.0037832146633110185,0.08000840373784036,0.03354030955088245
AVMD,IMF3,background_dynamic_mode,39.90785813630041,273,27300,27699,136.5,138.495,137.5,moving_10_to_43,moving_10_to_43,0.6,39.02940381101841,2.823888944338436,37.5,36.57637604295199,0.030353144997683518,0.36852536450016,0.0009213134112503999,0.03770735785268423,0.020528061278373002
AVMD,IMF4,background_dynamic_mode,54.08118915159944,273,27300,27699,136.5,138.495,137.5,moving_10_to_43,moving_10_to_43,0.6,39.02940381101841,2.823888944338436,54.0,52.245905248551814,0.021849602700504244,0.19096205526795296,0.0004774051381698824,0.027335707002590456,0.01450918650568625
AVMD,IMF5,background_dynamic_mode,59.97479137691238,273,27300,27699,136.5,138.495,137.5,moving_10_to_43,moving_10_to_43,0.6,39.02940381101841,2.823888944338436,62.5,62.185583772851494,0.013794152186906501,0.07611145382221496,0.0001902786345555374,0.01709147375121751,0.00935904735047359
AVMD,IMF6,background_dynamic_mode,80.04607093184978,273,27300,27699,136.5,138.495,137.5,moving_10_to_43,moving_10_to_43,0.6,39.02940381101841,2.823888944338436,80.0,79.84393202572045,0.04783837458666689,0.9154040332377028,0.002288510083094257,0.06518820199818852,0.018239617855052345
AVMD,IMF7,background_dynamic_mode,90.29468011126563,273,27300,27699,136.5,138.495,137.5,moving_10_to_43,moving_10_to_43,0.6,39.02940381101841,2.823888944338436,100.0,94.0091918457998,0.015584463036171128,0.09715019525031368,0.0002428754881257842,0.019813249506456698,0.008756935867762836
AVMD,IMF1,angle_position_mode,0.008692628650904,274,27400,27799,137.0,138.995,138.0,stable_43deg,stable_43deg,0.35,40.315377216656856,2.412411663521279,,,0.10866167075288959,4.722943476323752,0.011807358690809379,0.21204232495826286,0.021609364267034938
AVMD,IMF2,background_dynamic_mode,17.793810848400554,274,27400,27799,137.0,138.995,138.0,stable_43deg,stable_43deg,0.35,40.315377216656856,2.412411663521279,18.0,18.076519394694213,0.06701299808205098,1.796296764777987,0.004490741911944968,0.09019917619185967,0.029127927775494947
AVMD,IMF3,background_dynamic_mode,39.90785813630041,274,27400,27799,137.0,138.995,138.0,stable_43deg,stable_43deg,0.35,40.315377216656856,2.412411663521279,38.0,37.14919659493491,0.03206941970599199,0.41137907211162694,0.0010284476802790673,0.03959779171925066,0.02205299396731173
AVMD,IMF4,background_dynamic_mode,54.08118915159944,274,27400,27799,137.0,138.995,138.0,stable_43deg,stable_43deg,0.35,40.315377216656856,2.412411663521279,54.0,52.17492952155015,0.02308577037803452,0.21318111757893443,0.0005329527939473361,0.029254099169205086,0.014596605239551858
AVMD,IMF5,background_dynamic_mode,59.97479137691238,274,27400,27799,137.0,138.995,138.0,stable_43deg,stable_43deg,0.35,40.315377216656856,2.412411663521279,58.5,62.283090493343785,0.014939969181626036,0.08928107165917429,0.00022320267914793573,0.018646596169034694,0.00995722429727781
AVMD,IMF6,background_dynamic_mode,80.04607093184978,274,27400,27799,137.0,138.995,138.0,stable_43deg,stable_43deg,0.35,40.315377216656856,2.412411663521279,80.0,79.549786812293,0.048019578232344165,0.9223519574448886,0.0023058798936122214,0.06547320680457043,0.01840654474790835
AVMD,IMF7,background_dynamic_mode,90.29468011126563,274,27400,27799,137.0,138.995,138.0,stable_43deg,stable_43deg,0.35,40.315377216656856,2.412411663521279,92.0,93.29516167309444,0.016488653874024792,0.10875028263095711,0.00027187570657739277,0.021196824611433192,0.009460337700500535
AVMD,IMF1,angle_position_mode,0.008692628650904,275,27500,27899,137.5,139.495,138.5,stable_43deg,stable_43deg,0.1,41.39503093614712,2.0001162172820846,,,0.11627476400236397,5.407928297522174,0.013519820743805436,0.2058139127001995,0.022406758508026287
AVMD,IMF2,background_dynamic_mode,17.793810848400554,275,27500,27899,137.5,139.495,138.5,stable_43deg,stable_43deg,0.1,41.39503093614712,2.0001162172820846,18.0,18.12934465868444,0.06325621522847995,1.6005395060127117,0.004001348765031779,0.08193369286329116,0.03583981566035759
AVMD,IMF3,background_dynamic_mode,39.90785813630041,275,27500,27899,137.5,139.495,138.5,stable_43deg,stable_43deg,0.1,41.39503093614712,2.0001162172820846,38.0,37.635175260601336,0.03516573587906323,0.49465159196641384,0.0012366289799160346,0.042734154912086326,0.02556100285524189
AVMD,IMF4,background_dynamic_mode,54.08118915159944,275,27500,27899,137.5,139.495,138.5,stable_43deg,stable_43deg,0.1,41.39503093614712,2.0001162172820846,53.5,52.765518897673836,0.023675793909600926,0.22421728689995854,0.0005605432172498964,0.030209603099072755,0.01441669824406156
AVMD,IMF5,background_dynamic_mode,59.97479137691238,275,27500,27899,137.5,139.495,138.5,stable_43deg,stable_43deg,0.1,41.39503093614712,2.0001162172820846,60.0,61.94919359725214,0.01627150959234992,0.10590480976557415,0.0002647620244139354,0.02050096617910933,0.010464793160365141
AVMD,IMF6,background_dynamic_mode,80.04607093184978,275,27500,27899,137.5,139.495,138.5,stable_43deg,stable_43deg,0.1,41.39503093614712,2.0001162172820846,80.0,79.72191521999363,0.04490803188383534,0.8066925310718285,0.0020167313276795713,0.06059762187515931,0.019149347412272952
AVMD,IMF7,background_dynamic_mode,90.29468011126563,275,27500,27899,137.5,139.495,138.5,stable_43deg,stable_43deg,0.1,41.39503093614712,2.0001162172820846,92.0,91.98325638907225,0.017327974180629473,0.12010347568182464,0.0003002586892045616,0.02278074900625191,0.009391326384719314
AVMD,IMF1,angle_position_mode,0.008692628650904,276,27600,27999,138.0,139.995,139.0,stable_43deg,stable_43deg,0.0,42.18734406652908,1.534276262833041,,,0.11945912158180573,5.708192691638658,0.014270481729096644,0.2016852571190488,0.021954482358290367
AVMD,IMF2,background_dynamic_mode,17.793810848400554,276,27600,27999,138.0,139.995,139.0,stable_43deg,stable_43deg,0.0,42.18734406652908,1.534276262833041,18.0,18.723491069278626,0.061234326234530345,1.4998570837587564,0.003749642709396891,0.07882394702860275,0.03591622278157736
AVMD,IMF3,background_dynamic_mode,39.90785813630041,276,27600,27999,138.0,139.995,139.0,stable_43deg,stable_43deg,0.0,42.18734406652908,1.534276262833041,38.0,38.38002788959642,0.03412743273853806,0.4658726661293759,0.0011646816653234397,0.041238788409267695,0.02518427230051058
AVMD,IMF4,background_dynamic_mode,54.08118915159944,276,27600,27999,138.0,139.995,139.0,stable_43deg,stable_43deg,0.0,42.18734406652908,1.534276262833041,53.5,52.87583699110916,0.021694860833387238,0.18826679463201582,0.0004706669865800395,0.026561382372467593,0.015347878361230987
AVMD,IMF5,background_dynamic_mode,59.97479137691238,276,27600,27999,138.0,139.995,139.0,stable_43deg,stable_43deg,0.0,42.18734406652908,1.534276262833041,59.5,61.79891238938127,0.01736313778823908,0.12059142154135033,0.0003014785538533758,0.022382354208868593,0.01009025053312042
AVMD,IMF6,background_dynamic_mode,80.04607093184978,276,27600,27999,138.0,139.995,139.0,stable_43deg,stable_43deg,0.0,42.18734406652908,1.534276262833041,80.0,79.8588055930833,0.04556709568758839,0.8305440837607345,0.0020763602094018363,0.06189618590144825,0.018183586918775294
AVMD,IMF7,background_dynamic_mode,90.29468011126563,276,27600,27999,138.0,139.995,139.0,stable_43deg,stable_43deg,0.0,42.18734406652908,1.534276262833041,92.0,91.71165929273972,0.017010892040664992,0.11574817920766382,0.00028937044801915953,0.022863927165620072,0.008851051616684888
AVMD,IMF1,angle_position_mode,0.008692628650904,277,27700,28099,138.5,140.495,139.5,stable_43deg,stable_43deg,0.0,42.68550738890712,1.0948615391820131,,,0.12357141055257354,6.107957402381073,0.015269893505952682,0.19325644549797766,0.019328499028374312
AVMD,IMF2,background_dynamic_mode,17.793810848400554,277,27700,28099,138.5,140.495,139.5,stable_43deg,stable_43deg,0.0,42.68550738890712,1.0948615391820131,18.0,19.01615854519089,0.053309485227947984,1.1367604861075216,0.002841901215268804,0.06882040517478669,0.03138036479865921
AVMD,IMF3,background_dynamic_mode,39.90785813630041,277,27700,28099,138.5,140.495,139.5,stable_43deg,stable_43deg,0.0,42.68550738890712,1.0948615391820131,38.0,37.81766303188126,0.03344403953279782,0.44740151210853746,0.0011185037802713437,0.040475454548519633,0.02454121573944759
AVMD,IMF4,background_dynamic_mode,54.08118915159944,277,27700,28099,138.5,140.495,139.5,stable_43deg,stable_43deg,0.0,42.68550738890712,1.0948615391820131,53.0,52.79875548804964,0.021300313304738815,0.18148133875201333,0.00045370334688003334,0.02647040940133599,0.014256948372362039
AVMD,IMF5,background_dynamic_mode,59.97479137691238,277,27700,28099,138.5,140.495,139.5,stable_43deg,stable_43deg,0.0,42.68550738890712,1.0948615391820131,58.5,61.36960432496991,0.016770068518733524,0.1124940792492069,0.00028123519812301725,0.02130807487346682,0.010410650304770397
AVMD,IMF6,background_dynamic_mode,80.04607093184978,277,27700,28099,138.5,140.495,139.5,stable_43deg,stable_43deg,0.0,42.68550738890712,1.0948615391820131,80.0,79.76887219622832,0.04686300683085114,0.87845656369136,0.0021961414092284003,0.06401476275611252,0.017344791895229025
AVMD,IMF7,background_dynamic_mode,90.29468011126563,277,27700,28099,138.5,140.495,139.5,stable_43deg,stable_43deg,0.0,42.68550738890712,1.0948615391820131,92.0,91.65167444525856,0.016447101311014466,0.10820285661390953,0.00027050714153477383,0.021412914498542747,0.009599463931038896
AVMD,IMF1,angle_position_mode,0.008692628650904,278,27800,28199,139.0,140.995,140.0,stable_43deg,stable_43deg,0.0,42.94009469514709,0.6518650366636901,,,0.1262865436224058,6.37931644003752,0.0159482911000938,0.18991489281136864,0.015251681013916652
AVMD,IMF2,background_dynamic_mode,17.793810848400554,278,27800,28199,139.0,140.995,140.0,stable_43deg,stable_43deg,0.0,42.94009469514709,0.6518650366636901,18.0,17.929120642002584,0.052027595175001225,1.0827482638775243,0.002706870659693811,0.06718819368874424,0.030246966091137608
AVMD,IMF3,background_dynamic_mode,39.90785813630041,278,27800,28199,139.0,140.995,140.0,stable_43deg,stable_43deg,0.0,42.94009469514709,0.6518650366636901,36.0,36.41442872167231,0.03318742858385191,0.4405621664033082,0.0011014054160082705,0.04089456698953706,0.023026564284233095
AVMD,IMF4,background_dynamic_mode,54.08118915159944,278,27800,28199,139.0,140.995,140.0,stable_43deg,stable_43deg,0.0,42.94009469514709,0.6518650366636901,53.5,52.813811652984484,0.01821008993380052,0.13264295015884117,0.00033160737539710293,0.022095064326600536,0.013164823297062327
AVMD,IMF5,background_dynamic_mode,59.97479137691238,278,27800,28199,139.0,140.995,140.0,stable_43deg,stable_43deg,0.0,42.94009469514709,0.6518650366636901,58.0,61.37176691373349,0.01679857299042074,0.11287682180579728,0.0002821920545144932,0.021587084799195716,0.009973410442507163
AVMD,IMF6,background_dynamic_mode,80.04607093184978,278,27800,28199,139.0,140.995,140.0,stable_43deg,stable_43deg,0.0,42.94009469514709,0.6518650366636901,80.0,79.72955794474781,0.04572666264393828,0.8363710706210161,0.0020909276765525404,0.06252476060445321,0.016889827765642754
AVMD,IMF7,background_dynamic_mode,90.29468011126563,278,27800,28199,139.0,140.995,140.0,stable_43deg,stable_43deg,0.0,42.94009469514709,0.6518650366636901,92.0,93.12235857239789,0.016203083866278955,0.10501597071106772,0.0002625399267776693,0.020822561600872987,0.009763519791102009
AVMD,IMF1,angle_position_mode,0.008692628650904,279,27900,28299,139.5,141.495,140.5,stable_43deg,stable_43deg,0.0,43.0,0.0,,,0.12641314633386147,6.392113426410511,0.015980283566026276,0.1858167664263715,0.016105051013643942
AVMD,IMF2,background_dynamic_mode,17.793810848400554,279,27900,28299,139.5,141.495,140.5,stable_43deg,stable_43deg,0.0,43.0,0.0,18.0,17.92114000022189,0.0582226082450446,1.355948844342374,0.003389872110855935,0.07659322298706481,0.030137015618897447
AVMD,IMF3,background_dynamic_mode,39.90785813630041,279,27900,28299,139.5,141.495,140.5,stable_43deg,stable_43deg,0.0,43.0,0.0,38.0,36.76046379239249,0.028164241695007045,0.3172898041019093,0.0007932245102547733,0.03675662222813094,0.015371711332734428
AVMD,IMF4,background_dynamic_mode,54.08118915159944,279,27900,28299,139.5,141.495,140.5,stable_43deg,stable_43deg,0.0,43.0,0.0,53.0,52.93879339085289,0.01685685890686331,0.11366147688235874,0.00028415369220589686,0.021287635001789002,0.010726004432044803
AVMD,IMF5,background_dynamic_mode,59.97479137691238,279,27900,28299,139.5,141.495,140.5,stable_43deg,stable_43deg,0.0,43.0,0.0,58.0,60.246497005813026,0.01785045888843335,0.1274555530110597,0.00031863888252764926,0.02317649840495581,0.009919794485312206
AVMD,IMF6,background_dynamic_mode,80.04607093184978,279,27900,28299,139.5,141.495,140.5,stable_43deg,stable_43deg,0.0,43.0,0.0,80.0,79.8380803758146,0.04848164516021053,0.940187966976226,0.002350469917440565,0.0666340382201043,0.016168916337862292
AVMD,IMF7,background_dynamic_mode,90.29468011126563,279,27900,28299,139.5,141.495,140.5,stable_43deg,stable_43deg,0.0,43.0,0.0,92.0,93.44684048279538,0.01630077604861421,0.10628611991482985,0.00026571529978707464,0.02062877735836766,0.010360135174263516
AVMD,IMF1,angle_position_mode,0.008692628650904,280,28000,28399,140.0,141.995,141.0,stable_43deg,stable_43deg,0.0,43.0,0.0,,,0.1307358978353273,6.8367499931236555,0.01709187498280914,0.1849934888330958,0.015844362445519213
AVMD,IMF2,background_dynamic_mode,17.793810848400554,280,28000,28399,140.0,141.995,141.0,stable_43deg,stable_43deg,0.0,43.0,0.0,18.0,18.21898119679602,0.06204391680398481,1.5397790449519153,0.003849447612379788,0.08189090357927979,0.03156678160032284
AVMD,IMF3,background_dynamic_mode,39.90785813630041,280,28000,28399,140.0,141.995,141.0,stable_43deg,stable_43deg,0.0,43.0,0.0,38.0,37.25632822485241,0.029037654092178927,0.33727414207081424,0.0008431853551770356,0.03758004647029154,0.016286931372073307
AVMD,IMF4,background_dynamic_mode,54.08118915159944,280,28000,28399,140.0,141.995,141.0,stable_43deg,stable_43deg,0.0,43.0,0.0,54.0,52.70799433768247,0.018629594869951357,0.13882472200740717,0.0003470618050185179,0.02416141312621619,0.01056508571801915
AVMD,IMF5,background_dynamic_mode,59.97479137691238,280,28000,28399,140.0,141.995,141.0,stable_43deg,stable_43deg,0.0,43.0,0.0,60.5,60.656364729657795,0.01824428590498561,0.13314158727314263,0.00033285396818285657,0.02365475523073024,0.01032225218052087
AVMD,IMF6,background_dynamic_mode,80.04607093184978,280,28000,28399,140.0,141.995,141.0,stable_43deg,stable_43deg,0.0,43.0,0.0,80.0,79.5986837020065,0.046440830180288016,0.86270028313374,0.00215675070783435,0.06326691091825708,0.017679491842940327
AVMD,IMF7,background_dynamic_mode,90.29468011126563,280,28000,28399,140.0,141.995,141.0,stable_43deg,stable_43deg,0.0,43.0,0.0,94.0,92.74025073250607,0.01717419135003502,0.1179811394110471,0.00029495284852761776,0.021259758194915494,0.011015444411321733
AVMD,IMF1,angle_position_mode,0.008692628650904,281,28100,28499,140.5,142.495,141.5,stable_43deg,stable_43deg,0.0,43.0,0.0,,,0.1347577836529577,7.263864102022944,0.018159660255057358,0.18288139105169712,0.018479525398071694
AVMD,IMF2,background_dynamic_mode,17.793810848400554,281,28100,28499,140.5,142.495,141.5,stable_43deg,stable_43deg,0.0,43.0,0.0,18.0,18.571329183709896,0.06782244064927799,1.8399533822499343,0.0045998834556248355,0.09067133672142237,0.030966405873127427
AVMD,IMF3,background_dynamic_mode,39.90785813630041,281,28100,28499,140.5,142.495,141.5,stable_43deg,stable_43deg,0.0,43.0,0.0,39.5,37.279195829736565,0.029641888861209602,0.35145663010412076,0.000878641575260302,0.03840100218895403,0.01666709025212364
AVMD,IMF4,background_dynamic_mode,54.08118915159944,281,28100,28499,140.5,142.495,141.5,stable_43deg,stable_43deg,0.0,43.0,0.0,53.5,52.59900327506565,0.018869741970944078,0.14242686482000338,0.00035606716205000845,0.024126499987053133,0.011398874927758134
AVMD,IMF5,background_dynamic_mode,59.97479137691238,281,28100,28499,140.5,142.495,141.5,stable_43deg,stable_43deg,0.0,43.0,0.0,60.0,61.23740838389574,0.019644052825071288,0.15435552455767648,0.00038588881139419123,0.025991446838621663,0.009750623659598752
AVMD,IMF6,background_dynamic_mode,80.04607093184978,281,28100,28499,140.5,142.495,141.5,stable_43deg,stable_43deg,0.0,43.0,0.0,80.0,79.56677238540485,0.04501337701097674,0.8104816439729318,0.0020262041099323295,0.06102292175783772,0.018003990038710452
AVMD,IMF7,background_dynamic_mode,90.29468011126563,281,28100,28499,140.5,142.495,141.5,stable_43deg,stable_43deg,0.0,43.0,0.0,92.5,93.210106777732,0.017327305633789085,0.12009420821069561,0.000300235520526739,0.022085484128980405,0.010702124055366422
AVMD,IMF1,angle_position_mode,0.008692628650904,282,28200,28599,141.0,142.995,142.0,stable_43deg,stable_43deg,0.0,43.0,0.0,,,0.1372249904435449,7.532279200892395,0.018830698002230986,0.1785987970213514,0.01988072701722343
AVMD,IMF2,background_dynamic_mode,17.793810848400554,282,28200,28599,141.0,142.995,142.0,stable_43deg,stable_43deg,0.0,43.0,0.0,18.0,18.36371667253654,0.07392063508501304,2.1857041165486644,0.005464260291371661,0.09856568997684623,0.034584698137291175
AVMD,IMF3,background_dynamic_mode,39.90785813630041,282,28200,28599,141.0,142.995,142.0,stable_43deg,stable_43deg,0.0,43.0,0.0,40.0,38.0564264544754,0.028940585402955663,0.33502299338630814,0.0008375574834657704,0.03739965236895305,0.016508415610437373
AVMD,IMF4,background_dynamic_mode,54.08118915159944,282,28200,28599,141.0,142.995,142.0,stable_43deg,stable_43deg,0.0,43.0,0.0,54.0,52.166886743351526,0.020014659823500883,0.16023464314018415,0.00040058660785046037,0.02595954165878326,0.01126001526104852
AVMD,IMF5,background_dynamic_mode,59.97479137691238,282,28200,28599,141.0,142.995,142.0,stable_43deg,stable_43deg,0.0,43.0,0.0,60.0,61.00089164287245,0.018745149043253157,0.1405522450615099,0.00035138061265377476,0.024119512346760824,0.010938581915374328
AVMD,IMF6,background_dynamic_mode,80.04607093184978,282,28200,28599,141.0,142.995,142.0,stable_43deg,stable_43deg,0.0,43.0,0.0,80.0,79.80509053057067,0.04355327563508299,0.7587551274182055,0.0018968878185455138,0.05866276775361182,0.018483785514529276
AVMD,IMF7,background_dynamic_mode,90.29468011126563,282,28200,28599,141.0,142.995,142.0,stable_43deg,stable_43deg,0.0,43.0,0.0,92.0,93.12510104278661,0.0197140581471596,0.15545763545183594,0.00038864408862958983,0.024587384151562884,0.01325845003609655
AVMD,IMF1,angle_position_mode,0.008692628650904,283,28300,28699,141.5,143.495,142.5,stable_43deg,stable_43deg,0.0,43.0,0.0,,,0.14024405659915345,7.867358164554622,0.019668395411386555,0.1775390222737687,0.0209293661899017
AVMD,IMF2,background_dynamic_mode,17.793810848400554,283,28300,28699,141.5,143.495,142.5,stable_43deg,stable_43deg,0.0,43.0,0.0,18.0,18.277818584795693,0.07161478448502301,2.0514709427345172,0.005128677356836293,0.09479514875383216,0.035458822853166226
AVMD,IMF3,background_dynamic_mode,39.90785813630041,283,28300,28699,141.5,143.495,142.5,stable_43deg,stable_43deg,0.0,43.0,0.0,38.0,37.705985249966524,0.02881521220817924,0.3321265818409608,0.0008303164546024019,0.03669303032209972,0.017733170220466474
AVMD,IMF4,background_dynamic_mode,54.08118915159944,283,28300,28699,141.5,143.495,142.5,stable_43deg,stable_43deg,0.0,43.0,0.0,54.0,52.06659898297054,0.018664951962420948,0.13935217270379263,0.0003483804317594816,0.024045065537623735,0.010903705659950889
AVMD,IMF5,background_dynamic_mode,59.97479137691238,283,28300,28699,141.5,143.495,142.5,stable_43deg,stable_43deg,0.0,43.0,0.0,60.0,62.1752070065141,0.018574046618004877,0.13799808310712736,0.00034499520776781837,0.023935038579686124,0.010874918842942345
AVMD,IMF6,background_dynamic_mode,80.04607093184978,283,28300,28699,141.5,143.495,142.5,stable_43deg,stable_43deg,0.0,43.0,0.0,80.0,79.82753517710924,0.041436261979850286,0.6867855227451145,0.0017169638068627862,0.05588567369988175,0.017503977146770978
AVMD,IMF7,background_dynamic_mode,90.29468011126563,283,28300,28699,141.5,143.495,142.5,stable_43deg,stable_43deg,0.0,43.0,0.0,91.5,92.68523068243756,0.020444223293338094,0.1671865064271472,0.00041796626606786796,0.025668644977939845,0.013459482350406053
AVMD,IMF1,angle_position_mode,0.008692628650904,284,28400,28799,142.0,143.995,143.0,stable_43deg,stable_43deg,0.0,43.0,0.0,,,0.1461265814211435,8.54119111913203,0.021352977797830075,0.17624640584498386,0.02155250036381438
AVMD,IMF2,background_dynamic_mode,17.793810848400554,284,28400,28799,142.0,143.995,143.0,stable_43deg,stable_43deg,0.0,43.0,0.0,18.0,18.38786116883704,0.06745128480937251,1.819870328974035,0.0045496758224350875,0.08760430100730446,0.037529809067595794
AVMD,IMF3,background_dynamic_mode,39.90785813630041,284,28400,28799,142.0,143.995,143.0,stable_43deg,stable_43deg,0.0,43.0,0.0,38.5,37.59236489881781,0.027997437692876055,0.31354260694659075,0.0007838565173664769,0.03592588330165881,0.01682561868028041
AVMD,IMF4,background_dynamic_mode,54.08118915159944,284,28400,28799,142.0,143.995,143.0,stable_43deg,stable_43deg,0.0,43.0,0.0,54.0,52.84494798122861,0.017808644867504348,0.12685913280675556,0.0003171478320168889,0.023101215251067328,0.009982558694524071
AVMD,IMF5,background_dynamic_mode,59.97479137691238,284,28400,28799,142.0,143.995,143.0,stable_43deg,stable_43deg,0.0,43.0,0.0,61.0,62.87378432513853,0.018719885878452885,0.14017365092091988,0.0003504341273022997,0.024504518830726657,0.009997514757296938
AVMD,IMF6,background_dynamic_mode,80.04607093184978,284,28400,28799,142.0,143.995,143.0,stable_43deg,stable_43deg,0.0,43.0,0.0,80.0,79.86537854479737,0.04396087080867061,0.7730232649026509,0.0019325581622566274,0.05953482674145968,0.01770172433768215
AVMD,IMF7,background_dynamic_mode,90.29468011126563,284,28400,28799,142.0,143.995,143.0,stable_43deg,stable_43deg,0.0,43.0,0.0,92.5,92.6083596901408,0.02158849721651865,0.1864252848270534,0.0004660632120676335,0.027107562208958075,0.014214483601655928
AVMD,IMF1,angle_position_mode,0.008692628650904,285,28500,28899,142.5,144.495,143.5,stable_43deg,stable_43deg,0.0,43.0,0.0,,,0.14803155093450954,8.765336028830516,0.02191334007207629,0.17320035134261008,0.020495709220572356
AVMD,IMF2,background_dynamic_mode,17.793810848400554,285,28500,28899,142.5,144.495,143.5,stable_43deg,stable_43deg,0.0,43.0,0.0,18.5,18.411078984812843,0.06864144826506281,1.884659367970118,0.004711648419925295,0.08765030652722805,0.04176569706043343
AVMD,IMF3,background_dynamic_mode,39.90785813630041,285,28500,28899,142.5,144.495,143.5,stable_43deg,stable_43deg,0.0,43.0,0.0,40.0,38.3342620740916,0.02606039640300657,0.2716577042727351,0.0006791442606818378,0.03357688015170902,0.01530548633786018
AVMD,IMF4,background_dynamic_mode,54.08118915159944,285,28500,28899,142.5,144.495,143.5,stable_43deg,stable_43deg,0.0,43.0,0.0,54.0,52.64562528001207,0.017813622862198692,0.1269300637906592,0.00031732515947664795,0.02331216121174405,0.00961487766668844
AVMD,IMF5,background_dynamic_mode,59.97479137691238,285,28500,28899,142.5,144.495,143.5,stable_43deg,stable_43deg,0.0,43.0,0.0,60.0,61.21583501433633,0.017936889191245843,0.12869279754361276,0.0003217319938590319,0.023635551854091122,0.009265685414918807
AVMD,IMF6,background_dynamic_mode,80.04607093184978,285,28500,28899,142.5,144.495,143.5,stable_43deg,stable_43deg,0.0,43.0,0.0,80.0,79.8663024786188,0.045648494991651835,0.8335140380011451,0.0020837850950028627,0.062330201652636974,0.016474138428175827
AVMD,IMF7,background_dynamic_mode,90.29468011126563,285,28500,28899,142.5,144.495,143.5,stable_43deg,stable_43deg,0.0,43.0,0.0,92.5,92.51157825863095,0.021907336170241792,0.19197255123039375,0.0004799313780759844,0.027903700271609714,0.013526208120347924
AVMD,IMF1,angle_position_mode,0.008692628650904,286,28600,28999,143.0,144.995,144.0,stable_43deg,stable_43deg,0.0,43.0,0.0,,,0.14736944229195081,8.68710100857625,0.021717752521440623,0.16685240716476152,0.020338705509526697
AVMD,IMF2,background_dynamic_mode,17.793810848400554,286,28600,28999,143.0,144.995,144.0,stable_43deg,stable_43deg,0.0,43.0,0.0,18.5,18.67972771137057,0.060878274978613235,1.4824657457486585,0.003706164364371646,0.07639240016398091,0.03978183449225821
AVMD,IMF3,background_dynamic_mode,39.90785813630041,286,28600,28999,143.0,144.995,144.0,stable_43deg,stable_43deg,0.0,43.0,0.0,40.0,38.45485330037852,0.02682454776127929,0.2878225450388615,0.0007195563625971538,0.03463746267067146,0.01559171546893217
AVMD,IMF4,background_dynamic_mode,54.08118915159944,286,28600,28999,143.0,144.995,144.0,stable_43deg,stable_43deg,0.0,43.0,0.0,54.0,52.85445215433373,0.01779106228094197,0.12660875883374248,0.0003165218970843562,0.023344469309606434,0.009480130934398551
AVMD,IMF5,background_dynamic_mode,59.97479137691238,286,28600,28999,143.0,144.995,144.0,stable_43deg,stable_43deg,0.0,43.0,0.0,60.0,60.2163308702431,0.019431269532439448,0.1510296942569238,0.0003775742356423095,0.0258528274500482,0.009388061485364925
AVMD,IMF6,background_dynamic_mode,80.04607093184978,286,28600,28999,143.0,144.995,144.0,stable_43deg,stable_43deg,0.0,43.0,0.0,80.0,79.85365691841828,0.04863033162880408,0.945963661730985,0.0023649091543274624,0.06658490011362167,0.01664325651434202
AVMD,IMF7,background_dynamic_mode,90.29468011126563,286,28600,28999,143.0,144.995,144.0,stable_43deg,stable_43deg,0.0,43.0,0.0,92.0,91.9802918347974,0.020498392080032936,0.16807363114670276,0.0004201840778667569,0.025940086435430058,0.01266321779467929
AVMD,IMF1,angle_position_mode,0.008692628650904,287,28700,29099,143.5,145.495,144.5,stable_43deg,stable_43deg,0.0,43.0,0.0,,,0.14391454310143761,8.284558286438216,0.02071139571609554,0.15860730898688988,0.022793115931899817
AVMD,IMF2,background_dynamic_mode,17.793810848400554,287,28700,29099,143.5,145.495,144.5,stable_43deg,stable_43deg,0.0,43.0,0.0,18.5,18.690597461942236,0.05811049187484889,1.3507317063747515,0.003376829265936879,0.07003530691373357,0.042446538704944095
AVMD,IMF3,background_dynamic_mode,39.90785813630041,287,28700,29099,143.5,145.495,144.5,stable_43deg,stable_43deg,0.0,43.0,0.0,38.5,37.60080970066608,0.0295805074384854,0.350002568127316,0.00087500642031829,0.03799838812767828,0.017296995726585034
AVMD,IMF4,background_dynamic_mode,54.08118915159944,287,28700,29099,143.5,145.495,144.5,stable_43deg,stable_43deg,0.0,43.0,0.0,54.0,52.53898286272555,0.018529556747364256,0.1373377893015169,0.00034334447325379226,0.024012821353109278,0.010471733265418705
AVMD,IMF5,background_dynamic_mode,59.97479137691238,287,28700,29099,143.5,145.495,144.5,stable_43deg,stable_43deg,0.0,43.0,0.0,60.0,60.86860296094735,0.019288021975968943,0.14881111669818436,0.0003720277917454609,0.02543499820561303,0.009884839049117935
AVMD,IMF6,background_dynamic_mode,80.04607093184978,287,28700,29099,143.5,145.495,144.5,stable_43deg,stable_43deg,0.0,43.0,0.0,80.0,79.840599084225,0.05057935342945706,1.0233083973367718,0.0025582709933419296,0.07009539305676787,0.01420506337326371
AVMD,IMF7,background_dynamic_mode,90.29468011126563,287,28700,29099,143.5,145.495,144.5,stable_43deg,stable_43deg,0.0,43.0,0.0,92.5,91.97334164389258,0.01908935479608411,0.1457613866123118,0.0003644034665307795,0.023839018034547944,0.013210517407658776
AVMD,IMF1,angle_position_mode,0.008692628650904,288,28800,29199,144.0,145.995,145.0,stable_43deg,stable_43deg,0.0,43.0,0.0,,,0.137905781180973,7.60720179325376,0.019018004483134402,0.1504067203590751,0.022660233599884193
AVMD,IMF2,background_dynamic_mode,17.793810848400554,288,28800,29199,144.0,145.995,145.0,stable_43deg,stable_43deg,0.0,43.0,0.0,18.5,18.448507556284767,0.06472666222207299,1.6758163209641324,0.004189540802410331,0.07999553803421983,0.04424442303699503
AVMD,IMF3,background_dynamic_mode,39.90785813630041,288,28800,29199,144.0,145.995,145.0,stable_43deg,stable_43deg,0.0,43.0,0.0,38.5,37.61975480041767,0.030395484601776723,0.3695541936707384,0.0009238854841768459,0.03954988722897852,0.01684705736044666
AVMD,IMF4,background_dynamic_mode,54.08118915159944,288,28800,29199,144.0,145.995,145.0,stable_43deg,stable_43deg,0.0,43.0,0.0,52.0,51.86187875866491,0.019279256126318502,0.14867588671367582,0.00037168971678418954,0.024889838186023555,0.01112255119658457
AVMD,IMF5,background_dynamic_mode,59.97479137691238,288,28800,29199,144.0,145.995,145.0,stable_43deg,stable_43deg,0.0,43.0,0.0,59.5,60.95239708314529,0.018868988521473437,0.14241549112939855,0.0003560387278234964,0.024425068805881384,0.010898189967513105
AVMD,IMF6,background_dynamic_mode,80.04607093184978,288,28800,29199,144.0,145.995,145.0,stable_43deg,stable_43deg,0.0,43.0,0.0,80.0,79.91481056704431,0.048574703650235924,0.9438007338832973,0.0023595018347082435,0.0670466088168161,0.01496444951761722
AVMD,IMF7,background_dynamic_mode,90.29468011126563,288,28800,29199,144.0,145.995,145.0,stable_43deg,stable_43deg,0.0,43.0,0.0,92.5,92.27195714848246,0.018084014019026307,0.130812625216136,0.00032703156304034,0.022685870178607622,0.01180992212223016
AVMD,IMF1,angle_position_mode,0.008692628650904,289,28900,29299,144.5,146.495,145.5,stable_43deg,stable_43deg,0.0,43.0,0.0,,,0.13056514299229338,6.818902625839208,0.017047256564598018,0.14302355102676567,0.02213234926557042
AVMD,IMF2,background_dynamic_mode,17.793810848400554,289,28900,29299,144.5,146.495,145.5,stable_43deg,stable_43deg,0.0,43.0,0.0,18.0,18.029898597349266,0.06267933712520349,1.5714797209819646,0.003928699302454912,0.07932032561424313,0.039474107588867706
AVMD,IMF3,background_dynamic_mode,39.90785813630041,289,28900,29299,144.5,146.495,145.5,stable_43deg,stable_43deg,0.0,43.0,0.0,39.0,38.43473072940228,0.03139764109701541,0.3943247465827963,0.0009858118664569909,0.041345680688592595,0.016114510573341533
AVMD,IMF4,background_dynamic_mode,54.08118915159944,289,28900,29299,144.5,146.495,145.5,stable_43deg,stable_43deg,0.0,43.0,0.0,53.5,51.995766860823636,0.01997330208313086,0.15957311844159983,0.00039893279610399957,0.025859063949183244,0.01123733167277512
AVMD,IMF5,background_dynamic_mode,59.97479137691238,289,28900,29299,144.5,146.495,145.5,stable_43deg,stable_43deg,0.0,43.0,0.0,60.0,61.79100300545651,0.020121058677995143,0.16194280092932944,0.0004048570023233236,0.026148842828276522,0.011163119780552634
AVMD,IMF6,background_dynamic_mode,80.04607093184978,289,28900,29299,144.5,146.495,145.5,stable_43deg,stable_43deg,0.0,43.0,0.0,80.0,79.96155354933245,0.048792319841236984,0.9522761901958273,0.0023806904754895683,0.06637153815544261,0.01921280012414999
AVMD,IMF7,background_dynamic_mode,90.29468011126563,289,28900,29299,144.5,146.495,145.5,stable_43deg,stable_43deg,0.0,43.0,0.0,92.5,92.66258566677197,0.01758974411284811,0.1237596391821899,0.00030939909795547476,0.02178572209551677,0.01206695675491335
AVMD,IMF1,angle_position_mode,0.008692628650904,290,29000,29399,145.0,146.995,146.0,stable_43deg,stable_43deg,0.0,43.0,0.0,,,0.12755969199552064,6.508590008796835,0.01627147502199209,0.14049666651649365,0.02271789056379967
AVMD,IMF2,background_dynamic_mode,17.793810848400554,290,29000,29399,145.0,146.995,146.0,stable_43deg,stable_43deg,0.0,43.0,0.0,18.0,18.00804063207358,0.0610273243375564,1.4897337263205217,0.003724334315801304,0.07790586996378815,0.03712586933185553
AVMD,IMF3,background_dynamic_mode,39.90785813630041,290,29000,29399,145.0,146.995,146.0,stable_43deg,stable_43deg,0.0,43.0,0.0,39.0,37.899719403777794,0.03268790632827303,0.42739968805038087,0.001068499220125952,0.04240155368399354,0.01841776313287818
AVMD,IMF4,background_dynamic_mode,54.08118915159944,290,29000,29399,145.0,146.995,146.0,stable_43deg,stable_43deg,0.0,43.0,0.0,53.5,52.660777722955196,0.019090995414946948,0.14578644237341015,0.0003644661059335254,0.024372605249050654,0.011543823759497042
AVMD,IMF5,background_dynamic_mode,59.97479137691238,290,29000,29399,145.0,146.995,146.0,stable_43deg,stable_43deg,0.0,43.0,0.0,60.0,62.073867438545996,0.018891272020625877,0.14275206342291286,0.0003568801585572821,0.02483437027883836,0.009805447516614193
AVMD,IMF6,background_dynamic_mode,80.04607093184978,290,29000,29399,145.0,146.995,146.0,stable_43deg,stable_43deg,0.0,43.0,0.0,80.0,79.77153208464046,0.047521858226180325,0.9033308037076729,0.0022583270092691823,0.06493874167552413,0.017792134744865285
AVMD,IMF7,background_dynamic_mode,90.29468011126563,290,29000,29399,145.0,146.995,146.0,stable_43deg,stable_43deg,0.0,43.0,0.0,93.0,92.20102167226646,0.01795384079446598,0.12893615970921235,0.0003223403992730309,0.02265004506718242,0.01148951190683139
AVMD,IMF1,angle_position_mode,0.008692628650904,291,29100,29499,145.5,147.495,146.5,stable_43deg,stable_43deg,0.0,43.0,0.0,,,0.12957548761751428,6.715922796526638,0.016789806991316596,0.14126639687589318,0.02280070799332087
AVMD,IMF2,background_dynamic_mode,17.793810848400554,291,29100,29499,145.5,147.495,146.5,stable_43deg,stable_43deg,0.0,43.0,0.0,17.5,17.884151571715847,0.06358798447992994,1.6173727080879243,0.004043431770219811,0.08335723125907091,0.03426670018150153
AVMD,IMF3,background_dynamic_mode,39.90785813630041,291,29100,29499,145.5,147.495,146.5,stable_43deg,stable_43deg,0.0,43.0,0.0,37.5,36.903029431027626,0.030552767599845605,0.37338864320407017,0.0009334716080101755,0.03964765479788813,0.01745167690371252
AVMD,IMF4,background_dynamic_mode,54.08118915159944,291,29100,29499,145.5,147.495,146.5,stable_43deg,stable_43deg,0.0,43.0,0.0,54.0,52.10997235369936,0.018298572045216458,0.13393509555759087,0.0003348377388939772,0.023036920296914395,0.011772467986522457
AVMD,IMF5,background_dynamic_mode,59.97479137691238,291,29100,29499,145.5,147.495,146.5,stable_43deg,stable_43deg,0.0,43.0,0.0,60.0,62.47201562355528,0.018555926319015696,0.13772896062269577,0.0003443224015567394,0.024406146847288267,0.009631238472773498
AVMD,IMF6,background_dynamic_mode,80.04607093184978,291,29100,29499,145.5,147.495,146.5,stable_43deg,stable_43deg,0.0,43.0,0.0,80.0,79.6162479054582,0.048966336085452616,0.9590808278533997,0.0023977020696334993,0.06675684747357716,0.018556848196027893
AVMD,IMF7,background_dynamic_mode,90.29468011126563,291,29100,29499,145.5,147.495,146.5,stable_43deg,stable_43deg,0.0,43.0,0.0,92.0,92.49678709432014,0.01869385523424035,0.13978408940749415,0.00034946022351873537,0.023971763383965693,0.010315180237799523
AVMD,IMF1,angle_position_mode,0.008692628650904,292,29200,29599,146.0,147.995,147.0,stable_43deg,stable_43deg,0.0,43.0,0.0,,,0.1276435144876676,6.51714671630536,0.016292866790763402,0.13854361483085756,0.019475647557800006
AVMD,IMF2,background_dynamic_mode,17.793810848400554,292,29200,29599,146.0,147.995,147.0,stable_43deg,stable_43deg,0.0,43.0,0.0,17.0,17.72025717290589,0.06401746892905491,1.6392945312330043,0.004098236328082511,0.08347479004631478,0.03532316150947872
AVMD,IMF3,background_dynamic_mode,39.90785813630041,292,29200,29599,146.0,147.995,147.0,stable_43deg,stable_43deg,0.0,43.0,0.0,39.5,37.416098905489825,0.03011218081789095,0.3626973734437439,0.0009067434336093598,0.039393873920174426,0.016173141620074816
AVMD,IMF4,background_dynamic_mode,54.08118915159944,292,29200,29599,146.0,147.995,147.0,stable_43deg,stable_43deg,0.0,43.0,0.0,53.0,52.116026844609195,0.017708974028742656,0.1254431044602728,0.00031360776115068196,0.022421020155950287,0.011118880381926788
AVMD,IMF5,background_dynamic_mode,59.97479137691238,292,29200,29599,146.0,147.995,147.0,stable_43deg,stable_43deg,0.0,43.0,0.0,60.0,61.207886435495546,0.01965889990138633,0.154588938133091,0.0003864723453327275,0.02604869862476391,0.009603099125459962
AVMD,IMF6,background_dynamic_mode,80.04607093184978,292,29200,29599,146.0,147.995,147.0,stable_43deg,stable_43deg,0.0,43.0,0.0,80.0,79.74184598877461,0.05220719204114919,1.0902363603285725,0.0027255909008214313,0.07192489353492394,0.01713497259606966
AVMD,IMF7,background_dynamic_mode,90.29468011126563,292,29200,29599,146.0,147.995,147.0,stable_43deg,stable_43deg,0.0,43.0,0.0,91.5,92.04962688489604,0.01698992421150299,0.11546300988504617,0.0002886575247126154,0.021893364777543365,0.009717029313761665
AVMD,IMF1,angle_position_mode,0.008692628650904,293,29300,29699,146.5,148.495,147.5,stable_43deg,stable_43deg,0.0,43.0,0.0,,,0.1300711636510827,6.767403045418694,0.016918507613546737,0.13949338133502928,0.019245524881134884
AVMD,IMF2,background_dynamic_mode,17.793810848400554,293,29300,29699,146.5,148.495,147.5,stable_43deg,stable_43deg,0.0,43.0,0.0,17.0,17.504625982041148,0.06167045896379308,1.5212982035219542,0.0038032455088048856,0.08048789729563169,0.03369840405337618
AVMD,IMF3,background_dynamic_mode,39.90785813630041,293,29300,29699,146.5,148.495,147.5,stable_43deg,stable_43deg,0.0,43.0,0.0,39.5,37.77260772144747,0.031233390690360307,0.39020987760667436,0.0009755246940166859,0.04046264954263221,0.017644011107529483
AVMD,IMF4,background_dynamic_mode,54.08118915159944,293,29300,29699,146.5,148.495,147.5,stable_43deg,stable_43deg,0.0,43.0,0.0,55.5,52.92099270903862,0.015108650320515732,0.09130852580304805,0.0002282713145076201,0.01907640529312142,0.00976353047193362
AVMD,IMF5,background_dynamic_mode,59.97479137691238,293,29300,29699,146.5,148.495,147.5,stable_43deg,stable_43deg,0.0,43.0,0.0,60.0,60.689877599041075,0.02015048710685919,0.1624168522574794,0.0004060421306436985,0.026497657286459253,0.010612167969061927
AVMD,IMF6,background_dynamic_mode,80.04607093184978,293,29300,29699,146.5,148.495,147.5,stable_43deg,stable_43deg,0.0,43.0,0.0,80.0,79.82351559110343,0.05317178193485662,1.1308953576511778,0.0028272383941279444,0.07429420516832172,0.012095646342279645
AVMD,IMF7,background_dynamic_mode,90.29468011126563,293,29300,29699,146.5,148.495,147.5,stable_43deg,stable_43deg,0.0,43.0,0.0,91.5,91.34209907731491,0.018533807815524588,0.13740081285712014,0.00034350203214280034,0.02385456286937785,0.010788778012177546
AVMD,IMF1,angle_position_mode,0.008692628650904,294,29400,29799,147.0,148.995,148.0,stable_43deg,stable_43deg,0.0,43.0,0.0,,,0.12866708108042643,6.62208710150281,0.016555217753757026,0.13732549630742338,0.021399315218399134
AVMD,IMF2,background_dynamic_mode,17.793810848400554,294,29400,29799,147.0,148.995,148.0,stable_43deg,stable_43deg,0.0,43.0,0.0,17.5,17.650581072361803,0.06196060588565051,1.5356466726867635,0.0038391166817169087,0.07976762008028684,0.03634550986377593
AVMD,IMF3,background_dynamic_mode,39.90785813630041,294,29400,29799,147.0,148.995,148.0,stable_43deg,stable_43deg,0.0,43.0,0.0,37.5,36.955944665822145,0.02909603913396631,0.3386317973141196,0.000846579493285299,0.03797489803049039,0.01583488110325041
AVMD,IMF4,background_dynamic_mode,54.08118915159944,294,29400,29799,147.0,148.995,148.0,stable_43deg,stable_43deg,0.0,43.0,0.0,55.0,53.177494534023594,0.018758498916622124,0.14075251264196537,0.0003518812816049134,0.0220246955774963,0.0147944729657997
AVMD,IMF5,background_dynamic_mode,59.97479137691238,294,29400,29799,147.0,148.995,148.0,stable_43deg,stable_43deg,0.0,43.0,0.0,60.0,60.06309397792924,0.02139291930824103,0.18306279861156477,0.00045765699652891193,0.028231237852255623,0.01085037733184436
AVMD,IMF6,background_dynamic_mode,80.04607093184978,294,29400,29799,147.0,148.995,148.0,stable_43deg,stable_43deg,0.0,43.0,0.0,80.0,79.89060757088858,0.05324127077245187,1.1338531653862152,0.0028346329134655377,0.07426963971702882,0.01270476039237578
AVMD,IMF7,background_dynamic_mode,90.29468011126563,294,29400,29799,147.0,148.995,148.0,stable_43deg,stable_43deg,0.0,43.0,0.0,91.5,91.15935383625046,0.01808817318808234,0.13087280371282434,0.0003271820092820608,0.023055181186382022,0.011596041058610814
AVMD,IMF1,angle_position_mode,0.008692628650904,295,29500,29899,147.5,149.495,148.5,stable_43deg,stable_43deg,0.0,43.0,0.0,,,0.12888145635836118,6.644171917220864,0.016610429793052158,0.1367833123275841,0.022261552872242296
AVMD,IMF2,background_dynamic_mode,17.793810848400554,295,29500,29899,147.5,149.495,148.5,stable_43deg,stable_43deg,0.0,43.0,0.0,17.0,17.722029331490145,0.07891089696363754,2.490771863842328,0.00622692965960582,0.09917608269129811,0.05054919074619385
AVMD,IMF3,background_dynamic_mode,39.90785813630041,295,29500,29899,147.5,149.495,148.5,stable_43deg,stable_43deg,0.0,43.0,0.0,37.5,37.283102111787876,0.031106448459081153,0.3870444542949889,0.0009676111357374722,0.039291920430826056,0.019766304217049946
AVMD,IMF4,background_dynamic_mode,54.08118915159944,295,29500,29899,147.5,149.495,148.5,stable_43deg,stable_43deg,0.0,43.0,0.0,54.5,53.88325031053036,0.019433091963423143,0.15105802530354445,0.0003776450632588611,0.023460993591442377,0.014551098402945724
AVMD,IMF5,background_dynamic_mode,59.97479137691238,295,29500,29899,147.5,149.495,148.5,stable_43deg,stable_43deg,0.0,43.0,0.0,60.0,60.43120381992045,0.021951065764190158,0.19273971527352052,0.00048184928818380127,0.02890856743668734,0.011504289780216784
AVMD,IMF6,background_dynamic_mode,80.04607093184978,295,29500,29899,147.5,149.495,148.5,stable_43deg,stable_43deg,0.0,43.0,0.0,80.0,79.91397927301797,0.050941912033164734,1.0380313606378775,0.002595078401594694,0.07040060775611517,0.01526296288260267
AVMD,IMF7,background_dynamic_mode,90.29468011126563,295,29500,29899,147.5,149.495,148.5,stable_43deg,stable_43deg,0.0,43.0,0.0,92.0,91.53811652112579,0.019000208408856255,0.1444031678319888,0.000361007919579972,0.023924550080694145,0.01217839650674569
AVMD,IMF1,angle_position_mode,0.008692628650904,296,29600,29999,148.0,149.995,149.0,stable_43deg,stable_43deg,0.0,43.0,0.0,,,0.13374518170854835,7.155109452101045,0.017887773630252613,0.1411457945542814,0.024520319093917168
AVMD,IMF2,background_dynamic_mode,17.793810848400554,296,29600,29999,148.0,149.995,149.0,stable_43deg,stable_43deg,0.0,43.0,0.0,17.5,18.033989766180277,0.09939030553636452,3.9513731338447564,0.009878432834611891,0.12380429975918891,0.0660099510523952
AVMD,IMF3,background_dynamic_mode,39.90785813630041,296,29600,29999,148.0,149.995,149.0,stable_43deg,stable_43deg,0.0,43.0,0.0,37.5,37.38493502717511,0.03579772891656832,0.5125909582336448,0.001281477395584112,0.042034800392760766,0.0283080572935121
AVMD,IMF4,background_dynamic_mode,54.08118915159944,296,29600,29999,148.0,149.995,149.0,stable_43deg,stable_43deg,0.0,43.0,0.0,52.5,52.19815203564372,0.02212650518923166,0.1958328927556382,0.0004895822318890955,0.02586415981803396,0.017643272267401356
AVMD,IMF5,background_dynamic_mode,59.97479137691238,296,29600,29999,148.0,149.995,149.0,stable_43deg,stable_43deg,0.0,43.0,0.0,60.0,61.31243428225195,0.02387411709740272,0.22798938687219877,0.000569973467180497,0.031214121351617607,0.012719966245588054
AVMD,IMF6,background_dynamic_mode,80.04607093184978,296,29600,29999,148.0,149.995,149.0,stable_43deg,stable_43deg,0.0,43.0,0.0,80.0,79.8523107652256,0.047487957833234035,0.9020424556684054,0.0022551061391710135,0.06350325583266185,0.02159007435797732
AVMD,IMF7,background_dynamic_mode,90.29468011126563,296,29600,29999,148.0,149.995,149.0,stable_43deg,stable_43deg,0.0,43.0,0.0,91.5,92.34331041738484,0.01954973006931368,0.152876778313211,0.0003821919457830275,0.02491626744603557,0.011977219248837956
AVMD,IMF1,angle_position_mode,0.008692628650904,297,29700,30099,148.5,150.495,149.5,stable_43deg,stable_43deg,0.0,43.0,0.0,,,0.13765715535250883,7.579796967897899,0.018949492419744748,0.14369503606905734,0.02786322933859353
AVMD,IMF2,background_dynamic_mode,17.793810848400554,297,29700,30099,148.5,150.495,149.5,stable_43deg,stable_43deg,0.0,43.0,0.0,17.5,17.907302445135283,0.11633577195656888,5.413604734692319,0.013534011836730798,0.15032811519970216,0.06720806094505705
AVMD,IMF3,background_dynamic_mode,39.90785813630041,297,29700,30099,148.5,150.495,149.5,stable_43deg,stable_43deg,0.0,43.0,0.0,37.5,37.621040011830985,0.037715062215917,0.5689703671801961,0.0014224259179504903,0.04400216888727049,0.03014444591305519
AVMD,IMF4,background_dynamic_mode,54.08118915159944,297,29700,30099,148.5,150.495,149.5,stable_43deg,stable_43deg,0.0,43.0,0.0,50.0,50.82483391643312,0.025756537692415385,0.2653596935603258,0.0006633992339008145,0.031104653606848068,0.018853700380435778
AVMD,IMF5,background_dynamic_mode,59.97479137691238,297,29700,30099,148.5,150.495,149.5,stable_43deg,stable_43deg,0.0,43.0,0.0,60.0,60.99177808629223,0.02515735376844193,0.2531569794522157,0.0006328924486305393,0.03230776789283255,0.014862857161427117
AVMD,IMF6,background_dynamic_mode,80.04607093184978,297,29700,30099,148.5,150.495,149.5,stable_43deg,stable_43deg,0.0,43.0,0.0,80.0,80.12528052061785,0.04362322939827256,0.7611944572537245,0.0019029861431343112,0.056883173822914544,0.023794792930361075
AVMD,IMF7,background_dynamic_mode,90.29468011126563,297,29700,30099,148.5,150.495,149.5,stable_43deg,stable_43deg,0.0,43.0,0.0,91.5,92.11656552094604,0.019141693549671577,0.14656177277981539,0.00036640443194953844,0.02411583565650601,0.012339979681262027
AVMD,IMF1,angle_position_mode,0.008692628650904,298,29800,30199,149.0,150.995,150.0,stable_43deg,stable_43deg,0.0,43.0,0.0,,,0.14013101856147311,7.854680945230369,0.019636702363075922,0.14442867942773258,0.026238122353235742
AVMD,IMF2,background_dynamic_mode,17.793810848400554,298,29800,30199,149.0,150.995,150.0,stable_43deg,stable_43deg,0.0,43.0,0.0,17.5,17.842804090012233,0.11831314885056046,5.59920047637395,0.013998001190934875,0.15733413418764006,0.057020748163404196
AVMD,IMF3,background_dynamic_mode,39.90785813630041,298,29800,30199,149.0,150.995,150.0,stable_43deg,stable_43deg,0.0,43.0,0.0,37.5,37.343209848297484,0.038236387484550105,0.584808531147464,0.00146202132786866,0.04509183439574471,0.029875721429606705
AVMD,IMF4,background_dynamic_mode,54.08118915159944,298,29800,30199,149.0,150.995,150.0,stable_43deg,stable_43deg,0.0,43.0,0.0,54.0,52.52493146293979,0.025245440421385754,0.25493290482789505,0.0006373322620697377,0.03098473120675306,0.017760628272077934
AVMD,IMF5,background_dynamic_mode,59.97479137691238,298,29800,30199,149.0,150.995,150.0,stable_43deg,stable_43deg,0.0,43.0,0.0,60.0,61.9808824486313,0.02503989485005567,0.25079853364073784,0.0006269963341018446,0.03200821558207971,0.015174736817782256
AVMD,IMF6,background_dynamic_mode,80.04607093184978,298,29800,30199,149.0,150.995,150.0,stable_43deg,stable_43deg,0.0,43.0,0.0,80.0,79.91813580573131,0.04268827902463024,0.7289156664338743,0.0018222891660846857,0.05547973168060805,0.02387877512782578
AVMD,IMF7,background_dynamic_mode,90.29468011126563,298,29800,30199,149.0,150.995,150.0,stable_43deg,stable_43deg,0.0,43.0,0.0,91.5,91.73903353221252,0.018263678483357675,0.13342478069738484,0.0003335619517434621,0.022599054313085204,0.011778423923342546
AVMD,IMF1,angle_position_mode,0.008692628650904,299,29900,30299,149.5,151.495,150.5,stable_43deg,stable_43deg,0.0,42.99390123397471,0.10570546777991331,,,0.13373961043650323,7.154513359883056,0.01788628339970764,0.13525501676034743,0.029138384443341697
AVMD,IMF2,background_dynamic_mode,17.793810848400554,299,29900,30299,149.5,151.495,150.5,stable_43deg,stable_43deg,0.0,42.99390123397471,0.10570546777991331,17.5,17.904318220240324,0.11013035546707582,4.851478078121791,0.012128695195304478,0.1425891895698211,0.06353848673199068
AVMD,IMF3,background_dynamic_mode,39.90785813630041,299,29900,30299,149.5,151.495,150.5,stable_43deg,stable_43deg,0.0,42.99390123397471,0.10570546777991331,38.0,37.55018481034433,0.03709432629086075,0.5503956171891371,0.0013759890429728427,0.04458362802197989,0.027599267989636547
AVMD,IMF4,background_dynamic_mode,54.08118915159944,299,29900,30299,149.5,151.495,150.5,stable_43deg,stable_43deg,0.0,42.99390123397471,0.10570546777991331,54.0,52.75206208609553,0.02445403645914134,0.23919995965800558,0.000597999899145014,0.028859210032178607,0.018888594715060505
AVMD,IMF5,background_dynamic_mode,59.97479137691238,299,29900,30299,149.5,151.495,150.5,stable_43deg,stable_43deg,0.0,42.99390123397471,0.10570546777991331,60.0,61.69490793198441,0.026050768857860836,0.27145702323427684,0.000678642558085692,0.03356492596974402,0.015024488905449643
AVMD,IMF6,background_dynamic_mode,80.04607093184978,299,29900,30299,149.5,151.495,150.5,stable_43deg,stable_43deg,0.0,42.99390123397471,0.10570546777991331,80.0,79.75431681542683,0.04178387833216611,0.6983569953909043,0.0017458924884772608,0.05474697193758327,0.022464306469095828
AVMD,IMF7,background_dynamic_mode,90.29468011126563,299,29900,30299,149.5,151.495,150.5,stable_43deg,stable_43deg,0.0,42.99390123397471,0.10570546777991331,90.5,91.66470065974134,0.01925127219111928,0.14824459239062499,0.00037061148097656247,0.023908918780182663,0.013359606902610111
AVMD,IMF1,angle_position_mode,0.008692628650904,300,30000,30399,150.0,151.995,151.0,stable_43deg,stable_43deg,0.0,42.954707673816216,0.18544226983875858,,,0.12701913176873655,6.4535439341134655,0.016133859835283662,0.12849927153507132,0.026140354364851032
AVMD,IMF2,background_dynamic_mode,17.793810848400554,300,30000,30399,150.0,151.995,151.0,stable_43deg,stable_43deg,0.0,42.954707673816216,0.18544226983875858,18.0,18.167450963669033,0.1059934913821121,4.493848086147949,0.011234620215369872,0.13677346448189995,0.062008836533769124
AVMD,IMF3,background_dynamic_mode,39.90785813630041,300,30000,30399,150.0,151.995,151.0,stable_43deg,stable_43deg,0.0,42.954707673816216,0.18544226983875858,38.0,37.5896201133302,0.03286983528275083,0.4321704286060686,0.0010804260715151714,0.04217207034441535,0.019488318106174896
AVMD,IMF4,background_dynamic_mode,54.08118915159944,300,30000,30399,150.0,151.995,151.0,stable_43deg,stable_43deg,0.0,42.954707673816216,0.18544226983875858,53.5,52.181872784828585,0.02290168851691471,0.20979493477031325,0.0005244873369257831,0.02761327023015516,0.01693628264610501
AVMD,IMF5,background_dynamic_mode,59.97479137691238,300,30000,30399,150.0,151.995,151.0,stable_43deg,stable_43deg,0.0,42.954707673816216,0.18544226983875858,60.0,60.74539466945867,0.023905101243175023,0.22858154617857923,0.0005714538654464481,0.029696407346495902,0.016246724159021775
AVMD,IMF6,background_dynamic_mode,80.04607093184978,300,30000,30399,150.0,151.995,151.0,stable_43deg,stable_43deg,0.0,42.954707673816216,0.18544226983875858,80.0,79.83835030695015,0.043222998278799565,0.7472910320836441,0.0018682275802091102,0.0573285552428422,0.021377297504803734
AVMD,IMF7,background_dynamic_mode,90.29468011126563,300,30000,30399,150.0,151.995,151.0,stable_43deg,stable_43deg,0.0,42.954707673816216,0.18544226983875858,92.0,92.01973998163966,0.021605132730577868,0.18671270412235486,0.00046678176030588714,0.026911606371837423,0.014604681995998667
AVMD,IMF1,angle_position_mode,0.008692628650904,301,30100,30499,150.5,152.495,151.5,stable_43deg,stable_43deg,0.0,42.87517914738277,0.2515583646678166,,,0.12458704414900859,6.208772627914806,0.015521931569787015,0.12595593151473786,0.025418547548717262
AVMD,IMF2,background_dynamic_mode,17.793810848400554,301,30100,30499,150.5,152.495,151.5,stable_43deg,stable_43deg,0.0,42.87517914738277,0.2515583646678166,18.0,17.824007595232665,0.09873414913696718,3.8993728823203506,0.009748432205800876,0.127087920547125,0.05748707315599582
AVMD,IMF3,background_dynamic_mode,39.90785813630041,301,30100,30499,150.5,152.495,151.5,stable_43deg,stable_43deg,0.0,42.87517914738277,0.2515583646678166,38.0,37.04310566807337,0.030466536390159584,0.3712839358451673,0.0009282098396129182,0.04006752800611259,0.015817895957867468
AVMD,IMF4,background_dynamic_mode,54.08118915159944,301,30100,30499,150.5,152.495,151.5,stable_43deg,stable_43deg,0.0,42.87517914738277,0.2515583646678166,51.5,52.07942693105076,0.01960790085035094,0.15378791030287725,0.00038446977575719315,0.023883436816886712,0.014217247432378016
AVMD,IMF5,background_dynamic_mode,59.97479137691238,301,30100,30499,150.5,152.495,151.5,stable_43deg,stable_43deg,0.0,42.87517914738277,0.2515583646678166,60.0,61.03474244529189,0.024626262235667423,0.2425811166799438,0.0006064527916998595,0.03107121984931581,0.015799205775517758
AVMD,IMF6,background_dynamic_mode,80.04607093184978,301,30100,30499,150.5,152.495,151.5,stable_43deg,stable_43deg,0.0,42.87517914738277,0.2515583646678166,80.0,79.76765497514708,0.0436242777186395,0.7612310425891947,0.0019030776064729868,0.05910536941150333,0.017535363469972018
AVMD,IMF7,background_dynamic_mode,90.29468011126563,301,30100,30499,150.5,152.495,151.5,stable_43deg,stable_43deg,0.0,42.87517914738277,0.2515583646678166,90.0,92.22538763667895,0.021504169430199095,0.18497172115308375,0.00046242930288270935,0.026641140764613002,0.014481071137706306
AVMD,IMF1,angle_position_mode,0.008692628650904,302,30200,30599,151.0,152.995,152.0,stable_43deg,stable_43deg,0.0,42.75134214028456,0.31156842657453687,,,0.12078734468589317,5.835833054507505,0.014589582636268764,0.12166954214206643,0.02917415455063736
AVMD,IMF2,background_dynamic_mode,17.793810848400554,302,30200,30599,151.0,152.995,152.0,stable_43deg,stable_43deg,0.0,42.75134214028456,0.31156842657453687,17.5,17.647002555312003,0.09840890968775932,3.873725402373428,0.009684313505933571,0.12475206359392584,0.06157042234117738
AVMD,IMF3,background_dynamic_mode,39.90785813630041,302,30200,30599,151.0,152.995,152.0,stable_43deg,stable_43deg,0.0,42.75134214028456,0.31156842657453687,37.5,37.06638436189447,0.031186529370250033,0.38903984566458716,0.0009725996141614679,0.04062416701442919,0.017139829067914586
AVMD,IMF4,background_dynamic_mode,54.08118915159944,302,30200,30599,151.0,152.995,152.0,stable_43deg,stable_43deg,0.0,42.75134214028456,0.31156842657453687,51.5,52.22607607704348,0.019115241825347972,0.14615698801661298,0.0003653924700415324,0.023732718553854885,0.01292303612489565
AVMD,IMF5,background_dynamic_mode,59.97479137691238,302,30200,30599,151.0,152.995,152.0,stable_43deg,stable_43deg,0.0,42.75134214028456,0.31156842657453687,60.0,61.027701208163485,0.024503686629433686,0.24017226337339487,0.0006004306584334872,0.0309849470228181,0.01549064963205911
AVMD,IMF6,background_dynamic_mode,80.04607093184978,302,30200,30599,151.0,152.995,152.0,stable_43deg,stable_43deg,0.0,42.75134214028456,0.31156842657453687,80.0,79.79909315255713,0.044272679092545245,0.7840280456125972,0.001960070114031493,0.059755571945442156,0.018504901573025263
AVMD,IMF7,background_dynamic_mode,90.29468011126563,302,30200,30599,151.0,152.995,152.0,stable_43deg,stable_43deg,0.0,42.75134214028456,0.31156842657453687,94.0,92.74558308067581,0.02245670399739359,0.2017214217706213,0.0005043035544265533,0.02872203287895617,0.014053087425271426
AVMD,IMF1,angle_position_mode,0.008692628650904,303,30300,30699,151.5,153.495,152.5,stable_43deg,stable_43deg,0.0,42.586445746689954,0.3506536910870956,,,0.12133959738829808,5.88931915774171,0.014723297894354274,0.12376871242138186,0.030568276769052074
AVMD,IMF2,background_dynamic_mode,17.793810848400554,303,30300,30699,151.5,153.495,152.5,stable_43deg,stable_43deg,0.0,42.586445746689954,0.3506536910870956,17.5,17.82387092813272,0.09488243411218085,3.6010705212209366,0.009002676303052341,0.11893885339867719,0.06208401920819919
AVMD,IMF3,background_dynamic_mode,39.90785813630041,303,30300,30699,151.5,153.495,152.5,stable_43deg,stable_43deg,0.0,42.586445746689954,0.3506536910870956,37.5,37.02555570026949,0.029006803775002026,0.33655786609658866,0.0008413946652414717,0.03684258580191492,0.017906224781926793
AVMD,IMF4,background_dynamic_mode,54.08118915159944,303,30300,30699,151.5,153.495,152.5,stable_43deg,stable_43deg,0.0,42.586445746689954,0.3506536910870956,52.5,52.29953539459163,0.019550127434911,0.1528829930885039,0.00038220748272125974,0.024976711589264143,0.011807735912421735
AVMD,IMF5,background_dynamic_mode,59.97479137691238,303,30300,30699,151.5,153.495,152.5,stable_43deg,stable_43deg,0.0,42.586445746689954,0.3506536910870956,60.0,61.31801628370172,0.02363418474333058,0.223429875392752,0.00055857468848188,0.02997349230205326,0.014799688102418244
AVMD,IMF6,background_dynamic_mode,80.04607093184978,303,30300,30699,151.5,153.495,152.5,stable_43deg,stable_43deg,0.0,42.586445746689954,0.3506536910870956,80.0,79.83487864771038,0.04765437159036543,0.9083756526690512,0.002270939131672628,0.06427313978737295,0.02016341956161323
AVMD,IMF7,background_dynamic_mode,90.29468011126563,303,30300,30699,151.5,153.495,152.5,stable_43deg,stable_43deg,0.0,42.586445746689954,0.3506536910870956,96.5,93.00281797143576,0.020794216193957743,0.1729597708484218,0.0004323994271210545,0.02651103620826638,0.012617863132569893
AVMD,IMF1,angle_position_mode,0.008692628650904,304,30400,30799,152.0,153.995,153.0,stable_43deg,stable_43deg,0.0,42.406088173181004,0.3710663159272609,,,0.1300116706267863,6.761213799667189,0.01690303449916797,0.13090188782991657,0.034620114578175466
AVMD,IMF2,background_dynamic_mode,17.793810848400554,304,30400,30799,152.0,153.995,153.0,stable_43deg,stable_43deg,0.0,42.406088173181004,0.3710663159272609,18.0,18.026521396720018,0.0862847265116198,2.9780216116740093,0.007445054029185023,0.11008094308909999,0.05294794862589724
AVMD,IMF3,background_dynamic_mode,39.90785813630041,304,30400,30799,152.0,153.995,153.0,stable_43deg,stable_43deg,0.0,42.406088173181004,0.3710663159272609,37.5,36.45045010575874,0.03580120715126531,0.5126905733951241,0.0012817264334878103,0.043117772003516075,0.026555912000195588
AVMD,IMF4,background_dynamic_mode,54.08118915159944,304,30400,30799,152.0,153.995,153.0,stable_43deg,stable_43deg,0.0,42.406088173181004,0.3710663159272609,52.5,51.77855862800518,0.019741315233001495,0.15588781085149472,0.00038971952712873683,0.02523921265368573,0.01192298670382223
AVMD,IMF5,background_dynamic_mode,59.97479137691238,304,30400,30799,152.0,153.995,153.0,stable_43deg,stable_43deg,0.0,42.406088173181004,0.3710663159272609,60.0,61.67567352891439,0.025508031831835018,0.2602638751735634,0.0006506596879339086,0.03358933731518311,0.013034906477648581
AVMD,IMF6,background_dynamic_mode,80.04607093184978,304,30400,30799,152.0,153.995,153.0,stable_43deg,stable_43deg,0.0,42.406088173181004,0.3710663159272609,80.0,79.73716768563771,0.048038272773213,0.923070260413447,0.0023076756510336176,0.06564676490579008,0.01746582355051776
AVMD,IMF7,background_dynamic_mode,90.29468011126563,304,30400,30799,152.0,153.995,153.0,stable_43deg,stable_43deg,0.0,42.406088173181004,0.3710663159272609,90.0,92.16061132414107,0.018798000041800805,0.14134592222861722,0.00035336480557154307,0.024048389498960054,0.011073868977717663
AVMD,IMF1,angle_position_mode,0.008692628650904,305,30500,30899,152.5,154.495,153.5,stable_43deg,stable_43deg,0.0,42.21783474080119,0.38054133598717493,,,0.12535046624936372,6.285095755573149,0.015712739388932872,0.12601860709768886,0.03225244511993901
AVMD,IMF2,background_dynamic_mode,17.793810848400554,305,30500,30899,152.5,154.495,153.5,stable_43deg,stable_43deg,0.0,42.21783474080119,0.38054133598717493,18.0,17.941170116302224,0.08368899977862877,2.8015394735789307,0.007003848683947327,0.10605652491765176,0.05274074094502199
AVMD,IMF3,background_dynamic_mode,39.90785813630041,305,30500,30899,152.5,154.495,153.5,stable_43deg,stable_43deg,0.0,42.21783474080119,0.38054133598717493,37.5,36.94989147060795,0.037029101421489,0.5484617408331673,0.0013711543520829185,0.04474588248138156,0.027265973476905854
AVMD,IMF4,background_dynamic_mode,54.08118915159944,305,30500,30899,152.5,154.495,153.5,stable_43deg,stable_43deg,0.0,42.21783474080119,0.38054133598717493,54.0,52.00182847999339,0.01970727279078691,0.15535064034019602,0.00038837660085049003,0.024957580842143355,0.012375591298684457
AVMD,IMF5,background_dynamic_mode,59.97479137691238,305,30500,30899,152.5,154.495,153.5,stable_43deg,stable_43deg,0.0,42.21783474080119,0.38054133598717493,60.0,60.56275983176371,0.022559249756618965,0.20356789983260518,0.0005089197495815129,0.029470595456158388,0.012087398145567781
AVMD,IMF6,background_dynamic_mode,80.04607093184978,305,30500,30899,152.5,154.495,153.5,stable_43deg,stable_43deg,0.0,42.21783474080119,0.38054133598717493,80.0,79.80688957731675,0.04769607459636208,0.9099662127606946,0.0022749155319017364,0.06514153050108178,0.017434524894211222
AVMD,IMF7,background_dynamic_mode,90.29468011126563,305,30500,30899,152.5,154.495,153.5,stable_43deg,stable_43deg,0.0,42.21783474080119,0.38054133598717493,97.5,93.87983107308109,0.01897347795949878,0.14399714635183442,0.00035999286587958603,0.024314355316309974,0.01021198963789679
AVMD,IMF1,angle_position_mode,0.008692628650904,306,30600,30999,153.0,154.995,154.0,stable_43deg,stable_43deg,0.0,42.02790733795307,0.3772048994844743,,,0.12687941549093973,6.439354430129006,0.016098386075322515,0.12816820812816265,0.028510566423229626
AVMD,IMF2,background_dynamic_mode,17.793810848400554,306,30600,30999,153.0,154.995,154.0,stable_43deg,stable_43deg,0.0,42.02790733795307,0.3772048994844743,18.0,17.95915719456822,0.09073630866492276,3.2932310840544545,0.008233077710136136,0.11936953189714737,0.047553673485191274
AVMD,IMF3,background_dynamic_mode,39.90785813630041,306,30600,30999,153.0,154.995,154.0,stable_43deg,stable_43deg,0.0,42.02790733795307,0.3772048994844743,37.5,37.51047741761264,0.0378815708771747,0.574005364848964,0.0014350134121224102,0.04579179274591618,0.02781072394193082
AVMD,IMF4,background_dynamic_mode,54.08118915159944,306,30600,30999,153.0,154.995,154.0,stable_43deg,stable_43deg,0.0,42.02790733795307,0.3772048994844743,50.0,51.23874121552867,0.01975389228698959,0.15608650419439474,0.0003902162604859868,0.025039829554668384,0.01231483977064265
AVMD,IMF5,background_dynamic_mode,59.97479137691238,306,30600,30999,153.0,154.995,154.0,stable_43deg,stable_43deg,0.0,42.02790733795307,0.3772048994844743,60.0,60.38167529024148,0.022887331010412876,0.2095319683120827,0.0005238299207802068,0.030107714050561816,0.011841988563398926
AVMD,IMF6,background_dynamic_mode,80.04607093184978,306,30600,30999,153.0,154.995,154.0,stable_43deg,stable_43deg,0.0,42.02790733795307,0.3772048994844743,80.0,79.88127151412371,0.047925688541347385,0.9187486488648944,0.002296871622162236,0.06566168836059236,0.01657592194037486
AVMD,IMF7,background_dynamic_mode,90.29468011126563,306,30600,30999,153.0,154.995,154.0,stable_43deg,stable_43deg,0.0,42.02790733795307,0.3772048994844743,97.5,94.0382257387765,0.019360285170393142,0.14992825675157784,0.0003748206418789446,0.024521654827524216,0.010955706820630285
AVMD,IMF1,angle_position_mode,0.008692628650904,307,30700,31099,153.5,155.495,154.5,stable_43deg,stable_43deg,0.0,41.84341735421116,0.35989100178377015,,,0.12839633480818655,6.594247516870375,0.016485618792175936,0.12813782685624267,0.026266030224568904
AVMD,IMF2,background_dynamic_mode,17.793810848400554,307,30700,31099,153.5,155.495,154.5,stable_43deg,stable_43deg,0.0,41.84341735421116,0.35989100178377015,18.0,17.955942919699,0.09857219560197852,3.8865910983178864,0.009716477745794715,0.13403331767602636,0.03724401296395666
AVMD,IMF3,background_dynamic_mode,39.90785813630041,307,30700,31099,153.5,155.495,154.5,stable_43deg,stable_43deg,0.0,41.84341735421116,0.35989100178377015,40.0,37.34681331640294,0.038542965170870844,0.5942240656651852,0.0014855601641629629,0.04794057156715224,0.026012032287726986
AVMD,IMF4,background_dynamic_mode,54.08118915159944,307,30700,31099,153.5,155.495,154.5,stable_43deg,stable_43deg,0.0,41.84341735421116,0.35989100178377015,54.0,51.56711260464298,0.020657902121319797,0.17069956802161157,0.0004267489200540289,0.02602568863876699,0.013297729364000109
AVMD,IMF5,background_dynamic_mode,59.97479137691238,307,30700,31099,153.5,155.495,154.5,stable_43deg,stable_43deg,0.0,41.84341735421116,0.35989100178377015,60.0,60.75928591442142,0.023491880295062103,0.22074737591901084,0.0005518684397975271,0.031033904725375865,0.011853304146050219
AVMD,IMF6,background_dynamic_mode,80.04607093184978,307,30700,31099,153.5,155.495,154.5,stable_43deg,stable_43deg,0.0,41.84341735421116,0.35989100178377015,80.0,79.95150119969134,0.04669456292172289,0.8721528825802951,0.002180382206450738,0.06386051352990228,0.016574980769845184
AVMD,IMF7,background_dynamic_mode,90.29468011126563,307,30700,31099,153.5,155.495,154.5,stable_43deg,stable_43deg,0.0,41.84341735421116,0.35989100178377015,90.5,92.85781448963873,0.02010921149701042,0.16175215481259841,0.000404380387031496,0.025802548174251764,0.011280151439797204
AVMD,IMF1,angle_position_mode,0.008692628650904,308,30800,31199,154.0,155.995,155.0,stable_43deg,stable_43deg,0.0,41.67197876696354,0.3283771302614323,,,0.11694014795277273,5.46999928128655,0.013674998203216375,0.11696649806425215,0.023589256889772675
AVMD,IMF2,background_dynamic_mode,17.793810848400554,308,30800,31199,154.0,155.995,155.0,stable_43deg,stable_43deg,0.0,41.67197876696354,0.3283771302614323,18.0,17.726049396184717,0.10067283166316217,4.054007614031755,0.010135019035079386,0.13643194969676242,0.04001398233976706
AVMD,IMF3,background_dynamic_mode,39.90785813630041,308,30800,31199,154.0,155.995,155.0,stable_43deg,stable_43deg,0.0,41.67197876696354,0.3283771302614323,40.0,36.96317990248239,0.03343563876920431,0.4471767759618873,0.0011179419399047182,0.04126908060281178,0.022980228509954393
AVMD,IMF4,background_dynamic_mode,54.08118915159944,308,30800,31199,154.0,155.995,155.0,stable_43deg,stable_43deg,0.0,41.67197876696354,0.3283771302614323,54.0,52.37811263135936,0.020050134447298886,0.16080315654190458,0.00040200789135476145,0.02509025862816366,0.013177393127423305
AVMD,IMF5,background_dynamic_mode,59.97479137691238,308,30800,31199,154.0,155.995,155.0,stable_43deg,stable_43deg,0.0,41.67197876696354,0.3283771302614323,60.0,60.70001407344384,0.022018266598024094,0.19392162559266538,0.0004848040639816634,0.028924347062062924,0.011620990056957506
AVMD,IMF6,background_dynamic_mode,80.04607093184978,308,30800,31199,154.0,155.995,155.0,stable_43deg,stable_43deg,0.0,41.67197876696354,0.3283771302614323,80.0,79.74930404902096,0.04338462846771521,0.752890394912674,0.001882225987281685,0.05848455430091652,0.018251508713467954
AVMD,IMF7,background_dynamic_mode,90.29468011126563,308,30800,31199,154.0,155.995,155.0,stable_43deg,stable_43deg,0.0,41.67197876696354,0.3283771302614323,90.5,92.23040736778681,0.021684743652895133,0.18809124291671034,0.00047022810729177583,0.027671056261866542,0.012835273250854547
AVMD,IMF1,angle_position_mode,0.008692628650904,309,30900,31299,154.5,156.495,155.5,stable_43deg,stable_43deg,0.0,41.5212147391433,0.28366422201752184,,,0.11655185424488634,5.433733891168492,0.01358433472792123,0.11671617383508417,0.02355501751859475
AVMD,IMF2,background_dynamic_mode,17.793810848400554,309,30900,31299,154.5,156.495,155.5,stable_43deg,stable_43deg,0.0,41.5212147391433,0.28366422201752184,17.5,17.942935848591784,0.10016519266055897,4.0132263282907585,0.010033065820726897,0.13801271742745866,0.03232529420748427
AVMD,IMF3,background_dynamic_mode,39.90785813630041,309,30900,31299,154.5,156.495,155.5,stable_43deg,stable_43deg,0.0,41.5212147391433,0.28366422201752184,40.0,36.021801372636794,0.032755236763995374,0.42916221418615763,0.0010729055354653941,0.04016753791325302,0.02305952059188813
AVMD,IMF4,background_dynamic_mode,54.08118915159944,309,30900,31299,154.5,156.495,155.5,stable_43deg,stable_43deg,0.0,41.5212147391433,0.28366422201752184,53.0,52.80668987012303,0.021360173283094128,0.18250280107352324,0.0004562570026838081,0.027521228346944718,0.012432624726458298
AVMD,IMF5,background_dynamic_mode,59.97479137691238,309,30900,31299,154.5,156.495,155.5,stable_43deg,stable_43deg,0.0,41.5212147391433,0.28366422201752184,60.0,61.057818346674,0.021941715827287763,0.1925755573781801,0.00048143889344545027,0.029189216115302986,0.010583478920242629
AVMD,IMF6,background_dynamic_mode,80.04607093184978,309,30900,31299,154.5,156.495,155.5,stable_43deg,stable_43deg,0.0,41.5212147391433,0.28366422201752184,80.0,79.74748271795214,0.04283872723863418,0.7340626205704393,0.001835156551426098,0.05760925757103028,0.0185780139834349
AVMD,IMF7,background_dynamic_mode,90.29468011126563,309,30900,31299,154.5,156.495,155.5,stable_43deg,stable_43deg,0.0,41.5212147391433,0.28366422201752184,91.5,92.19134063170046,0.023004532523881422,0.21168340665692725,0.0005292085166423181,0.029195966135270597,0.014414359903181176
AVMD,IMF1,angle_position_mode,0.008692628650904,310,31000,31399,155.0,156.995,156.0,stable_43deg,stable_43deg,0.0,41.39818422900645,0.22837140386091667,,,0.11609521632477716,5.391239701398723,0.013478099253496807,0.1162024692057911,0.023951364521175574
AVMD,IMF2,background_dynamic_mode,17.793810848400554,310,31000,31399,155.0,156.995,156.0,stable_43deg,stable_43deg,0.0,41.39818422900645,0.22837140386091667,18.0,18.056842600258577,0.1008222763914696,4.066052566703155,0.010165131416757886,0.13789717843508784,0.035619270779660296
AVMD,IMF3,background_dynamic_mode,39.90785813630041,310,31000,31399,155.0,156.995,156.0,stable_43deg,stable_43deg,0.0,41.39818422900645,0.22837140386091667,40.0,37.156131726551905,0.03235062722887256,0.41862523284058817,0.0010465630821014705,0.04049034861988805,0.021377295884543034
AVMD,IMF4,background_dynamic_mode,54.08118915159944,310,31000,31399,155.0,156.995,156.0,stable_43deg,stable_43deg,0.0,41.39818422900645,0.22837140386091667,53.5,52.47196219816167,0.019701952705841547,0.15526677616928683,0.00038816694042321707,0.025534189193749928,0.011208679297138237
AVMD,IMF5,background_dynamic_mode,59.97479137691238,310,31000,31399,155.0,156.995,156.0,stable_43deg,stable_43deg,0.0,41.39818422900645,0.22837140386091667,60.0,61.77697890858744,0.021139694179917116,0.1787546680081686,0.00044688667002042154,0.027873618361192745,0.010835476737009096
AVMD,IMF6,background_dynamic_mode,80.04607093184978,310,31000,31399,155.0,156.995,156.0,stable_43deg,stable_43deg,0.0,41.39818422900645,0.22837140386091667,80.0,79.97208875011637,0.044392094905319264,0.7882632360331491,0.0019706580900828727,0.05981440164009891,0.019065536649096135
AVMD,IMF7,background_dynamic_mode,90.29468011126563,310,31000,31399,155.0,156.995,156.0,stable_43deg,stable_43deg,0.0,41.39818422900645,0.22837140386091667,91.5,92.19648767264091,0.022781802561368657,0.20760421117807337,0.0005190105279451834,0.029168116694952912,0.014213862546952803
AVMD,IMF1,angle_position_mode,0.008692628650904,311,31100,31499,155.5,157.495,156.5,stable_43deg,stable_43deg,0.0,41.30879706908345,0.16773728921713948,,,0.11388941278154108,5.1883193374897,0.01297079834372425,0.11413148117779447,0.02674167167180975
AVMD,IMF2,background_dynamic_mode,17.793810848400554,311,31100,31499,155.5,157.495,156.5,stable_43deg,stable_43deg,0.0,41.30879706908345,0.16773728921713948,18.0,17.972960367010565,0.09557060530878571,3.6534962396350794,0.0091337405990877,0.12913412105110503,0.040343538752144845
AVMD,IMF3,background_dynamic_mode,39.90785813630041,311,31100,31499,155.5,157.495,156.5,stable_43deg,stable_43deg,0.0,41.30879706908345,0.16773728921713948,40.0,38.304075537623525,0.032754384978017026,0.4291398941152589,0.0010728497352881473,0.03884104180920786,0.025190410460788928
AVMD,IMF4,background_dynamic_mode,54.08118915159944,311,31100,31499,155.5,157.495,156.5,stable_43deg,stable_43deg,0.0,41.30879706908345,0.16773728921713948,53.5,50.96025441076009,0.017905292177819117,0.12823979518922818,0.00032059948797307045,0.023091161371552208,0.010430297059784313
AVMD,IMF5,background_dynamic_mode,59.97479137691238,311,31100,31499,155.5,157.495,156.5,stable_43deg,stable_43deg,0.0,41.30879706908345,0.16773728921713948,60.0,61.3392418797436,0.019546169654920165,0.15282109927156873,0.00038205274817892183,0.025455755171169957,0.010817627473445036
AVMD,IMF6,background_dynamic_mode,80.04607093184978,311,31100,31499,155.5,157.495,156.5,stable_43deg,stable_43deg,0.0,41.30879706908345,0.16773728921713948,80.0,79.84021702288547,0.042433013498774846,0.7202242538348834,0.0018005606345872086,0.05775038467560972,0.016315348159584932
AVMD,IMF7,background_dynamic_mode,90.29468011126563,311,31100,31499,155.5,157.495,156.5,stable_43deg,stable_43deg,0.0,41.30879706908345,0.16773728921713948,91.0,91.98572834537211,0.022934616664564433,0.21039865662020665,0.0005259966415505166,0.028649992928051708,0.015173598070549849
AVMD,IMF1,angle_position_mode,0.008692628650904,312,31200,31599,156.0,157.995,157.0,stable_43deg,stable_43deg,0.0,41.257292625323295,0.11369960314508384,,,0.11305927336405983,5.112959717443683,0.012782399293609208,0.11339029955488185,0.022957153438346818
AVMD,IMF2,background_dynamic_mode,17.793810848400554,312,31200,31599,156.0,157.995,157.0,stable_43deg,stable_43deg,0.0,41.257292625323295,0.11369960314508384,18.0,17.935279297171423,0.08335445860509033,2.779186307739087,0.006947965769347717,0.11032690224538397,0.041598993022961446
AVMD,IMF3,background_dynamic_mode,39.90785813630041,312,31200,31599,156.0,157.995,157.0,stable_43deg,stable_43deg,0.0,41.257292625323295,0.11369960314508384,40.0,37.712427614165556,0.031442304242815654,0.39544739843911325,0.0009886184960977832,0.038733900733512225,0.021857118164377312
AVMD,IMF4,background_dynamic_mode,54.08118915159944,312,31200,31599,156.0,157.995,157.0,stable_43deg,stable_43deg,0.0,41.257292625323295,0.11369960314508384,49.5,49.916538697617256,0.01740695734585264,0.12120086561613325,0.0003030021640403331,0.022606454186555876,0.009778791493419581
AVMD,IMF5,background_dynamic_mode,59.97479137691238,312,31200,31599,156.0,157.995,157.0,stable_43deg,stable_43deg,0.0,41.257292625323295,0.11369960314508384,60.0,61.46134166299206,0.01985357336140495,0.15766575008667533,0.0003941643752166883,0.02611997601609948,0.010352996615733408
AVMD,IMF6,background_dynamic_mode,80.04607093184978,312,31200,31599,156.0,157.995,157.0,stable_43deg,stable_43deg,0.0,41.257292625323295,0.11369960314508384,80.0,79.89327089305296,0.04675082938053298,0.8742560191070823,0.0021856400477677056,0.06471982887766707,0.013766384125041053
AVMD,IMF7,background_dynamic_mode,90.29468011126563,312,31200,31599,156.0,157.995,157.0,stable_43deg,stable_43deg,0.0,41.257292625323295,0.11369960314508384,90.5,91.8988945096522,0.02172267999170679,0.18874993040883942,0.00047187482602209854,0.02739442465367046,0.014268388315958941
AVMD,IMF1,angle_position_mode,0.008692628650904,313,31300,31699,156.5,158.495,157.5,stable_43deg,stable_43deg,0.0,41.24584278495922,0.09580594897035298,,,0.11463358058881101,5.256343119444571,0.013140857798611428,0.11471203366812506,0.025656019807754216
AVMD,IMF2,background_dynamic_mode,17.793810848400554,313,31300,31699,156.5,158.495,157.5,stable_43deg,stable_43deg,0.0,41.24584278495922,0.09580594897035298,17.5,18.04769957161039,0.0715295514789846,2.0465906939138834,0.005116476734784709,0.09268007503086151,0.03984799856117666
AVMD,IMF3,background_dynamic_mode,39.90785813630041,313,31300,31699,156.5,158.495,157.5,stable_43deg,stable_43deg,0.0,41.24584278495922,0.09580594897035298,38.5,37.59235502447927,0.0315183045832238,0.3973614095203466,0.0009934035238008665,0.0391975657600101,0.021258655087384115
AVMD,IMF4,background_dynamic_mode,54.08118915159944,313,31300,31699,156.5,158.495,157.5,stable_43deg,stable_43deg,0.0,41.24584278495922,0.09580594897035298,49.5,50.88819585947908,0.016524450069525562,0.10922298004009734,0.00027305745010024337,0.020979125431177775,0.01029438018211664
AVMD,IMF5,background_dynamic_mode,59.97479137691238,313,31300,31699,156.5,158.495,157.5,stable_43deg,stable_43deg,0.0,41.24584278495922,0.09580594897035298,60.0,62.04815010451571,0.019889965511522733,0.1582442912198255,0.00039561072804956374,0.026173364789243533,0.010316531643224021
AVMD,IMF6,background_dynamic_mode,80.04607093184978,313,31300,31699,156.5,158.495,157.5,stable_43deg,stable_43deg,0.0,41.24584278495922,0.09580594897035298,80.0,79.8635863060568,0.04716259309396032,0.8897240749385895,0.0022243101873464736,0.06487058607928253,0.015647596505585896
AVMD,IMF7,background_dynamic_mode,90.29468011126563,313,31300,31699,156.5,158.495,157.5,stable_43deg,stable_43deg,0.0,41.24584278495922,0.09580594897035298,90.0,91.4103984287446,0.020086193131438453,0.16138206180537812,0.00040345515451344527,0.026049420562793767,0.012566839879565351
AVMD,IMF1,angle_position_mode,0.008692628650904,314,31400,31799,157.0,158.995,158.0,stable_43deg,stable_43deg,0.0,41.274329438930344,0.13034250938634093,,,0.1093227483430373,4.780585322110026,0.011951463305275065,0.10944695570068447,0.025517578932526055
AVMD,IMF2,background_dynamic_mode,17.793810848400554,314,31400,31799,157.0,158.995,158.0,stable_43deg,stable_43deg,0.0,41.274329438930344,0.13034250938634093,17.5,18.601329077779543,0.05928084097120592,1.405687242501363,0.003514218106253407,0.07738051993557188,0.032135928008046946
AVMD,IMF3,background_dynamic_mode,39.90785813630041,314,31400,31799,157.0,158.995,158.0,stable_43deg,stable_43deg,0.0,41.274329438930344,0.13034250938634093,40.0,37.43483150412548,0.029352618251713328,0.3446304792923257,0.0008615761982308143,0.03580211417965251,0.020885905626043918
AVMD,IMF4,background_dynamic_mode,54.08118915159944,314,31400,31799,157.0,158.995,158.0,stable_43deg,stable_43deg,0.0,41.274329438930344,0.13034250938634093,54.0,52.25309951692114,0.01794120316235276,0.12875470836512667,0.00032188677091281667,0.022343068832410086,0.012061061125204248
AVMD,IMF5,background_dynamic_mode,59.97479137691238,314,31400,31799,157.0,158.995,158.0,stable_43deg,stable_43deg,0.0,41.274329438930344,0.13034250938634093,60.0,61.58564913383751,0.021623416801307013,0.18702886166521857,0.0004675721541630464,0.028309826200477718,0.011594440349194237
AVMD,IMF6,background_dynamic_mode,80.04607093184978,314,31400,31799,157.0,158.995,158.0,stable_43deg,stable_43deg,0.0,41.274329438930344,0.13034250938634093,80.0,79.70216675566233,0.04615167385079206,0.8519907996919535,0.0021299769992298837,0.06345671785390766,0.014840483441284372
AVMD,IMF7,background_dynamic_mode,90.29468011126563,314,31400,31799,157.0,158.995,158.0,stable_43deg,stable_43deg,0.0,41.274329438930344,0.13034250938634093,91.5,91.40518355603899,0.0189184889397716,0.14316368950570418,0.00035790922376426044,0.024577108297980373,0.011300691964617466
AVMD,IMF1,angle_position_mode,0.008692628650904,315,31500,31899,157.5,159.495,158.5,stable_43deg,stable_43deg,0.0,41.3403356199922,0.18415894730627863,,,0.11541358490903109,5.328118232621651,0.013320295581554127,0.11542835177759557,0.02434732442580857
AVMD,IMF2,background_dynamic_mode,17.793810848400554,315,31500,31899,157.5,159.495,158.5,stable_43deg,stable_43deg,0.0,41.3403356199922,0.18415894730627863,17.5,18.40659694415234,0.07533134496939439,2.2699246139591605,0.005674811534897901,0.09077576137707209,0.05552092578537966
AVMD,IMF3,background_dynamic_mode,39.90785813630041,315,31500,31899,157.5,159.495,158.5,stable_43deg,stable_43deg,0.0,41.3403356199922,0.18415894730627863,39.5,37.66858671976651,0.0299878123717979,0.3597075563384621,0.0008992688908461551,0.038645256128721564,0.01754707485816885
AVMD,IMF4,background_dynamic_mode,54.08118915159944,315,31500,31899,157.5,159.495,158.5,stable_43deg,stable_43deg,0.0,41.3403356199922,0.18415894730627863,54.0,52.796511393635484,0.021292760025294233,0.1813526517979072,0.000453381629494768,0.02692875581314433,0.013469648425532301
AVMD,IMF5,background_dynamic_mode,59.97479137691238,315,31500,31899,157.5,159.495,158.5,stable_43deg,stable_43deg,0.0,41.3403356199922,0.18415894730627863,60.0,60.56554924649592,0.02370915324386087,0.22484957901635133,0.0005621239475408783,0.03104459111908153,0.012673454391229739
AVMD,IMF6,background_dynamic_mode,80.04607093184978,315,31500,31899,157.5,159.495,158.5,stable_43deg,stable_43deg,0.0,41.3403356199922,0.18415894730627863,80.0,79.71168825597543,0.048417460756185735,0.9377002024307144,0.002344250506076786,0.06631745421199277,0.016881757090193787
AVMD,IMF7,background_dynamic_mode,90.29468011126563,315,31500,31899,157.5,159.495,158.5,stable_43deg,stable_43deg,0.0,41.3403356199922,0.18415894730627863,92.0,92.21983523287324,0.017610773582267765,0.12405573846636006,0.00031013934616590016,0.023017320565305813,0.010333845331014719
AVMD,IMF1,angle_position_mode,0.008692628650904,316,31600,31999,158.0,159.995,159.0,stable_43deg,stable_43deg,0.0,41.43937274423262,0.23597048539683277,,,0.12118797414177186,5.874610030634706,0.014686525076586765,0.12107772095923379,0.027060954501578652
AVMD,IMF2,background_dynamic_mode,17.793810848400554,316,31600,31999,158.0,159.995,159.0,stable_43deg,stable_43deg,0.0,41.43937274423262,0.23597048539683277,18.0,18.109146744226006,0.08962404231775498,3.212987584549894,0.008032468961374734,0.11133522218402274,0.06054827927974399
AVMD,IMF3,background_dynamic_mode,39.90785813630041,316,31600,31999,158.0,159.995,159.0,stable_43deg,stable_43deg,0.0,41.43937274423262,0.23597048539683277,40.0,37.70690540325016,0.029365348521716707,0.3449294775207558,0.0008623236938018895,0.03713866003556107,0.018563154925096626
AVMD,IMF4,background_dynamic_mode,54.08118915159944,316,31600,31999,158.0,159.995,159.0,stable_43deg,stable_43deg,0.0,41.43937274423262,0.23597048539683277,54.0,52.66173730620073,0.022178963364675234,0.19676256637264247,0.0004919064159316062,0.02804644310855004,0.01409671623042512
AVMD,IMF5,background_dynamic_mode,59.97479137691238,316,31600,31999,158.0,159.995,159.0,stable_43deg,stable_43deg,0.0,41.43937274423262,0.23597048539683277,60.0,60.64026289720429,0.024250699585047657,0.23523857214569224,0.0005880964303642306,0.031594227068131336,0.013383203730094467
AVMD,IMF6,background_dynamic_mode,80.04607093184978,316,31600,31999,158.0,159.995,159.0,stable_43deg,stable_43deg,0.0,41.43937274423262,0.23597048539683277,80.0,79.61693214891972,0.047005717759114274,0.8838150008198045,0.002209537502049511,0.06413402044544282,0.0171851177656448
AVMD,IMF7,background_dynamic_mode,90.29468011126563,316,31600,31999,158.0,159.995,159.0,stable_43deg,stable_43deg,0.0,41.43937274423262,0.23597048539683277,92.0,93.40086021582088,0.018925409378582825,0.1432684480587803,0.0003581711201469508,0.024702987354838765,0.010485078872651196
AVMD,IMF1,angle_position_mode,0.008692628650904,317,31700,32099,158.5,160.495,159.5,stable_43deg,stable_43deg,0.0,41.565332165149684,0.27817859090456765,,,0.11773840927943326,5.5449332078605345,0.013862333019651335,0.11798070859651393,0.027150688599023195
AVMD,IMF2,background_dynamic_mode,17.793810848400554,317,31700,32099,158.5,160.495,159.5,stable_43deg,stable_43deg,0.0,41.565332165149684,0.27817859090456765,18.0,18.06365917703666,0.08926528309220308,3.187316306212463,0.007968290765531157,0.11053399166330344,0.06075095046218428
AVMD,IMF3,background_dynamic_mode,39.90785813630041,317,31700,32099,158.5,160.495,159.5,stable_43deg,stable_43deg,0.0,41.565332165149684,0.27817859090456765,38.0,38.02797493605009,0.028388213080342253,0.322356256757966,0.0008058906418949149,0.036585524033073524,0.016510462114932043
AVMD,IMF4,background_dynamic_mode,54.08118915159944,317,31700,32099,158.5,160.495,159.5,stable_43deg,stable_43deg,0.0,41.565332165149684,0.27817859090456765,54.0,51.71261870263972,0.022986875907713904,0.2113585855986552,0.000528396463996638,0.029165615893793115,0.014370519025090414
AVMD,IMF5,background_dynamic_mode,59.97479137691238,317,31700,32099,158.5,160.495,159.5,stable_43deg,stable_43deg,0.0,41.565332165149684,0.27817859090456765,60.0,60.43883738662609,0.02482487343444905,0.2465097364145657,0.0006162743410364143,0.03236066331574204,0.01360456870572668
AVMD,IMF6,background_dynamic_mode,80.04607093184978,317,31700,32099,158.5,160.495,159.5,stable_43deg,stable_43deg,0.0,41.565332165149684,0.27817859090456765,80.0,79.87950437952597,0.051316075382725465,1.053335837074225,0.0026333395926855623,0.07081221344200307,0.01567891745089754
AVMD,IMF7,background_dynamic_mode,90.29468011126563,317,31700,32099,158.5,160.495,159.5,stable_43deg,stable_43deg,0.0,41.565332165149684,0.27817859090456765,92.0,92.70857525790545,0.019231975762951475,0.14794755669870122,0.000369868891746753,0.02474675059638674,0.011278494152198951
AVMD,IMF1,angle_position_mode,0.008692628650904,318,31800,32199,159.0,160.995,160.0,stable_43deg,stable_43deg,0.0,41.71109453260084,0.30777812691314044,,,0.1246213568724428,6.212193035491499,0.015530482588728746,0.1251766235426439,0.026658932117910535
AVMD,IMF2,background_dynamic_mode,17.793810848400554,318,31800,32199,159.0,160.995,160.0,stable_43deg,stable_43deg,0.0,41.71109453260084,0.30777812691314044,17.5,17.959740946994625,0.09113992325299831,3.322594244224969,0.008306485610562422,0.11453061710900762,0.059030292074150066
AVMD,IMF3,background_dynamic_mode,39.90785813630041,318,31800,32199,159.0,160.995,160.0,stable_43deg,stable_43deg,0.0,41.71109453260084,0.30777812691314044,38.0,37.014843393265615,0.028944653761886846,0.3351171925582041,0.0008377929813955103,0.03754841554582508,0.016384749846856103
AVMD,IMF4,background_dynamic_mode,54.08118915159944,318,31800,32199,159.0,160.995,160.0,stable_43deg,stable_43deg,0.0,41.71109453260084,0.30777812691314044,54.0,51.331499540779795,0.023202231334708875,0.21533741556373856,0.0005383435389093464,0.029157339558387813,0.015014047064134273
AVMD,IMF5,background_dynamic_mode,59.97479137691238,318,31800,32199,159.0,160.995,160.0,stable_43deg,stable_43deg,0.0,41.71109453260084,0.30777812691314044,60.0,60.59662676167153,0.024500807565143518,0.24011582853767754,0.0006002895713441939,0.03144963131393794,0.014485189728238394
AVMD,IMF6,background_dynamic_mode,80.04607093184978,318,31800,32199,159.0,160.995,160.0,stable_43deg,stable_43deg,0.0,41.71109453260084,0.30777812691314044,80.0,80.07349669534682,0.05139463250799482,1.0565633002527353,0.0026414082506318382,0.07113468578623809,0.01532930934775416
AVMD,IMF7,background_dynamic_mode,90.29468011126563,318,31800,32199,159.0,160.995,160.0,stable_43deg,stable_43deg,0.0,41.71109453260084,0.30777812691314044,90.0,90.98258140711668,0.01997093874988916,0.15953535782072972,0.0003988383945518243,0.025317666977419395,0.012108318015650144
AVMD,IMF1,angle_position_mode,0.008692628650904,319,31900,32299,159.5,161.495,160.5,stable_43deg,stable_43deg,0.0,41.86919962768857,0.323974057072055,,,0.12042392384915168,5.8007685740905135,0.014501921435226283,0.12072276348587302,0.028287817372681365
AVMD,IMF2,background_dynamic_mode,17.793810848400554,319,31900,32299,159.5,161.495,160.5,stable_43deg,stable_43deg,0.0,41.86919962768857,0.323974057072055,17.5,17.996012922489662,0.07893564342127848,2.4923343209324904,0.006230835802331226,0.1026667993604069,0.04468197794756877
AVMD,IMF3,background_dynamic_mode,39.90785813630041,319,31900,32299,159.5,161.495,160.5,stable_43deg,stable_43deg,0.0,41.86919962768857,0.323974057072055,38.0,37.315104648321835,0.030692531005451953,0.3768125838082518,0.0009420314595206294,0.03904680119410804,0.019078967049056823
AVMD,IMF4,background_dynamic_mode,54.08118915159944,319,31900,32299,159.5,161.495,160.5,stable_43deg,stable_43deg,0.0,41.86919962768857,0.323974057072055,54.0,52.60358130680398,0.022147925458880537,0.19621224085285144,0.0004905306021321286,0.02800254916146308,0.013990073183446855
AVMD,IMF5,background_dynamic_mode,59.97479137691238,319,31900,32299,159.5,161.495,160.5,stable_43deg,stable_43deg,0.0,41.86919962768857,0.323974057072055,60.0,61.228173181019294,0.023053984217800375,0.21259447532583547,0.0005314861883145887,0.0294031578655353,0.014060172684428269
AVMD,IMF6,background_dynamic_mode,80.04607093184978,319,31900,32299,159.5,161.495,160.5,stable_43deg,stable_43deg,0.0,41.86919962768857,0.323974057072055,80.0,79.74789794279144,0.0491295399501509,0.9654846782853893,0.002413711695713473,0.06734291034586536,0.017356521289134497
AVMD,IMF7,background_dynamic_mode,90.29468011126563,319,31900,32299,159.5,161.495,160.5,stable_43deg,stable_43deg,0.0,41.86919962768857,0.323974057072055,90.5,91.5187061679539,0.02067231765103804,0.17093788682616753,0.00042734471706541884,0.026367924496012378,0.012176518957878258
AVMD,IMF1,angle_position_mode,0.008692628650904,320,32000,32399,160.0,161.995,161.0,stable_43deg,stable_43deg,0.0,42.032484303247635,0.327442709448544,,,0.12105207873139762,5.861442306076995,0.014653605765192488,0.1213241382652477,0.028396886224150673
AVMD,IMF2,background_dynamic_mode,17.793810848400554,320,32000,32399,160.0,161.995,161.0,stable_43deg,stable_43deg,0.0,42.032484303247635,0.327442709448544,17.5,17.94309715461573,0.06742189263835992,1.8182846427754125,0.004545711606938532,0.09031522280620162,0.030993579413609734
AVMD,IMF3,background_dynamic_mode,39.90785813630041,320,32000,32399,160.0,161.995,161.0,stable_43deg,stable_43deg,0.0,42.032484303247635,0.327442709448544,38.0,37.742376366698956,0.033167315006181065,0.4400283138876975,0.0011000707847192437,0.043239989986548134,0.018112221618295385
AVMD,IMF4,background_dynamic_mode,54.08118915159944,320,32000,32399,160.0,161.995,161.0,stable_43deg,stable_43deg,0.0,42.032484303247635,0.327442709448544,54.0,52.892215032221586,0.021358750478715452,0.18247848880481102,0.00045619622201202754,0.027226605939198976,0.01302898622185751
AVMD,IMF5,background_dynamic_mode,59.97479137691238,320,32000,32399,160.0,161.995,161.0,stable_43deg,stable_43deg,0.0,42.032484303247635,0.327442709448544,60.0,61.13631086789647,0.02402938232167122,0.23096448590441815,0.0005774112147610453,0.030709501967490765,0.014566308695254422
AVMD,IMF6,background_dynamic_mode,80.04607093184978,320,32000,32399,160.0,161.995,161.0,stable_43deg,stable_43deg,0.0,42.032484303247635,0.327442709448544,80.0,79.81100511879794,0.05015352435425448,1.006150402061119,0.002515376005152797,0.06891303540495441,0.017301478241199368
AVMD,IMF7,background_dynamic_mode,90.29468011126563,320,32000,32399,160.0,161.995,161.0,stable_43deg,stable_43deg,0.0,42.032484303247635,0.327442709448544,90.0,91.9213905675162,0.019818434296319073,0.15710813518300643,0.00039277033795751605,0.025047076474760403,0.012340933848394301
AVMD,IMF1,angle_position_mode,0.008692628650904,321,32100,32499,160.5,162.495,161.5,stable_43deg,stable_43deg,0.0,42.19461858453484,0.31991374686231616,,,0.12659777731429517,6.410798888367948,0.01602699722091987,0.1266649097793885,0.026201962372831778
AVMD,IMF2,background_dynamic_mode,17.793810848400554,321,32100,32499,160.5,162.495,161.5,stable_43deg,stable_43deg,0.0,42.19461858453484,0.31991374686231616,17.5,17.93971200994611,0.07751945886718709,2.4037066012246044,0.006009266503061511,0.10538235806064682,0.030690580473160842
AVMD,IMF3,background_dynamic_mode,39.90785813630041,321,32100,32499,160.5,162.495,161.5,stable_43deg,stable_43deg,0.0,42.19461858453484,0.31991374686231616,40.0,37.95973910327418,0.03450061677055385,0.4761170230194486,0.0011902925575486216,0.04429320782381693,0.020441117593315076
AVMD,IMF4,background_dynamic_mode,54.08118915159944,321,32100,32499,160.5,162.495,161.5,stable_43deg,stable_43deg,0.0,42.19461858453484,0.31991374686231616,54.0,52.5236155939881,0.019360618703029978,0.14993342262564566,0.00037483355656411417,0.024720294419825702,0.011762473551766699
AVMD,IMF5,background_dynamic_mode,59.97479137691238,321,32100,32499,160.5,162.495,161.5,stable_43deg,stable_43deg,0.0,42.19461858453484,0.31991374686231616,60.0,60.84412394533846,0.02381997847970597,0.2269565499094622,0.0005673913747736556,0.03047779845580986,0.014356586258879601
AVMD,IMF6,background_dynamic_mode,80.04607093184978,321,32100,32499,160.5,162.495,161.5,stable_43deg,stable_43deg,0.0,42.19461858453484,0.31991374686231616,80.0,79.77202106303473,0.047959043169427513,0.9200279286908049,0.002300069821727012,0.06547157826923657,0.018089204056875485
AVMD,IMF7,background_dynamic_mode,90.29468011126563,321,32100,32499,160.5,162.495,161.5,stable_43deg,stable_43deg,0.0,42.19461858453484,0.31991374686231616,92.0,92.39514073838588,0.01975795327474992,0.1561506870428804,0.000390376717607201,0.025744608046414107,0.011092778793468575
AVMD,IMF1,angle_position_mode,0.008692628650904,322,32200,32599,161.0,162.995,162.0,stable_43deg,stable_43deg,0.0,42.35050312798792,0.30382059682155604,,,0.12359256862575994,6.110049207805273,0.01527512301951318,0.12417590247680618,0.026825467094150367
AVMD,IMF2,background_dynamic_mode,17.793810848400554,322,32200,32599,161.0,162.995,162.0,stable_43deg,stable_43deg,0.0,42.35050312798792,0.30382059682155604,18.0,17.985401465840297,0.07664610921998513,2.3498504234247557,0.005874626058561889,0.10464467197629686,0.028814807901027844
AVMD,IMF3,background_dynamic_mode,39.90785813630041,322,32200,32599,161.0,162.995,162.0,stable_43deg,stable_43deg,0.0,42.35050312798792,0.30382059682155604,40.0,37.74330321123264,0.034657563190340315,0.4804586745169729,0.0012011466862924321,0.04410361524571202,0.021360968241038
AVMD,IMF4,background_dynamic_mode,54.08118915159944,322,32200,32599,161.0,162.995,162.0,stable_43deg,stable_43deg,0.0,42.35050312798792,0.30382059682155604,53.5,52.35465059145163,0.018045125452263833,0.13025062103517598,0.00032562655258793995,0.023441403622473985,0.010117309896172481
AVMD,IMF5,background_dynamic_mode,59.97479137691238,322,32200,32599,161.0,162.995,162.0,stable_43deg,stable_43deg,0.0,42.35050312798792,0.30382059682155604,60.0,61.16610746341092,0.023648832890159045,0.2237069188266673,0.0005592672970666683,0.03053452720580146,0.013720251869697466
AVMD,IMF6,background_dynamic_mode,80.04607093184978,322,32200,32599,161.0,162.995,162.0,stable_43deg,stable_43deg,0.0,42.35050312798792,0.30382059682155604,80.0,79.78909164970287,0.04858644388666212,0.9442570118207066,0.0023606425295517666,0.06616117498341847,0.018972661907696177
AVMD,IMF7,background_dynamic_mode,90.29468011126563,322,32200,32599,161.0,162.995,162.0,stable_43deg,stable_43deg,0.0,42.35050312798792,0.30382059682155604,92.0,92.73864053201608,0.019878228856779735,0.15805759299300423,0.0003951439824825106,0.026250591845456972,0.010368245297311502
AVMD,IMF1,angle_position_mode,0.008692628650904,323,32300,32699,161.5,163.495,162.5,stable_43deg,stable_43deg,0.0,42.49650471648229,0.28195345596060634,,,0.12836281546005301,6.590804957132651,0.016477012392831628,0.12902325677114798,0.02761075405995747
AVMD,IMF2,background_dynamic_mode,17.793810848400554,323,32300,32699,161.5,163.495,162.5,stable_43deg,stable_43deg,0.0,42.49650471648229,0.28195345596060634,18.0,17.859731113112982,0.08286039612644447,2.7463380984925174,0.006865845246231294,0.11121613200001007,0.036366203776515824
AVMD,IMF3,background_dynamic_mode,39.90785813630041,323,32300,32699,161.5,163.495,162.5,stable_43deg,stable_43deg,0.0,42.49650471648229,0.28195345596060634,40.0,37.65656199747312,0.03314126845756925,0.4393374699906697,0.0010983436749766743,0.04260573700497301,0.019482075460153493
AVMD,IMF4,background_dynamic_mode,54.08118915159944,323,32300,32699,161.5,163.495,162.5,stable_43deg,stable_43deg,0.0,42.49650471648229,0.28195345596060634,53.0,51.190789238989304,0.017506186319238934,0.12258662377756335,0.0003064665594439084,0.022511614943840675,0.010339789744904168
AVMD,IMF5,background_dynamic_mode,59.97479137691238,323,32300,32699,161.5,163.495,162.5,stable_43deg,stable_43deg,0.0,42.49650471648229,0.28195345596060634,60.0,61.0778731261432,0.023412427317343713,0.21925670115596085,0.0005481417528899022,0.030401394675127237,0.013117673875540333
AVMD,IMF6,background_dynamic_mode,80.04607093184978,323,32300,32699,161.5,163.495,162.5,stable_43deg,stable_43deg,0.0,42.49650471648229,0.28195345596060634,80.0,79.94015197364085,0.04806159870783783,0.9239669081412956,0.002309917270353239,0.06485499094716636,0.020592494090502803
AVMD,IMF7,background_dynamic_mode,90.29468011126563,323,32300,32699,161.5,163.495,162.5,stable_43deg,stable_43deg,0.0,42.49650471648229,0.28195345596060634,92.0,92.73271988864623,0.01958672404503236,0.1534559035264995,0.00038363975881624873,0.026215557846772965,0.009520353721287554
AVMD,IMF1,angle_position_mode,0.008692628650904,324,32400,32799,162.0,163.995,163.0,stable_43deg,stable_43deg,0.0,42.63050637233839,0.25710048407958525,,,0.13127709453939643,6.893470220282252,0.01723367555070563,0.13229225660466046,0.029085757314748537
AVMD,IMF2,background_dynamic_mode,17.793810848400554,324,32400,32799,162.0,163.995,163.0,stable_43deg,stable_43deg,0.0,42.63050637233839,0.25710048407958525,18.0,17.87210649082446,0.08748724648438996,3.0616073189681616,0.007654018297420404,0.11760571096552878,0.03843751980135918
AVMD,IMF3,background_dynamic_mode,39.90785813630041,324,32400,32799,162.0,163.995,163.0,stable_43deg,stable_43deg,0.0,42.63050637233839,0.25710048407958525,40.0,37.42250739715383,0.033476252340159655,0.4482637882968179,0.0011206594707420447,0.042931986506314315,0.019985458373117045
AVMD,IMF4,background_dynamic_mode,54.08118915159944,324,32400,32799,162.0,163.995,163.0,stable_43deg,stable_43deg,0.0,42.63050637233839,0.25710048407958525,53.0,52.21358471364597,0.017214228226882136,0.11853186137887428,0.0002963296534471857,0.022293915614959886,0.009766563823414022
AVMD,IMF5,background_dynamic_mode,59.97479137691238,324,32400,32799,162.0,163.995,163.0,stable_43deg,stable_43deg,0.0,42.63050637233839,0.25710048407958525,60.0,61.01742885155084,0.024362266946573105,0.23740802031043537,0.0005935200507760885,0.03034005083600104,0.016265234370963947
AVMD,IMF6,background_dynamic_mode,80.04607093184978,324,32400,32799,162.0,163.995,163.0,stable_43deg,stable_43deg,0.0,42.63050637233839,0.25710048407958525,80.0,79.93952339094807,0.048504275437633096,0.941065894291911,0.0023526647357297774,0.06530951695011174,0.02096183299628911
AVMD,IMF7,background_dynamic_mode,90.29468011126563,324,32400,32799,162.0,163.995,163.0,stable_43deg,stable_43deg,0.0,42.63050637233839,0.25710048407958525,92.0,91.87081864677425,0.020460366510952423,0.16745063910500135,0.0004186265977625034,0.027009325326312113,0.009927241053479948
AVMD,IMF1,angle_position_mode,0.008692628650904,325,32500,32899,162.5,164.495,163.5,stable_43deg,stable_43deg,0.0,42.75176063543627,0.2316816179834197,,,0.12920604930779814,6.677681271091664,0.016694203177729162,0.1315725675536826,0.03013673470366356
AVMD,IMF2,background_dynamic_mode,17.793810848400554,325,32500,32899,162.5,164.495,163.5,stable_43deg,stable_43deg,0.0,42.75176063543627,0.2316816179834197,17.5,17.82366621617131,0.0849214842223964,2.884663393013888,0.00721165848253472,0.11431181963118159,0.03728000220790722
AVMD,IMF3,background_dynamic_mode,39.90785813630041,325,32500,32899,162.5,164.495,163.5,stable_43deg,stable_43deg,0.0,42.75176063543627,0.2316816179834197,37.5,36.60265394713276,0.031191686499662495,0.389168522677291,0.0009729213066932275,0.039511505956127645,0.019605021113077777
AVMD,IMF4,background_dynamic_mode,54.08118915159944,325,32500,32899,162.5,164.495,163.5,stable_43deg,stable_43deg,0.0,42.75176063543627,0.2316816179834197,53.0,52.153351699437536,0.018803314042537114,0.14142584759290938,0.00035356461898227343,0.024211787649826223,0.010997209898238368
AVMD,IMF5,background_dynamic_mode,59.97479137691238,325,32500,32899,162.5,164.495,163.5,stable_43deg,stable_43deg,0.0,42.75176063543627,0.2316816179834197,60.0,61.5340207447371,0.025716163876577422,0.26452843381079416,0.0006613210845269854,0.032275216965119605,0.01665349095630412
AVMD,IMF6,background_dynamic_mode,80.04607093184978,325,32500,32899,162.5,164.495,163.5,stable_43deg,stable_43deg,0.0,42.75176063543627,0.2316816179834197,80.0,79.8285836090182,0.04800172071359922,0.921666076586552,0.00230416519146638,0.06509105971564516,0.01929432613508201
AVMD,IMF7,background_dynamic_mode,90.29468011126563,325,32500,32899,162.5,164.495,163.5,stable_43deg,stable_43deg,0.0,42.75176063543627,0.2316816179834197,91.5,91.75539711729968,0.021945262997799225,0.19263782721703035,0.0004815945680425759,0.028003214498941036,0.01276931811774133
AVMD,IMF1,angle_position_mode,0.008692628650904,326,32600,32999,163.0,164.995,164.0,stable_43deg,stable_43deg,0.0,42.856684953580746,0.19678804353006749,,,0.12788711681142093,6.542045858535208,0.016355114646338022,0.13012064199744897,0.028327480621540224
AVMD,IMF2,background_dynamic_mode,17.793810848400554,326,32600,32999,163.0,164.995,164.0,stable_43deg,stable_43deg,0.0,42.856684953580746,0.19678804353006749,17.5,17.7886870439608,0.0856482284167105,2.9342476123684067,0.0073356190309210164,0.1152297481265496,0.03716059954704468
AVMD,IMF3,background_dynamic_mode,39.90785813630041,326,32600,32999,163.0,164.995,164.0,stable_43deg,stable_43deg,0.0,42.856684953580746,0.19678804353006749,37.5,37.11925436520828,0.033004276014886286,0.4357128941067192,0.001089282235266798,0.041861883999901046,0.02058854016777889
AVMD,IMF4,background_dynamic_mode,54.08118915159944,326,32600,32999,163.0,164.995,164.0,stable_43deg,stable_43deg,0.0,42.856684953580746,0.19678804353006749,54.5,52.2814255840868,0.019685904952856475,0.15501394152515963,0.00038753485381289905,0.025408438905533282,0.011368566469497174
AVMD,IMF5,background_dynamic_mode,59.97479137691238,326,32600,32999,163.0,164.995,164.0,stable_43deg,stable_43deg,0.0,42.856684953580746,0.19678804353006749,60.0,61.05990662653503,0.02629127470659093,0.2764924502789712,0.000691231125697428,0.033468170361051174,0.016125836617822586
AVMD,IMF6,background_dynamic_mode,80.04607093184978,326,32600,32999,163.0,164.995,164.0,stable_43deg,stable_43deg,0.0,42.856684953580746,0.19678804353006749,80.0,79.95672214064575,0.04704000450591933,0.8851048095667644,0.002212762023916911,0.06378396956584868,0.018736619041798016
AVMD,IMF7,background_dynamic_mode,90.29468011126563,326,32600,32999,163.0,164.995,164.0,stable_43deg,stable_43deg,0.0,42.856684953580746,0.19678804353006749,91.5,91.68696200396785,0.021674557964683348,0.18791458518576737,0.0004697864629644184,0.02760636259980062,0.01288634894433411
AVMD,IMF1,angle_position_mode,0.008692628650904,327,32700,33099,163.5,165.495,164.5,stable_43deg,stable_43deg,0.0,42.931444392221564,0.15524337607798494,,,0.12854389932649665,6.609413621624203,0.016523534054060506,0.13099811647747509,0.026744201738017715
AVMD,IMF2,background_dynamic_mode,17.793810848400554,327,32700,33099,163.5,165.495,164.5,stable_43deg,stable_43deg,0.0,42.931444392221564,0.15524337607798494,18.0,18.152888392028476,0.08721524257663135,3.04259941508026,0.00760649853770065,0.11774118050730537,0.038136398311323275
AVMD,IMF3,background_dynamic_mode,39.90785813630041,327,32700,33099,163.5,165.495,164.5,stable_43deg,stable_43deg,0.0,42.931444392221564,0.15524337607798494,39.5,37.688989055563574,0.036707395733319305,0.5389731606090034,0.0013474329015225083,0.046698938537968304,0.02271176585154844
AVMD,IMF4,background_dynamic_mode,54.08118915159944,327,32700,33099,163.5,165.495,164.5,stable_43deg,stable_43deg,0.0,42.931444392221564,0.15524337607798494,54.0,52.64938456158298,0.018160161984410447,0.13191659332001054,0.00032979148330002637,0.023063609933994398,0.011316593854644227
AVMD,IMF5,background_dynamic_mode,59.97479137691238,327,32700,33099,163.5,165.495,164.5,stable_43deg,stable_43deg,0.0,42.931444392221564,0.15524337607798494,60.0,61.07594132826432,0.027546669986152652,0.3035276109304013,0.0007588190273260033,0.035825433153866826,0.015309743397320717
AVMD,IMF6,background_dynamic_mode,80.04607093184978,327,32700,33099,163.5,165.495,164.5,stable_43deg,stable_43deg,0.0,42.931444392221564,0.15524337607798494,80.0,79.83893665376897,0.04671078373106566,0.8727589267081555,0.0021818973167703885,0.06358897981982183,0.01765823425282012
AVMD,IMF7,background_dynamic_mode,90.29468011126563,327,32700,33099,163.5,165.495,164.5,stable_43deg,stable_43deg,0.0,42.931444392221564,0.15524337607798494,91.5,91.59728230707329,0.023070189370083788,0.21289345502861076,0.0005322336375715269,0.029382682308962335,0.013877533463829432
AVMD,IMF1,angle_position_mode,0.008692628650904,328,32800,33199,164.0,165.995,165.0,stable_43deg,stable_43deg,0.0,42.97761510124122,0.11145093300227298,,,0.1257070710535279,6.320907085142686,0.015802267712856713,0.12973674333802593,0.023423230258566186
AVMD,IMF2,background_dynamic_mode,17.793810848400554,328,32800,33199,164.0,165.995,165.0,stable_43deg,stable_43deg,0.0,42.97761510124122,0.11145093300227298,18.0,17.81755121305108,0.09180843890747784,3.371515781851236,0.00842878945462809,0.12308871445555596,0.04083863902669639
AVMD,IMF3,background_dynamic_mode,39.90785813630041,328,32800,33199,164.0,165.995,165.0,stable_43deg,stable_43deg,0.0,42.97761510124122,0.11145093300227298,40.0,38.000714333837536,0.034438728502974705,0.47441040836064097,0.0011860260209016025,0.04303486094960036,0.02284066296682155
AVMD,IMF4,background_dynamic_mode,54.08118915159944,328,32800,33199,164.0,165.995,165.0,stable_43deg,stable_43deg,0.0,42.97761510124122,0.11145093300227298,53.5,52.90525062818256,0.018606843304076,0.13848584709697515,0.00034621461774243784,0.023672381900908937,0.011497079887648212
AVMD,IMF5,background_dynamic_mode,59.97479137691238,328,32800,33199,164.0,165.995,165.0,stable_43deg,stable_43deg,0.0,42.97761510124122,0.11145093300227298,60.0,60.97959070078172,0.02379709770884244,0.22652074374567766,0.0005663018593641941,0.031223858682882327,0.01254286967116853
AVMD,IMF6,background_dynamic_mode,80.04607093184978,328,32800,33199,164.0,165.995,165.0,stable_43deg,stable_43deg,0.0,42.97761510124122,0.11145093300227298,80.0,79.82572637021231,0.045676369903333555,0.8345323070184623,0.0020863307675461555,0.062241170780498685,0.017179656374711114
AVMD,IMF7,background_dynamic_mode,90.29468011126563,328,32800,33199,164.0,165.995,165.0,stable_43deg,stable_43deg,0.0,42.97761510124122,0.11145093300227298,91.0,91.89924604810243,0.021918430701811622,0.19216704177204733,0.00048041760443011833,0.028009335386930897,0.01353354677878529
AVMD,IMF1,angle_position_mode,0.008692628650904,329,32900,33299,164.5,166.495,165.5,stable_43deg,stable_43deg,0.0,42.998262962936636,0.05584762396557728,,,0.12245852078336626,5.998435724980059,0.014996089312450146,0.12664512103788905,0.023905846365877594
AVMD,IMF2,background_dynamic_mode,17.793810848400554,329,32900,33299,164.5,166.495,165.5,stable_43deg,stable_43deg,0.0,42.998262962936636,0.05584762396557728,17.5,17.864878691319362,0.08817957386242799,3.1102548986237575,0.007775637246559394,0.11462614062690953,0.04882665440118698
AVMD,IMF3,background_dynamic_mode,39.90785813630041,329,32900,33299,164.5,166.495,165.5,stable_43deg,stable_43deg,0.0,42.998262962936636,0.05584762396557728,40.0,38.30147381508643,0.03537066575576201,0.5004335984023343,0.0012510839960058356,0.04539735750903163,0.0210214292822815
AVMD,IMF4,background_dynamic_mode,54.08118915159944,329,32900,33299,164.5,166.495,165.5,stable_43deg,stable_43deg,0.0,42.998262962936636,0.05584762396557728,53.5,52.259709461735476,0.018063243581934903,0.130512307480125,0.00032628076870031247,0.023419147003657204,0.010178499709766775
AVMD,IMF5,background_dynamic_mode,59.97479137691238,329,32900,33299,164.5,166.495,165.5,stable_43deg,stable_43deg,0.0,42.998262962936636,0.05584762396557728,60.0,60.915537366680525,0.02229409763229924,0.19881071569539624,0.0004970267892384906,0.029204351207059265,0.012007742416992762
AVMD,IMF6,background_dynamic_mode,80.04607093184978,329,32900,33299,164.5,166.495,165.5,stable_43deg,stable_43deg,0.0,42.998262962936636,0.05584762396557728,80.0,79.70116120449853,0.04543370206633178,0.8256885133808802,0.0020642212834522007,0.06169047838972437,0.01767508202442889
AVMD,IMF7,background_dynamic_mode,90.29468011126563,329,32900,33299,164.5,166.495,165.5,stable_43deg,stable_43deg,0.0,42.998262962936636,0.05584762396557728,91.5,92.6986635453472,0.019860467806621183,0.15777527259913457,0.00039443818149783645,0.025987556710158847,0.011346619182979656
AVMD,IMF1,angle_position_mode,0.008692628650904,330,33000,33399,165.0,166.995,166.0,stable_43deg,stable_43deg,0.0,43.0,0.0,,,0.12661288643730909,6.412329204794769,0.016030823011986925,0.13035519235954834,0.028341681478256966
AVMD,IMF2,background_dynamic_mode,17.793810848400554,330,33000,33399,165.0,166.995,166.0,stable_43deg,stable_43deg,0.0,43.0,0.0,18.0,17.96000925526704,0.10139133360826663,4.1120810123451275,0.01028020253086282,0.13237348477484037,0.05469834551255793
AVMD,IMF3,background_dynamic_mode,39.90785813630041,330,33000,33399,165.0,166.995,166.0,stable_43deg,stable_43deg,0.0,43.0,0.0,40.0,37.75172124516824,0.034617308240065675,0.4793432119150875,0.0011983580297877188,0.04408009007382159,0.021332194103156725
AVMD,IMF4,background_dynamic_mode,54.08118915159944,330,33000,33399,165.0,166.995,166.0,stable_43deg,stable_43deg,0.0,43.0,0.0,53.5,51.61369432864096,0.01608833547475139,0.1035338153392576,0.000258834538348144,0.020787137612216258,0.009310580306409494
AVMD,IMF5,background_dynamic_mode,59.97479137691238,330,33000,33399,165.0,166.995,166.0,stable_43deg,stable_43deg,0.0,43.0,0.0,60.0,61.95435290032054,0.022813196137063077,0.20817676719524386,0.0005204419179881096,0.028663987838647494,0.014834261199868732
AVMD,IMF6,background_dynamic_mode,80.04607093184978,330,33000,33399,165.0,166.995,166.0,stable_43deg,stable_43deg,0.0,43.0,0.0,80.0,79.7758391450529,0.0452372514695514,0.8185635682077721,0.00204640892051943,0.06088315632295158,0.019642769941329834
AVMD,IMF7,background_dynamic_mode,90.29468011126563,330,33000,33399,165.0,166.995,166.0,stable_43deg,stable_43deg,0.0,43.0,0.0,91.5,92.18630643245008,0.021892689409065334,0.19171593982472054,0.00047928984956180137,0.02799626246440437,0.013953201892091155
AVMD,IMF1,angle_position_mode,0.008692628650904,331,33100,33499,165.5,167.495,166.5,stable_43deg,stable_43deg,0.0,43.0,0.0,,,0.12747880237716072,6.50033802220608,0.0162508450555152,0.1320499599970036,0.027651709396830704
AVMD,IMF2,background_dynamic_mode,17.793810848400554,331,33100,33499,165.5,167.495,166.5,stable_43deg,stable_43deg,0.0,43.0,0.0,18.0,17.920538231474396,0.10229081602906247,4.185364417556601,0.010463411043891502,0.13476698903199658,0.05188752898677254
AVMD,IMF3,background_dynamic_mode,39.90785813630041,331,33100,33499,165.5,167.495,166.5,stable_43deg,stable_43deg,0.0,43.0,0.0,40.0,37.8972658089203,0.03173659908738075,0.4028846886532548,0.001007211721633137,0.040528840344852705,0.019208390749744286
AVMD,IMF4,background_dynamic_mode,54.08118915159944,331,33100,33499,165.5,167.495,166.5,stable_43deg,stable_43deg,0.0,43.0,0.0,53.5,51.18050110338324,0.017130480872934027,0.1173813499751834,0.0002934533749379585,0.02241463781709299,0.009009877265535404
AVMD,IMF5,background_dynamic_mode,59.97479137691238,331,33100,33499,165.5,167.495,166.5,stable_43deg,stable_43deg,0.0,43.0,0.0,60.0,62.366624527513096,0.023243105097730258,0.21609677383365375,0.0005402419345841344,0.028310637966529394,0.016594602533479837
AVMD,IMF6,background_dynamic_mode,80.04607093184978,331,33100,33499,165.5,167.495,166.5,stable_43deg,stable_43deg,0.0,43.0,0.0,80.0,79.79243211366024,0.04543158790669085,0.8256116718893514,0.0020640291797233783,0.06092963250964245,0.020296605731210383
AVMD,IMF7,background_dynamic_mode,90.29468011126563,331,33100,33499,165.5,167.495,166.5,stable_43deg,stable_43deg,0.0,43.0,0.0,91.0,91.91801300585658,0.021348243322535817,0.18229899718327802,0.00045574749295819504,0.027192474646908313,0.013914006081759217
AVMD,IMF1,angle_position_mode,0.008692628650904,332,33200,33599,166.0,167.995,167.0,stable_43deg,stable_43deg,0.0,43.0,0.0,,,0.12921645536366377,6.678756934699884,0.01669689233674971,0.13329222671771254,0.033149210142881996
AVMD,IMF2,background_dynamic_mode,17.793810848400554,332,33200,33599,166.0,167.995,167.0,stable_43deg,stable_43deg,0.0,43.0,0.0,17.5,17.84155985171735,0.09497486612513784,3.6080900781951417,0.009020225195487855,0.12347931108618514,0.0528446137510189
AVMD,IMF3,background_dynamic_mode,39.90785813630041,332,33200,33599,166.0,167.995,167.0,stable_43deg,stable_43deg,0.0,43.0,0.0,40.0,38.266078913915415,0.0323095970211405,0.4175640238673964,0.001043910059668491,0.04161168059825357,0.018918179289487375
AVMD,IMF4,background_dynamic_mode,54.08118915159944,332,33200,33599,166.0,167.995,167.0,stable_43deg,stable_43deg,0.0,43.0,0.0,51.5,51.70922928103639,0.01755589513333822,0.12328378157310746,0.00030820945393276864,0.022649811110637737,0.010184392430763706
AVMD,IMF5,background_dynamic_mode,59.97479137691238,332,33200,33599,166.0,167.995,167.0,stable_43deg,stable_43deg,0.0,43.0,0.0,60.0,61.2236553809182,0.025039844702477776,0.2507975290896817,0.0006269938227242044,0.0314417206577005,0.016313664427671144
AVMD,IMF6,background_dynamic_mode,80.04607093184978,332,33200,33599,166.0,167.995,167.0,stable_43deg,stable_43deg,0.0,43.0,0.0,80.0,79.83150387684869,0.04580755208170756,0.8393327310873402,0.0020983318277183506,0.061136439190159514,0.02136408554169332
AVMD,IMF7,background_dynamic_mode,90.29468011126563,332,33200,33599,166.0,167.995,167.0,stable_43deg,stable_43deg,0.0,43.0,0.0,90.5,92.04905915451927,0.021604716347425633,0.18670550738108815,0.0004667637684527204,0.02806881867568603,0.014085051612004436
AVMD,IMF1,angle_position_mode,0.008692628650904,333,33300,33699,166.5,168.495,167.5,stable_43deg,stable_43deg,0.0,43.0,0.0,,,0.13795899029276365,7.613073201039541,0.019032683002598853,0.14117917606429342,0.035209318783864345
AVMD,IMF2,background_dynamic_mode,17.793810848400554,333,33300,33699,166.5,168.495,167.5,stable_43deg,stable_43deg,0.0,43.0,0.0,17.5,17.79984383545113,0.10039494000953914,4.031657591807585,0.010079143979518963,0.13474215472997733,0.04430014393155898
AVMD,IMF3,background_dynamic_mode,39.90785813630041,333,33300,33699,166.5,168.495,167.5,stable_43deg,stable_43deg,0.0,43.0,0.0,38.0,37.42273633070382,0.03137649254700168,0.39379371382082073,0.000984484284552052,0.03983860609223911,0.019520038625019838
AVMD,IMF4,background_dynamic_mode,54.08118915159944,333,33300,33699,166.5,168.495,167.5,stable_43deg,stable_43deg,0.0,43.0,0.0,55.5,52.498838124828744,0.02026022740843433,0.16419072585658945,0.00041047681464147364,0.02546343341199206,0.013276040904922876
AVMD,IMF5,background_dynamic_mode,59.97479137691238,333,33300,33699,166.5,168.495,167.5,stable_43deg,stable_43deg,0.0,43.0,0.0,60.0,60.05077084191862,0.024573808914313013,0.2415488338228679,0.0006038720845571697,0.03055486792529104,0.016559521350331573
AVMD,IMF6,background_dynamic_mode,80.04607093184978,333,33300,33699,166.5,168.495,167.5,stable_43deg,stable_43deg,0.0,43.0,0.0,80.0,79.54526758581515,0.04628839185575473,0.8570460882367603,0.0021426152205919007,0.06184093774537728,0.02148015007189658
AVMD,IMF7,background_dynamic_mode,90.29468011126563,333,33300,33699,166.5,168.495,167.5,stable_43deg,stable_43deg,0.0,43.0,0.0,92.5,91.77666381004823,0.023044212989328332,0.21241430091901145,0.0005310357522975286,0.02917514544972848,0.014900173785161031
AVMD,IMF1,angle_position_mode,0.008692628650904,334,33400,33799,167.0,168.995,168.0,stable_43deg,stable_43deg,0.0,43.0,0.0,,,0.14104822686296292,7.95784092047434,0.01989460230118585,0.14851764774384812,0.03432443389477553
AVMD,IMF2,background_dynamic_mode,17.793810848400554,334,33400,33799,167.0,168.995,168.0,stable_43deg,stable_43deg,0.0,43.0,0.0,18.0,17.867652374414906,0.09754491771301949,3.8060043886558965,0.009515010971639742,0.1332407246645277,0.03615857498516577
AVMD,IMF3,background_dynamic_mode,39.90785813630041,334,33400,33799,167.0,168.995,168.0,stable_43deg,stable_43deg,0.0,43.0,0.0,40.0,37.27520537431525,0.03598887628536722,0.5180796865133869,0.0012951992162834672,0.045594321763472286,0.02275078285010779
AVMD,IMF4,background_dynamic_mode,54.08118915159944,334,33400,33799,167.0,168.995,168.0,stable_43deg,stable_43deg,0.0,43.0,0.0,52.0,51.776139788936746,0.023278574047058017,0.2167568038657452,0.000541892009664363,0.02978933227696408,0.013955758709878046
AVMD,IMF5,background_dynamic_mode,59.97479137691238,334,33400,33799,167.0,168.995,168.0,stable_43deg,stable_43deg,0.0,43.0,0.0,60.0,60.3530972231281,0.021662350563602755,0.18770297277616824,0.0004692574319404206,0.027308849372943814,0.013932868721890826
AVMD,IMF6,background_dynamic_mode,80.04607093184978,334,33400,33799,167.0,168.995,168.0,stable_43deg,stable_43deg,0.0,43.0,0.0,80.0,79.73975590359444,0.04581566662232729,0.839630123219294,0.002099075308048235,0.06123574791835093,0.02099939431367319
AVMD,IMF7,background_dynamic_mode,90.29468011126563,334,33400,33799,167.0,168.995,168.0,stable_43deg,stable_43deg,0.0,43.0,0.0,92.0,93.20832125131926,0.021027339697331778,0.17685960589879396,0.0004421490147469849,0.0266294852190737,0.013078353850838352
AVMD,IMF1,angle_position_mode,0.008692628650904,335,33500,33899,167.5,169.495,168.5,stable_43deg,stable_43deg,0.0,43.0,0.0,,,0.139564488687418,7.791298601032169,0.019478246502580423,0.14838742167382843,0.037525801458919816
AVMD,IMF2,background_dynamic_mode,17.793810848400554,335,33500,33899,167.5,169.495,168.5,stable_43deg,stable_43deg,0.0,43.0,0.0,18.0,17.826705708089193,0.1082980128728987,4.691383836887413,0.011728459592218531,0.14465073957319582,0.04981059324038136
AVMD,IMF3,background_dynamic_mode,39.90785813630041,335,33500,33899,167.5,169.495,168.5,stable_43deg,stable_43deg,0.0,43.0,0.0,40.0,36.75925969655922,0.035067206199797085,0.4918835802636348,0.001229708950659087,0.0431091366511871,0.02449298527281849
AVMD,IMF4,background_dynamic_mode,54.08118915159944,335,33500,33899,167.5,169.495,168.5,stable_43deg,stable_43deg,0.0,43.0,0.0,53.5,51.585823608524805,0.027201402545778203,0.2959665201829876,0.000739916300457469,0.034572644295231846,0.016967162980730092
AVMD,IMF5,background_dynamic_mode,59.97479137691238,335,33500,33899,167.5,169.495,168.5,stable_43deg,stable_43deg,0.0,43.0,0.0,60.0,61.49512624569706,0.02006131467207012,0.1609825385487263,0.00040245634637181576,0.02605015429469375,0.011379761209983708
AVMD,IMF6,background_dynamic_mode,80.04607093184978,335,33500,33899,167.5,169.495,168.5,stable_43deg,stable_43deg,0.0,43.0,0.0,80.0,79.7555675725101,0.04407584446988088,0.7770720262932517,0.0019426800657331292,0.05878066435038537,0.02067639495584007
AVMD,IMF7,background_dynamic_mode,90.29468011126563,335,33500,33899,167.5,169.495,168.5,stable_43deg,stable_43deg,0.0,43.0,0.0,92.0,93.79657841005017,0.023238277668767224,0.2160070196042902,0.0005400175490107255,0.02855559657711662,0.015322556976835496
AVMD,IMF1,angle_position_mode,0.008692628650904,336,33600,33999,168.0,169.995,169.0,stable_43deg,stable_43deg,0.0,43.0,0.0,,,0.13792888588168517,7.609751024225173,0.01902437756056293,0.15059324088125833,0.03365187819907152
AVMD,IMF2,background_dynamic_mode,17.793810848400554,336,33600,33999,168.0,169.995,169.0,stable_43deg,stable_43deg,0.0,43.0,0.0,18.0,17.70730566808893,0.1100069259705928,4.840609504599794,0.012101523761499484,0.14898298120570286,0.045046057816780206
AVMD,IMF3,background_dynamic_mode,39.90785813630041,336,33600,33999,168.0,169.995,169.0,stable_43deg,stable_43deg,0.0,43.0,0.0,38.0,37.64213718904797,0.03384350704420418,0.4581531876204391,0.0011453829690510977,0.040480174732419875,0.025518606300893303
AVMD,IMF4,background_dynamic_mode,54.08118915159944,336,33600,33999,168.0,169.995,169.0,stable_43deg,stable_43deg,0.0,43.0,0.0,53.5,52.04957601552883,0.026819736246058032,0.2877193009232476,0.000719298252308119,0.03392696940524608,0.01695820808806091
AVMD,IMF5,background_dynamic_mode,59.97479137691238,336,33600,33999,168.0,169.995,169.0,stable_43deg,stable_43deg,0.0,43.0,0.0,60.0,62.006940504734246,0.0190911172508651,0.1457883031545116,0.000364470757886279,0.024720543446726365,0.010886649662562099
AVMD,IMF6,background_dynamic_mode,80.04607093184978,336,33600,33999,168.0,169.995,169.0,stable_43deg,stable_43deg,0.0,43.0,0.0,80.0,79.74811361755638,0.044559049424938796,0.7942035542616555,0.0019855088856541385,0.05909265376619305,0.021774371436675627
AVMD,IMF7,background_dynamic_mode,90.29468011126563,336,33600,33999,168.0,169.995,169.0,stable_43deg,stable_43deg,0.0,43.0,0.0,93.5,93.10885522623165,0.02225987843177907,0.19820087511903323,0.000495502187797583,0.02643931531232158,0.015822589444901704
AVMD,IMF1,angle_position_mode,0.008692628650904,337,33700,34099,168.5,170.495,169.5,stable_43deg,stable_43deg,0.0,42.99923330714025,0.057686562486911105,,,0.13139612093128722,6.905976238315783,0.01726494059578946,0.14803568405205433,0.03161940834754523
AVMD,IMF2,background_dynamic_mode,17.793810848400554,337,33700,34099,168.5,170.495,169.5,stable_43deg,stable_43deg,0.0,42.99923330714025,0.057686562486911105,18.0,18.104398295398028,0.10511183539196708,4.419399175787193,0.011048497939467983,0.13975631318123274,0.051062123403542437
AVMD,IMF3,background_dynamic_mode,39.90785813630041,337,33700,34099,168.5,170.495,169.5,stable_43deg,stable_43deg,0.0,42.99923330714025,0.057686562486911105,39.5,38.24274848719391,0.036112440376376294,0.5216433399749331,0.0013041083499373326,0.04336227274062589,0.02697787387298791
AVMD,IMF4,background_dynamic_mode,54.08118915159944,337,33700,34099,168.5,170.495,169.5,stable_43deg,stable_43deg,0.0,42.99923330714025,0.057686562486911105,53.0,51.94745363971967,0.024649371408460997,0.24303660433290178,0.0006075915108322544,0.030604073949688747,0.016586629741812638
AVMD,IMF5,background_dynamic_mode,59.97479137691238,337,33700,34099,168.5,170.495,169.5,stable_43deg,stable_43deg,0.0,42.99923330714025,0.057686562486911105,60.0,61.35636176089668,0.020455612395470568,0.16737283138949163,0.0004184320784737291,0.026549081093934376,0.011434446618288636
AVMD,IMF6,background_dynamic_mode,80.04607093184978,337,33700,34099,168.5,170.495,169.5,stable_43deg,stable_43deg,0.0,42.99923330714025,0.057686562486911105,80.0,79.89732116772394,0.046354637533830484,0.8595009683571225,0.002148752420892806,0.061297256777617604,0.02314098265893677
AVMD,IMF7,background_dynamic_mode,90.29468011126563,337,33700,34099,168.5,170.495,169.5,stable_43deg,stable_43deg,0.0,42.99923330714025,0.057686562486911105,92.5,92.80000928831129,0.02145686313899223,0.1841587903061774,0.0004603969757654435,0.025756109534137983,0.015600385758774591
AVMD,IMF1,angle_position_mode,0.008692628650904,338,33800,34199,169.0,170.995,170.0,stable_43deg,stable_43deg,0.0,42.97606219023437,0.14516434728085062,,,0.12078206606319035,5.835322992997152,0.014588307482492879,0.13581564595499504,0.03086132701683479
AVMD,IMF2,background_dynamic_mode,17.793810848400554,338,33800,34199,169.0,170.995,170.0,stable_43deg,stable_43deg,0.0,42.97606219023437,0.14516434728085062,18.0,17.87563268545831,0.09452491067471094,3.5739834952248337,0.008934958738062083,0.12280228075181815,0.05322794477630909
AVMD,IMF3,background_dynamic_mode,39.90785813630041,338,33800,34199,169.0,170.995,170.0,stable_43deg,stable_43deg,0.0,42.97606219023437,0.14516434728085062,40.0,38.72274268556528,0.03236264431711205,0.4189362988783619,0.0010473407471959049,0.03886199811940674,0.023983482146540062
AVMD,IMF4,background_dynamic_mode,54.08118915159944,338,33800,34199,169.0,170.995,170.0,stable_43deg,stable_43deg,0.0,42.97606219023437,0.14516434728085062,54.0,51.9633373456781,0.022500338963908708,0.2025061013963154,0.0005062652534907885,0.027453814455788046,0.01610793860703177
AVMD,IMF5,background_dynamic_mode,59.97479137691238,338,33800,34199,169.0,170.995,170.0,stable_43deg,stable_43deg,0.0,42.97606219023437,0.14516434728085062,60.0,61.22612386375625,0.024786139353945875,0.24574108162928981,0.0006143527040732245,0.03211183132638294,0.01404153199749447
AVMD,IMF6,background_dynamic_mode,80.04607093184978,338,33800,34199,169.0,170.995,170.0,stable_43deg,stable_43deg,0.0,42.97606219023437,0.14516434728085062,80.0,79.78313599894722,0.0470622376816419,0.8859416862413421,0.002214854215603355,0.06277873575024037,0.02201914056216697
AVMD,IMF7,background_dynamic_mode,90.29468011126563,338,33800,34199,169.0,170.995,170.0,stable_43deg,stable_43deg,0.0,42.97606219023437,0.14516434728085062,92.0,92.72956015576735,0.021074561344419214,0.17765485434387546,0.0004441371358596886,0.025701220368624194,0.015067461449303475
AVMD,IMF1,angle_position_mode,0.008692628650904,339,33900,34299,169.5,171.495,170.5,stable_43deg,stable_43deg,0.0,42.91773331291346,0.20689578054812446,,,0.12287482115148303,6.039288669203577,0.015098221673008942,0.13669043094733904,0.02753118740265189
AVMD,IMF2,background_dynamic_mode,17.793810848400554,339,33900,34299,169.5,171.495,170.5,stable_43deg,stable_43deg,0.0,42.91773331291346,0.20689578054812446,17.5,17.76404034067175,0.08535009087534151,2.9138552049716218,0.007284638012429055,0.11469675198136972,0.03941813673334608
AVMD,IMF3,background_dynamic_mode,39.90785813630041,339,33900,34299,169.5,171.495,170.5,stable_43deg,stable_43deg,0.0,42.91773331291346,0.20689578054812446,40.0,38.128107202241324,0.03266296990874855,0.42674784130392523,0.001066869603259813,0.03930779450029089,0.02429180175297923
AVMD,IMF4,background_dynamic_mode,54.08118915159944,339,33900,34299,169.5,171.495,170.5,stable_43deg,stable_43deg,0.0,42.91773331291346,0.20689578054812446,54.0,52.97065332719261,0.017996100293529795,0.12954385030991328,0.0003238596257747832,0.023393495675301322,0.01007944760217572
AVMD,IMF5,background_dynamic_mode,59.97479137691238,339,33900,34299,169.5,171.495,170.5,stable_43deg,stable_43deg,0.0,42.91773331291346,0.20689578054812446,60.0,60.9652616994649,0.026400393404841162,0.2787923087721523,0.0006969807719303807,0.03425924073762149,0.014849810457561324
AVMD,IMF6,background_dynamic_mode,80.04607093184978,339,33900,34299,169.5,171.495,170.5,stable_43deg,stable_43deg,0.0,42.91773331291346,0.20689578054812446,80.0,79.81701028775741,0.049229936831056774,0.9694346721559362,0.0024235866803898405,0.06650832330656736,0.020557246595665865
AVMD,IMF7,background_dynamic_mode,90.29468011126563,339,33900,34299,169.5,171.495,170.5,stable_43deg,stable_43deg,0.0,42.91773331291346,0.20689578054812446,92.5,91.3454794811119,0.018719518629533995,0.14016815108858813,0.0003504203777214703,0.024259970584347704,0.01142993203126328
AVMD,IMF1,angle_position_mode,0.008692628650904,340,34000,34399,170.0,171.995,171.0,stable_43deg,stable_43deg,0.0,42.821296406306395,0.25944080373995154,,,0.12271496225109575,6.023584784115142,0.015058961960287855,0.13758955568920844,0.03149727769278635
AVMD,IMF2,background_dynamic_mode,17.793810848400554,340,34000,34399,170.0,171.995,171.0,stable_43deg,stable_43deg,0.0,42.821296406306395,0.25944080373995154,18.0,17.980588827898206,0.08999552282471114,3.2396776513972414,0.008099194128493104,0.11865342017939724,0.046302658067070596
AVMD,IMF3,background_dynamic_mode,39.90785813630041,340,34000,34399,170.0,171.995,171.0,stable_43deg,stable_43deg,0.0,42.821296406306395,0.25944080373995154,40.0,37.19707100121974,0.033158611026156276,0.439797394073573,0.0010994934851839325,0.04068072719313903,0.023350474118086884
AVMD,IMF4,background_dynamic_mode,54.08118915159944,340,34000,34399,170.0,171.995,171.0,stable_43deg,stable_43deg,0.0,42.821296406306395,0.25944080373995154,55.0,51.89312172615837,0.021008320489766846,0.176539811920303,0.00044134952980075747,0.026830996091769012,0.01277494878141066
AVMD,IMF5,background_dynamic_mode,59.97479137691238,340,34000,34399,170.0,171.995,171.0,stable_43deg,stable_43deg,0.0,42.821296406306395,0.25944080373995154,60.0,61.680972167045496,0.027477122754978957,0.301996909956873,0.0007549922748921825,0.03606741156557626,0.014482445004917065
AVMD,IMF6,background_dynamic_mode,80.04607093184978,340,34000,34399,170.0,171.995,171.0,stable_43deg,stable_43deg,0.0,42.821296406306395,0.25944080373995154,80.0,79.64162238192046,0.04691880411782091,0.8805496719385792,0.002201374179846448,0.06373576960509801,0.01841471861411075
AVMD,IMF7,background_dynamic_mode,90.29468011126563,340,34000,34399,170.0,171.995,171.0,stable_43deg,stable_43deg,0.0,42.821296406306395,0.25944080373995154,93.0,91.93606052364207,0.01906888255909173,0.1454489128209731,0.00036362228205243276,0.02469856330380284,0.010982724996140765
AVMD,IMF1,angle_position_mode,0.008692628650904,341,34100,34499,170.5,172.495,171.5,stable_43deg,stable_43deg,0.0,42.686010961689156,0.2988664085383788,,,0.12245635069605064,5.9982231303176565,0.014995557825794141,0.136451883977325,0.03028078920428338
AVMD,IMF2,background_dynamic_mode,17.793810848400554,341,34100,34499,170.5,172.495,171.5,stable_43deg,stable_43deg,0.0,42.686010961689156,0.2988664085383788,18.0,17.91214171912862,0.09112739064942889,3.3216805306294477,0.00830420132657362,0.11838892875639734,0.051073257358384624
AVMD,IMF3,background_dynamic_mode,39.90785813630041,341,34100,34499,170.5,172.495,171.5,stable_43deg,stable_43deg,0.0,42.686010961689156,0.2988664085383788,40.0,37.442422140482336,0.03226321765956294,0.41636608549933374,0.0010409152137483342,0.04003589425556373,0.02189522817167895
AVMD,IMF4,background_dynamic_mode,54.08118915159944,341,34100,34499,170.5,172.495,171.5,stable_43deg,stable_43deg,0.0,42.686010961689156,0.2988664085383788,54.0,51.948518929226154,0.022787058476055586,0.20770001359647067,0.0005192500339911767,0.028753064085233582,0.014558126373460337
AVMD,IMF5,background_dynamic_mode,59.97479137691238,341,34100,34499,170.5,172.495,171.5,stable_43deg,stable_43deg,0.0,42.686010961689156,0.2988664085383788,60.0,61.20441147027143,0.02813136501499322,0.3165494790427138,0.0007913736976067845,0.03702373507817811,0.01461682456488182
AVMD,IMF6,background_dynamic_mode,80.04607093184978,341,34100,34499,170.5,172.495,171.5,stable_43deg,stable_43deg,0.0,42.686010961689156,0.2988664085383788,80.0,79.65160458014071,0.04410366513576375,0.7780533113630331,0.0019451332784075827,0.06046462128463151,0.015505380850259059
AVMD,IMF7,background_dynamic_mode,90.29468011126563,341,34100,34499,170.5,172.495,171.5,stable_43deg,stable_43deg,0.0,42.686010961689156,0.2988664085383788,93.5,92.91455998347868,0.020281378683937073,0.16453372852850282,0.00041133432132125705,0.026050618322131954,0.011683706207228814
AVMD,IMF1,angle_position_mode,0.008692628650904,342,34200,34599,171.0,172.995,172.0,stable_43deg,stable_43deg,0.0,42.53383254873987,0.30855295162646856,,,0.1302733558331134,6.788458896008391,0.016971147240020978,0.14500642712538808,0.029306065935587447
AVMD,IMF2,background_dynamic_mode,17.793810848400554,342,34200,34599,171.0,172.995,172.0,stable_43deg,stable_43deg,0.0,42.53383254873987,0.30855295162646856,18.0,17.91371377438529,0.1014248196057541,4.114797612823905,0.010286994032059762,0.13367340668498798,0.05152920395686052
AVMD,IMF3,background_dynamic_mode,39.90785813630041,342,34200,34599,171.0,172.995,172.0,stable_43deg,stable_43deg,0.0,42.53383254873987,0.30855295162646856,40.0,38.16460476936266,0.030298396281941684,0.367197126903031,0.0009179928172575775,0.03746484442457139,0.020892428147038775
AVMD,IMF4,background_dynamic_mode,54.08118915159944,342,34200,34599,171.0,172.995,172.0,stable_43deg,stable_43deg,0.0,42.53383254873987,0.30855295162646856,52.0,52.136042183006246,0.02264561242548044,0.2051295048500297,0.0005128237621250742,0.02889368502916344,0.013846551976294285
AVMD,IMF5,background_dynamic_mode,59.97479137691238,342,34200,34599,171.0,172.995,172.0,stable_43deg,stable_43deg,0.0,42.53383254873987,0.30855295162646856,60.0,60.38870887137204,0.027332292921463365,0.29882169453787055,0.0007470542363446764,0.03634428678475826,0.013125204898436455
AVMD,IMF6,background_dynamic_mode,80.04607093184978,342,34200,34599,171.0,172.995,172.0,stable_43deg,stable_43deg,0.0,42.53383254873987,0.30855295162646856,80.0,79.80282420023202,0.04303858128481889,0.7409277916039851,0.0018523194790099628,0.05908164057954169,0.014865004956646213
AVMD,IMF7,background_dynamic_mode,90.29468011126563,342,34200,34599,171.0,172.995,172.0,stable_43deg,stable_43deg,0.0,42.53383254873987,0.30855295162646856,92.0,92.16228034482593,0.020819711613448855,0.17338415666687085,0.00043346039166717714,0.026772025271304515,0.012037318187604312
AVMD,IMF1,angle_position_mode,0.008692628650904,343,34300,34699,171.5,173.495,172.5,stable_43deg,stable_43deg,0.0,42.38009555179511,0.30433003310756906,,,0.12900967506371272,6.657398504017895,0.016643496260044736,0.14829759886243252,0.033157266808521435
AVMD,IMF2,background_dynamic_mode,17.793810848400554,343,34300,34699,171.5,173.495,172.5,stable_43deg,stable_43deg,0.0,42.38009555179511,0.30433003310756906,18.0,17.813354010150245,0.09712218506947862,3.773087533068022,0.009432718832670056,0.1246460395010555,0.05679747627604125
AVMD,IMF3,background_dynamic_mode,39.90785813630041,343,34300,34699,171.5,173.495,172.5,stable_43deg,stable_43deg,0.0,42.38009555179511,0.30433003310756906,40.0,37.64029959092149,0.029665384280577335,0.35201400980572994,0.0008800350245143249,0.03811166096032436,0.01762061267572362
AVMD,IMF4,background_dynamic_mode,54.08118915159944,343,34300,34699,171.5,173.495,172.5,stable_43deg,stable_43deg,0.0,42.38009555179511,0.30433003310756906,53.5,52.1424244422517,0.024552490604650253,0.24112991795657557,0.0006028247948914389,0.031541387788659385,0.014468485854058879
AVMD,IMF5,background_dynamic_mode,59.97479137691238,343,34300,34699,171.5,173.495,172.5,stable_43deg,stable_43deg,0.0,42.38009555179511,0.30433003310756906,60.0,60.5434946595328,0.02960423004476803,0.3505641746174184,0.000876410436543546,0.0391069537061103,0.015009838530104805
AVMD,IMF6,background_dynamic_mode,80.04607093184978,343,34300,34699,171.5,173.495,172.5,stable_43deg,stable_43deg,0.0,42.38009555179511,0.30433003310756906,80.0,79.79361028995662,0.04253544020930477,0.7237054695197364,0.001809263673799341,0.058584332874510155,0.014271809033058209
AVMD,IMF7,background_dynamic_mode,90.29468011126563,343,34300,34699,171.5,173.495,172.5,stable_43deg,stable_43deg,0.0,42.38009555179511,0.30433003310756906,92.0,92.0010365345884,0.020945150054577564,0.17547972432350822,0.00043869931080877056,0.026308681084488854,0.013426272409431506
AVMD,IMF1,angle_position_mode,0.008692628650904,344,34400,34799,172.0,173.995,173.0,stable_43deg,stable_43deg,0.0,42.233039582777934,0.2838200521600166,,,0.12805238827186408,6.558965656851292,0.016397414142128232,0.14561325892653826,0.030417628315031704
AVMD,IMF2,background_dynamic_mode,17.793810848400554,344,34400,34799,172.0,173.995,173.0,stable_43deg,stable_43deg,0.0,42.233039582777934,0.2838200521600166,17.5,17.77002114097935,0.09309267040925712,3.4664981135706308,0.008666245283926576,0.11756238255938267,0.058728524396709086
AVMD,IMF3,background_dynamic_mode,39.90785813630041,344,34400,34799,172.0,173.995,173.0,stable_43deg,stable_43deg,0.0,42.233039582777934,0.2838200521600166,37.5,36.751990399450136,0.030161193186575234,0.36387902977516495,0.0009096975744379124,0.038858259038263225,0.01756299290829888
AVMD,IMF4,background_dynamic_mode,54.08118915159944,344,34400,34799,172.0,173.995,173.0,stable_43deg,stable_43deg,0.0,42.233039582777934,0.2838200521600166,54.0,52.32801023347914,0.02166201573290295,0.18769717024501395,0.0004692429256125349,0.027155373509116183,0.01416592229330429
AVMD,IMF5,background_dynamic_mode,59.97479137691238,344,34400,34799,172.0,173.995,173.0,stable_43deg,stable_43deg,0.0,42.233039582777934,0.2838200521600166,60.0,61.0308422864974,0.030228821646669967,0.3655126632584731,0.0009137816581461827,0.039265914869477524,0.016948342147838653
AVMD,IMF6,background_dynamic_mode,80.04607093184978,344,34400,34799,172.0,173.995,173.0,stable_43deg,stable_43deg,0.0,42.233039582777934,0.2838200521600166,80.0,79.60110606095137,0.04349954172554213,0.7568840521328722,0.0018922101303321807,0.05930199626073325,0.01666116979046008
AVMD,IMF7,background_dynamic_mode,90.29468011126563,344,34400,34799,172.0,173.995,173.0,stable_43deg,stable_43deg,0.0,42.233039582777934,0.2838200521600166,92.0,92.40609635691447,0.021598477167347734,0.18659768637937654,0.00046649421594844134,0.02753455381230484,0.012878578069897785
AVMD,IMF1,angle_position_mode,0.008692628650904,345,34500,34899,172.5,174.495,173.5,stable_43deg,stable_43deg,0.0,42.1025386431898,0.24588608339829873,,,0.1302150918911733,6.782388062490682,0.016955970156226706,0.15180587704725723,0.03119161419746306
AVMD,IMF2,background_dynamic_mode,17.793810848400554,345,34500,34899,172.5,174.495,173.5,stable_43deg,stable_43deg,0.0,42.1025386431898,0.24588608339829873,18.0,17.990455837243395,0.10550689539024682,4.452681989955394,0.011131704974888485,0.13787709180129107,0.057233857293369585
AVMD,IMF3,background_dynamic_mode,39.90785813630041,345,34500,34899,172.5,174.495,173.5,stable_43deg,stable_43deg,0.0,42.1025386431898,0.24588608339829873,36.5,36.89802446695253,0.030628813598348622,0.3752496889769542,0.0009381242224423855,0.03942549596985515,0.01787034674453625
AVMD,IMF4,background_dynamic_mode,54.08118915159944,345,34500,34899,172.5,174.495,173.5,stable_43deg,stable_43deg,0.0,42.1025386431898,0.24588608339829873,54.5,52.45933981659497,0.020650161096706553,0.17057166132797313,0.00042642915331993285,0.026424573862197126,0.012511872695560436
AVMD,IMF5,background_dynamic_mode,59.97479137691238,345,34500,34899,172.5,174.495,173.5,stable_43deg,stable_43deg,0.0,42.1025386431898,0.24588608339829873,60.0,60.91932211846876,0.03108873364136037,0.38660374376938084,0.0009665093594234521,0.04062488527121661,0.01693954420031147
AVMD,IMF6,background_dynamic_mode,80.04607093184978,345,34500,34899,172.5,174.495,173.5,stable_43deg,stable_43deg,0.0,42.1025386431898,0.24588608339829873,80.0,79.89152307754544,0.0449783714047891,0.8092215576908601,0.00202305389422715,0.06090565075228278,0.018442316371836888
AVMD,IMF7,background_dynamic_mode,90.29468011126563,345,34500,34899,172.5,174.495,173.5,stable_43deg,stable_43deg,0.0,42.1025386431898,0.24588608339829873,92.0,92.40502035275225,0.019583805673074692,0.153410177856301,0.0003835254446407525,0.024780909251883636,0.012583523473425442
AVMD,IMF1,angle_position_mode,0.008692628650904,346,34600,34999,173.0,174.995,174.0,stable_43deg,stable_43deg,0.0,41.999904744722535,0.19353051563291165,,,0.12661446801546355,6.412489404335536,0.01603122351083884,0.15099443753294,0.028912830507345097
AVMD,IMF2,background_dynamic_mode,17.793810848400554,346,34600,34999,173.0,174.995,174.0,stable_43deg,stable_43deg,0.0,41.999904744722535,0.19353051563291165,18.0,17.878188451307945,0.11247094441273846,5.059885334837322,0.012649713337093305,0.14778050389064595,0.059369128344406726
AVMD,IMF3,background_dynamic_mode,39.90785813630041,346,34600,34999,173.0,174.995,174.0,stable_43deg,stable_43deg,0.0,41.999904744722535,0.19353051563291165,40.0,37.423167098373405,0.03079628053637227,0.3793643579499766,0.0009484108948749414,0.039619975941839886,0.018220842059912583
AVMD,IMF4,background_dynamic_mode,54.08118915159944,346,34600,34999,173.0,174.995,174.0,stable_43deg,stable_43deg,0.0,41.999904744722535,0.19353051563291165,53.5,52.35613174311217,0.024328584424304717,0.23675200803620883,0.000591880020090522,0.030682247694299444,0.015554722005395857
AVMD,IMF5,background_dynamic_mode,59.97479137691238,346,34600,34999,173.0,174.995,174.0,stable_43deg,stable_43deg,0.0,41.999904744722535,0.19353051563291165,60.0,60.84599772773321,0.03026007446405848,0.36626884262814563,0.000915672106570364,0.038404879292659115,0.018921651133674514
AVMD,IMF6,background_dynamic_mode,80.04607093184978,346,34600,34999,173.0,174.995,174.0,stable_43deg,stable_43deg,0.0,41.999904744722535,0.19353051563291165,80.0,79.88891048105216,0.04405563987489707,0.7763597619146483,0.0019408994047866207,0.059170842459419185,0.019650476283955692
AVMD,IMF7,background_dynamic_mode,90.29468011126563,346,34600,34999,173.0,174.995,174.0,stable_43deg,stable_43deg,0.0,41.999904744722535,0.19353051563291165,90.0,91.71987555277965,0.02070278833257302,0.17144217789732866,0.00042860544474332163,0.02650674095952063,0.013390205171652098
AVMD,IMF1,angle_position_mode,0.008692628650904,347,34700,35099,173.5,175.495,174.5,stable_43deg,stable_43deg,0.0,41.93733969504255,0.14458887577519774,,,0.12531373572783064,6.28141294482583,0.015703532362064575,0.15096463747030525,0.024087688103708253
AVMD,IMF2,background_dynamic_mode,17.793810848400554,347,34700,35099,173.5,175.495,174.5,stable_43deg,stable_43deg,0.0,41.93733969504255,0.14458887577519774,17.5,17.818891703284184,0.11908249077907065,5.672255844058979,0.014180639610147448,0.16070298316810563,0.049728681767628416
AVMD,IMF3,background_dynamic_mode,39.90785813630041,347,34700,35099,173.5,175.495,174.5,stable_43deg,stable_43deg,0.0,41.93733969504255,0.14458887577519774,38.5,37.18712946151893,0.031715551099961735,0.4023504726297136,0.001005876181574284,0.039879485885913196,0.0204514019838336
AVMD,IMF4,background_dynamic_mode,54.08118915159944,347,34700,35099,173.5,175.495,174.5,stable_43deg,stable_43deg,0.0,41.93733969504255,0.14458887577519774,53.5,52.59779049125409,0.02199411733063318,0.19349647886146354,0.00048374119715365884,0.027037011031826833,0.015322577474675938
AVMD,IMF5,background_dynamic_mode,59.97479137691238,347,34700,35099,173.5,175.495,174.5,stable_43deg,stable_43deg,0.0,41.93733969504255,0.14458887577519774,60.0,60.66017525252665,0.026839489134553803,0.2881432708015327,0.0007203581770038317,0.03409225946031795,0.016642770191551803
AVMD,IMF6,background_dynamic_mode,80.04607093184978,347,34700,35099,173.5,175.495,174.5,stable_43deg,stable_43deg,0.0,41.93733969504255,0.14458887577519774,80.0,79.72433949202426,0.04607847123153881,0.8492902044142999,0.0021232255110357496,0.06207791724520413,0.01952483201587297
AVMD,IMF7,background_dynamic_mode,90.29468011126563,347,34700,35099,173.5,175.495,174.5,stable_43deg,stable_43deg,0.0,41.93733969504255,0.14458887577519774,92.0,91.72107146697667,0.02014251813424579,0.1622884147153682,0.0004057210367884205,0.025626652816453547,0.012305410311648059
AVMD,IMF1,angle_position_mode,0.008692628650904,348,34800,35199,174.0,175.995,175.0,stable_43deg,stable_43deg,0.0,41.92698884351316,0.153389168888675,,,0.12290727652956948,6.042479449566424,0.01510619862391606,0.15240476958243512,0.024889992875922518
AVMD,IMF2,background_dynamic_mode,17.793810848400554,348,34800,35199,174.0,175.995,175.0,stable_43deg,stable_43deg,0.0,41.92698884351316,0.153389168888675,17.5,17.875960281818767,0.11788958697397937,5.559181886758179,0.013897954716895446,0.15950643252533278,0.04902997483737879
AVMD,IMF3,background_dynamic_mode,39.90785813630041,348,34800,35199,174.0,175.995,175.0,stable_43deg,stable_43deg,0.0,41.92698884351316,0.153389168888675,38.5,38.11215298376435,0.0320697351635017,0.411387165382855,0.0010284679134571375,0.03965604407505581,0.021925402489588366
AVMD,IMF4,background_dynamic_mode,54.08118915159944,348,34800,35199,174.0,175.995,175.0,stable_43deg,stable_43deg,0.0,41.92698884351316,0.153389168888675,53.5,52.582871624467245,0.023787325031843342,0.22633473286822434,0.0005658368321705609,0.03011229113286567,0.015024126567637502
AVMD,IMF5,background_dynamic_mode,59.97479137691238,348,34800,35199,174.0,175.995,175.0,stable_43deg,stable_43deg,0.0,41.92698884351316,0.153389168888675,60.0,60.96728667612037,0.025474639279156816,0.2595828985612637,0.0006489572464031593,0.033105338519055165,0.014093955228074153
AVMD,IMF6,background_dynamic_mode,80.04607093184978,348,34800,35199,174.0,175.995,175.0,stable_43deg,stable_43deg,0.0,41.92698884351316,0.153389168888675,80.0,79.96934937594472,0.04518846891551759,0.8167990891714798,0.0020419977229286994,0.06114966009040995,0.018475616934269714
AVMD,IMF7,background_dynamic_mode,90.29468011126563,348,34800,35199,174.0,175.995,175.0,stable_43deg,stable_43deg,0.0,41.92698884351316,0.153389168888675,92.0,92.07543148650673,0.021647294624665605,0.18744214582683055,0.0004686053645670764,0.026666372107542108,0.014878366085056086
AVMD,IMF1,angle_position_mode,0.008692628650904,349,34900,35299,174.5,176.495,175.5,stable_43deg,stable_43deg,0.0,41.97962067614787,0.24157558896535808,,,0.1219967495033583,5.953282755754062,0.014883206889385154,0.1506275924653294,0.0209587507959389
AVMD,IMF2,background_dynamic_mode,17.793810848400554,349,34900,35299,174.5,176.495,175.5,stable_43deg,stable_43deg,0.0,41.97962067614787,0.24157558896535808,17.5,17.794408713253475,0.11008846913764718,4.847788414828279,0.012119471037070697,0.14615238293540408,0.05250835552403516
AVMD,IMF3,background_dynamic_mode,39.90785813630041,349,34900,35299,174.5,176.495,175.5,stable_43deg,stable_43deg,0.0,41.97962067614787,0.24157558896535808,39.0,38.436601091052246,0.03163421233826584,0.4002893561049963,0.0010007233902624907,0.039533646434505805,0.021015117974729564
AVMD,IMF4,background_dynamic_mode,54.08118915159944,349,34900,35299,174.5,176.495,175.5,stable_43deg,stable_43deg,0.0,41.97962067614787,0.24157558896535808,50.5,51.68855226807254,0.02570178885800926,0.2642327802006756,0.000660581950501689,0.032408003325166794,0.016285754472160203
AVMD,IMF5,background_dynamic_mode,59.97479137691238,349,34900,35299,174.5,176.495,175.5,stable_43deg,stable_43deg,0.0,41.97962067614787,0.24157558896535808,60.0,61.0721522969298,0.0258132060464665,0.2665286425589338,0.0006663216063973346,0.033284794462656836,0.01480211755872182
AVMD,IMF6,background_dynamic_mode,80.04607093184978,349,34900,35299,174.5,176.495,175.5,stable_43deg,stable_43deg,0.0,41.97962067614787,0.24157558896535808,80.0,79.97104350015162,0.04233212639986171,0.7168035702135475,0.0017920089255338686,0.05671139672219997,0.019069141605740515
AVMD,IMF7,background_dynamic_mode,90.29468011126563,349,34900,35299,174.5,176.495,175.5,stable_43deg,stable_43deg,0.0,41.97962067614787,0.24157558896535808,92.0,92.70271383370626,0.022300902284778393,0.19893209708609366,0.0004973302427152341,0.02799983861814442,0.014422608344559348
AVMD,IMF1,angle_position_mode,0.008692628650904,350,35000,35399,175.0,176.995,176.0,stable_43deg,stable_43deg,0.0,42.103031711591555,0.3657017115893185,,,0.12302950264598425,6.054503408527298,0.015136258521318245,0.1561942529559108,0.02366782420245262
AVMD,IMF2,background_dynamic_mode,17.793810848400554,350,35000,35399,175.0,176.995,176.0,stable_43deg,stable_43deg,0.0,42.103031711591555,0.3657017115893185,18.0,17.954883400385775,0.10919181262288448,4.769140777548445,0.011922851943871113,0.1455458176510814,0.05151496575892037
AVMD,IMF3,background_dynamic_mode,39.90785813630041,350,35000,35399,175.0,176.995,176.0,stable_43deg,stable_43deg,0.0,42.103031711591555,0.3657017115893185,37.5,37.72718247749906,0.031192607437383675,0.3891915034970893,0.0009729787587427233,0.03928833669510743,0.019929919721068265
AVMD,IMF4,background_dynamic_mode,54.08118915159944,350,35000,35399,175.0,176.995,176.0,stable_43deg,stable_43deg,0.0,42.103031711591555,0.3657017115893185,53.5,51.66982251407607,0.024183127958883437,0.2339294711502919,0.0005848236778757298,0.030987253939379084,0.014448586738204714
AVMD,IMF5,background_dynamic_mode,59.97479137691238,350,35000,35399,175.0,176.995,176.0,stable_43deg,stable_43deg,0.0,42.103031711591555,0.3657017115893185,60.0,61.086976930232694,0.026833903185517562,0.2880233440678919,0.0007200583601697296,0.03530719661856304,0.013882053950435244
AVMD,IMF6,background_dynamic_mode,80.04607093184978,350,35000,35399,175.0,176.995,176.0,stable_43deg,stable_43deg,0.0,42.103031711591555,0.3657017115893185,80.0,79.48012299299994,0.042911931406337214,0.736573542808876,0.00184143385702219,0.05752081185783517,0.019068016174835903
AVMD,IMF7,background_dynamic_mode,90.29468011126563,350,35000,35399,175.0,176.995,176.0,stable_43deg,stable_43deg,0.0,42.103031711591555,0.3657017115893185,95.0,92.86486282373089,0.021475466542702066,0.18447826529068634,0.00046119566322671586,0.026341302516635256,0.013969900016686116
AVMD,IMF1,angle_position_mode,0.008692628650904,351,35100,35499,175.5,177.495,176.5,stable_43deg,stable_43deg,0.0,42.30034153735655,0.4974973963730688,,,0.12215117724290842,5.968364040731371,0.014920910101828428,0.15596037493233295,0.027677575006354864
AVMD,IMF2,background_dynamic_mode,17.793810848400554,351,35100,35499,175.5,177.495,176.5,stable_43deg,stable_43deg,0.0,42.30034153735655,0.4974973963730688,17.5,17.814466188081486,0.09735651429996689,3.7913163506558627,0.009478290876639657,0.12799903071241173,0.051202134766307444
AVMD,IMF3,background_dynamic_mode,39.90785813630041,351,35100,35499,175.5,177.495,176.5,stable_43deg,stable_43deg,0.0,42.30034153735655,0.4974973963730688,37.5,36.7450281627889,0.031563209647423755,0.39849448129888954,0.000996236203247224,0.040042491886950436,0.01963495494469928
AVMD,IMF4,background_dynamic_mode,54.08118915159944,351,35100,35499,175.5,177.495,176.5,stable_43deg,stable_43deg,0.0,42.30034153735655,0.4974973963730688,53.5,51.91573842546424,0.025061731346840702,0.2512361512404872,0.000628090378101218,0.03232884120498129,0.01458250660544836
AVMD,IMF5,background_dynamic_mode,59.97479137691238,351,35100,35499,175.5,177.495,176.5,stable_43deg,stable_43deg,0.0,42.30034153735655,0.4974973963730688,60.0,61.070546346949776,0.026798855959479187,0.28727147229476524,0.0007181786807369131,0.03546396465401304,0.0134609119176389
AVMD,IMF6,background_dynamic_mode,80.04607093184978,351,35100,35499,175.5,177.495,176.5,stable_43deg,stable_43deg,0.0,42.30034153735655,0.4974973963730688,80.0,79.60121779185948,0.041975162305075114,0.7047657002149595,0.0017619142505373988,0.05610101526407952,0.019260673344666704
AVMD,IMF7,background_dynamic_mode,90.29468011126563,351,35100,35499,175.5,177.495,176.5,stable_43deg,stable_43deg,0.0,42.30034153735655,0.4974973963730688,90.5,92.21006031412068,0.02108249766663203,0.177788683145418,0.000444471707863545,0.026456060272996806,0.013691937581213528
AVMD,IMF1,angle_position_mode,0.008692628650904,352,35200,35599,176.0,177.995,177.0,stable_43deg,stable_43deg,0.0,42.5481671494074,0.5314164223391158,,,0.1196969097692334,5.730940083321601,0.014327350208304002,0.15582671755812147,0.02629483163688049
AVMD,IMF2,background_dynamic_mode,17.793810848400554,352,35200,35599,176.0,177.995,177.0,stable_43deg,stable_43deg,0.0,42.5481671494074,0.5314164223391158,17.5,17.816771776745128,0.09546518082152337,3.6454402997144624,0.009113600749286155,0.12491008373049971,0.05134348613782816
AVMD,IMF3,background_dynamic_mode,39.90785813630041,352,35200,35599,176.0,177.995,177.0,stable_43deg,stable_43deg,0.0,42.5481671494074,0.5314164223391158,37.5,36.89811242499672,0.03190902074305864,0.4072742419123787,0.0010181856047809467,0.040962592293248265,0.01898688415451632
AVMD,IMF4,background_dynamic_mode,54.08118915159944,352,35200,35599,176.0,177.995,177.0,stable_43deg,stable_43deg,0.0,42.5481671494074,0.5314164223391158,53.0,52.40542261968089,0.024218389417977212,0.23461215440031624,0.0005865303860007906,0.030885304686395446,0.014768566839471132
AVMD,IMF5,background_dynamic_mode,59.97479137691238,352,35200,35599,176.0,177.995,177.0,stable_43deg,stable_43deg,0.0,42.5481671494074,0.5314164223391158,60.0,61.04788019589509,0.026980391411834927,0.29117660829432634,0.0007279415207358159,0.03518643690445107,0.014781737798894197
AVMD,IMF6,background_dynamic_mode,80.04607093184978,352,35200,35599,176.0,177.995,177.0,stable_43deg,stable_43deg,0.0,42.5481671494074,0.5314164223391158,80.0,79.71198931994567,0.04455488820126052,0.7940552250507297,0.0019851380626268243,0.059668707820124706,0.02008448181268367
AVMD,IMF7,background_dynamic_mode,90.29468011126563,352,35200,35599,176.0,177.995,177.0,stable_43deg,stable_43deg,0.0,42.5481671494074,0.5314164223391158,93.0,92.04182466929798,0.018561210912126886,0.13780742020978326,0.00034451855052445814,0.023778781537735733,0.011080664250049579
AVMD,IMF1,angle_position_mode,0.008692628650904,353,35300,35699,176.5,178.495,177.5,stable_43deg,stable_43deg,0.0,42.76208839383782,0.49226761307271716,,,0.12031954274605194,5.790716946647608,0.01447679236661902,0.15692642517455202,0.032021510277897895
AVMD,IMF2,background_dynamic_mode,17.793810848400554,353,35300,35699,176.5,178.495,177.5,stable_43deg,stable_43deg,0.0,42.76208839383782,0.49226761307271716,18.0,18.287295338600195,0.09879973164266805,3.9045547890652883,0.009761386972663221,0.1311359679894096,0.049278318460775336
AVMD,IMF3,background_dynamic_mode,39.90785813630041,353,35300,35699,176.5,178.495,177.5,stable_43deg,stable_43deg,0.0,42.76208839383782,0.49226761307271716,40.0,37.67290361728858,0.03149280776939762,0.39671877648009246,0.0009917969412002311,0.04032311267415066,0.018837870324324133
AVMD,IMF4,background_dynamic_mode,54.08118915159944,353,35300,35699,176.5,178.495,177.5,stable_43deg,stable_43deg,0.0,42.76208839383782,0.49226761307271716,54.5,53.297027343754586,0.021650552008474395,0.18749856090866185,0.0004687464022716546,0.027756531138736617,0.013088504406670675
AVMD,IMF5,background_dynamic_mode,59.97479137691238,353,35300,35699,176.5,178.495,177.5,stable_43deg,stable_43deg,0.0,42.76208839383782,0.49226761307271716,60.0,60.397257204433416,0.02610615501942307,0.27261253195925933,0.0006815313298981483,0.03454181937374542,0.013091426747383833
AVMD,IMF6,background_dynamic_mode,80.04607093184978,353,35300,35699,176.5,178.495,177.5,stable_43deg,stable_43deg,0.0,42.76208839383782,0.49226761307271716,80.0,79.82892553770057,0.04702824373522522,0.8846622835279,0.00221165570881975,0.06390102964946624,0.018216614004305003
AVMD,IMF7,background_dynamic_mode,90.29468011126563,353,35300,35699,176.5,178.495,177.5,stable_43deg,stable_43deg,0.0,42.76208839383782,0.49226761307271716,93.0,92.41116128633105,0.02044036557851834,0.16712341799339092,0.00041780854498347733,0.025590678636160727,0.013555606221221183
AVMD,IMF1,angle_position_mode,0.008692628650904,354,35400,35799,177.0,178.995,178.0,stable_43deg,stable_43deg,0.0,42.91666078671656,0.4078303442585306,,,0.12173448496577888,5.927713931953377,0.014819284829883443,0.1547137254374012,0.031149213112503772
AVMD,IMF2,background_dynamic_mode,17.793810848400554,354,35400,35799,177.0,178.995,178.0,stable_43deg,stable_43deg,0.0,42.91666078671656,0.4078303442585306,18.0,18.029211949841564,0.09043215499078151,3.2711898625106923,0.00817797465627673,0.11992168843916864,0.04337683241061758
AVMD,IMF3,background_dynamic_mode,39.90785813630041,354,35400,35799,177.0,178.995,178.0,stable_43deg,stable_43deg,0.0,42.91666078671656,0.4078303442585306,40.0,37.66689714493027,0.03366331915381042,0.45328762258051986,0.0011332190564512996,0.0422874095781867,0.022160968008881652
AVMD,IMF4,background_dynamic_mode,54.08118915159944,354,35400,35799,177.0,178.995,178.0,stable_43deg,stable_43deg,0.0,42.91666078671656,0.4078303442585306,54.5,53.082228889268485,0.021634618621481784,0.18722268915878654,0.00046805672289696636,0.027411285156037062,0.013589761350076205
AVMD,IMF5,background_dynamic_mode,59.97479137691238,354,35400,35799,177.0,178.995,178.0,stable_43deg,stable_43deg,0.0,42.91666078671656,0.4078303442585306,60.0,60.46085829067852,0.025217923647554548,0.25437746923755633,0.0006359436730938909,0.03369893158584439,0.011614397831606749
AVMD,IMF6,background_dynamic_mode,80.04607093184978,354,35400,35799,177.0,178.995,178.0,stable_43deg,stable_43deg,0.0,42.91666078671656,0.4078303442585306,80.0,79.868481603366,0.047358842862339136,0.8971439989038922,0.0022428599972597303,0.06416194914322797,0.019325384398914864
AVMD,IMF7,background_dynamic_mode,90.29468011126563,354,35400,35799,177.0,178.995,178.0,stable_43deg,stable_43deg,0.0,42.91666078671656,0.4078303442585306,93.5,92.59258224056134,0.020878567685612408,0.17436583544107945,0.0004359145886026986,0.02650416645452257,0.013917704451599549
AVMD,IMF1,angle_position_mode,0.008692628650904,355,35500,35899,177.5,179.495,178.5,stable_43deg,stable_43deg,0.0,42.993981884897224,0.22352352954805665,,,0.1276911370584523,6.5220105933121815,0.016305026483280454,0.16214143922608656,0.03308522868986529
AVMD,IMF2,background_dynamic_mode,17.793810848400554,355,35500,35899,177.5,179.495,178.5,stable_43deg,stable_43deg,0.0,42.993981884897224,0.22352352954805665,17.5,17.913524257226463,0.10389230313180742,4.317444260012545,0.010793610650031362,0.13880185291241642,0.047507956688280124
AVMD,IMF3,background_dynamic_mode,39.90785813630041,355,35500,35899,177.5,179.495,178.5,stable_43deg,stable_43deg,0.0,42.993981884897224,0.22352352954805665,40.0,37.96108798031186,0.03381107615097338,0.45727554819476846,0.001143188870486921,0.041929398183298446,0.023080515026134386
AVMD,IMF4,background_dynamic_mode,54.08118915159944,355,35500,35899,177.5,179.495,178.5,stable_43deg,stable_43deg,0.0,42.993981884897224,0.22352352954805665,53.0,51.83147102726612,0.02094121997878515,0.17541387767994815,0.00043853469419987036,0.026929980892205704,0.012333950100878463
AVMD,IMF5,background_dynamic_mode,59.97479137691238,355,35500,35899,177.5,179.495,178.5,stable_43deg,stable_43deg,0.0,42.993981884897224,0.22352352954805665,60.0,60.62471397367074,0.025289838737280735,0.25583037734306613,0.0006395759433576653,0.03335304826842973,0.012751264715134747
AVMD,IMF6,background_dynamic_mode,80.04607093184978,355,35500,35899,177.5,179.495,178.5,stable_43deg,stable_43deg,0.0,42.993981884897224,0.22352352954805665,80.0,79.9821552307117,0.04832350733853496,0.9340645445989768,0.002335161361497442,0.06570998262991334,0.018739220874938217
AVMD,IMF7,background_dynamic_mode,90.29468011126563,355,35500,35899,177.5,179.495,178.5,stable_43deg,stable_43deg,0.0,42.993981884897224,0.22352352954805665,89.5,91.8155177675785,0.02021465298597103,0.16345287813729098,0.00040863219534322746,0.025108602567490607,0.013585761689741124
AVMD,IMF1,angle_position_mode,0.008692628650904,356,35600,35999,178.0,179.995,179.0,stable_43deg,stable_43deg,0.0,43.0,0.0,,,0.13454262513486015,7.240687191271801,0.018101717978179502,0.16965269387292556,0.032667908486789965
AVMD,IMF2,background_dynamic_mode,17.793810848400554,356,35600,35999,178.0,179.995,179.0,stable_43deg,stable_43deg,0.0,43.0,0.0,17.5,17.925961679263715,0.11377654367456493,5.178040756212072,0.01294510189053018,0.15580797378547764,0.04038030680640443
AVMD,IMF3,background_dynamic_mode,39.90785813630041,356,35600,35999,178.0,179.995,179.0,stable_43deg,stable_43deg,0.0,43.0,0.0,37.5,37.54448998459856,0.033221138432234995,0.44145761549348833,0.0011036440387337209,0.04166120002451603,0.021848654087732258
AVMD,IMF4,background_dynamic_mode,54.08118915159944,356,35600,35999,178.0,179.995,179.0,stable_43deg,stable_43deg,0.0,43.0,0.0,53.0,51.7482994732678,0.022360867110810485,0.20000335117893042,0.000500008377947326,0.029034301427324792,0.012541282260779166
AVMD,IMF5,background_dynamic_mode,59.97479137691238,356,35600,35999,178.0,179.995,179.0,stable_43deg,stable_43deg,0.0,43.0,0.0,60.0,60.66304057731471,0.025565283719008194,0.26143349265335414,0.0006535837316333854,0.03376829757047787,0.01290683718935487
AVMD,IMF6,background_dynamic_mode,80.04607093184978,356,35600,35999,178.0,179.995,179.0,stable_43deg,stable_43deg,0.0,43.0,0.0,80.0,79.97573304782438,0.04677009654496774,0.8749767723302413,0.0021874419308256033,0.06329807715524431,0.01926832945945387
AVMD,IMF7,background_dynamic_mode,90.29468011126563,356,35600,35999,178.0,179.995,179.0,stable_43deg,stable_43deg,0.0,43.0,0.0,91.5,92.08448790645421,0.01987453520461911,0.15799885983985773,0.0003949971495996443,0.02473484705179966,0.013790787438831423
AVMD,IMF1,angle_position_mode,0.008692628650904,357,35700,36099,178.5,180.495,179.5,stable_43deg,stable_43deg,0.0,43.0,0.0,,,0.13725886382034608,7.535998278900922,0.018839995697252306,0.17850512521908216,0.029083708267045344
AVMD,IMF2,background_dynamic_mode,17.793810848400554,357,35700,36099,178.5,180.495,179.5,stable_43deg,stable_43deg,0.0,43.0,0.0,18.0,17.911475427068886,0.11978678753534404,5.739549787215062,0.014348874468037655,0.16465536143445106,0.040941546517992845
AVMD,IMF3,background_dynamic_mode,39.90785813630041,357,35700,36099,178.5,180.495,179.5,stable_43deg,stable_43deg,0.0,43.0,0.0,37.5,36.37835753900486,0.035581982200034876,0.5064309829134395,0.0012660774572835986,0.0442295490803018,0.024096557660091077
AVMD,IMF4,background_dynamic_mode,54.08118915159944,357,35700,36099,178.5,180.495,179.5,stable_43deg,stable_43deg,0.0,43.0,0.0,53.5,52.58709698158132,0.022546688519972432,0.20334126528666266,0.0005083531632166567,0.028894095281344193,0.013488715344882567
AVMD,IMF5,background_dynamic_mode,59.97479137691238,357,35700,36099,178.5,180.495,179.5,stable_43deg,stable_43deg,0.0,43.0,0.0,60.0,61.46504522703309,0.027688804427910958,0.3066679562588406,0.0007666698906471014,0.035792462965347854,0.01587035823729531
AVMD,IMF6,background_dynamic_mode,80.04607093184978,357,35700,36099,178.5,180.495,179.5,stable_43deg,stable_43deg,0.0,43.0,0.0,80.0,79.58054234025286,0.04616826584104821,0.8526035083078795,0.0021315087707696988,0.06272219956108897,0.01826157267475752
AVMD,IMF7,background_dynamic_mode,90.29468011126563,357,35700,36099,178.5,180.495,179.5,stable_43deg,stable_43deg,0.0,43.0,0.0,94.0,93.2181759677433,0.019177484765176278,0.14711036876742728,0.0003677759219185682,0.02428551014533233,0.012029104852124812
AVMD,IMF1,angle_position_mode,0.008692628650904,358,35800,36199,179.0,180.995,180.0,stable_43deg,stable_43deg,0.0,43.0,0.0,,,0.13984475509417943,7.82262221094041,0.019556555527351024,0.189349376111184,0.025693493621851467
AVMD,IMF2,background_dynamic_mode,17.793810848400554,358,35800,36199,179.0,180.995,180.0,stable_43deg,stable_43deg,0.0,43.0,0.0,17.5,17.733063877041133,0.12492477105229147,6.2424793689869755,0.01560619842246744,0.171943652531474,0.04133430771366414
AVMD,IMF3,background_dynamic_mode,39.90785813630041,358,35800,36199,179.0,180.995,180.0,stable_43deg,stable_43deg,0.0,43.0,0.0,38.0,37.44323286677609,0.03476058375401964,0.48331927316808576,0.0012082981829202144,0.044488794577179164,0.020453319426807223
AVMD,IMF4,background_dynamic_mode,54.08118915159944,358,35800,36199,179.0,180.995,180.0,stable_43deg,stable_43deg,0.0,43.0,0.0,53.5,52.87253383771843,0.02206802355347941,0.1947990654227688,0.00048699766355692206,0.02846367681914077,0.012773584826527812
AVMD,IMF5,background_dynamic_mode,59.97479137691238,358,35800,36199,179.0,180.995,180.0,stable_43deg,stable_43deg,0.0,43.0,0.0,60.0,60.812134116323065,0.027820772538999627,0.30959815386670225,0.0007739953846667557,0.03511775434920992,0.017773537078417022
AVMD,IMF6,background_dynamic_mode,80.04607093184978,358,35800,36199,179.0,180.995,180.0,stable_43deg,stable_43deg,0.0,43.0,0.0,80.0,79.74398153912296,0.04616284620966295,0.8524033480707971,0.0021310083701769926,0.06258828516512926,0.018371936760408047
AVMD,IMF7,background_dynamic_mode,90.29468011126563,358,35800,36199,179.0,180.995,180.0,stable_43deg,stable_43deg,0.0,43.0,0.0,94.0,92.9153704626067,0.018651937397897004,0.13915790747802753,0.0003478947686950688,0.023273245597991044,0.011792266096203981
AVMD,IMF1,angle_position_mode,0.008692628650904,359,35900,36299,179.5,181.495,180.5,stable_43deg,stable_43deg,0.0,43.0,0.0,,,0.1357459354870244,7.370783600498957,0.01842695900124739,0.19231541294081766,0.0233057158536386
AVMD,IMF2,background_dynamic_mode,17.793810848400554,359,35900,36299,179.5,181.495,180.5,stable_43deg,stable_43deg,0.0,43.0,0.0,17.5,17.771260962362376,0.10996980389030646,4.837343107068985,0.012093357767672463,0.14246781755460688,0.06338202631655535
AVMD,IMF3,background_dynamic_mode,39.90785813630041,359,35900,36299,179.5,181.495,180.5,stable_43deg,stable_43deg,0.0,43.0,0.0,38.0,37.57582423056083,0.03338235440898899,0.4457526343549387,0.001114381585887347,0.043708465992269296,0.01784895926073897
AVMD,IMF4,background_dynamic_mode,54.08118915159944,359,35900,36299,179.5,181.495,180.5,stable_43deg,stable_43deg,0.0,43.0,0.0,51.0,52.0228559624921,0.02134333263582464,0.18221513920138285,0.0004555378480034571,0.027375740798698634,0.012729162944101265
AVMD,IMF5,background_dynamic_mode,59.97479137691238,359,35900,36299,179.5,181.495,180.5,stable_43deg,stable_43deg,0.0,43.0,0.0,60.0,60.63447176035987,0.027169663692545473,0.29527625006640945,0.0007381906251660237,0.0342288884135511,0.017483857811767284
AVMD,IMF6,background_dynamic_mode,80.04607093184978,359,35900,36299,179.5,181.495,180.5,stable_43deg,stable_43deg,0.0,43.0,0.0,80.0,79.88992359670178,0.04587918553407822,0.8419598661081491,0.0021048996652703726,0.06234839573103429,0.01805175913250154
AVMD,IMF7,background_dynamic_mode,90.29468011126563,359,35900,36299,179.5,181.495,180.5,stable_43deg,stable_43deg,0.0,43.0,0.0,92.0,91.82844147708897,0.018920598036511048,0.14319561202369027,0.0003579890300592257,0.024243210211463088,0.01154853467132801
AVMD,IMF1,angle_position_mode,0.008692628650904,360,36000,36399,180.0,181.995,181.0,stable_43deg,stable_43deg,0.0,43.0,0.0,,,0.13762355307095758,7.57609694394987,0.018940242359874675,0.1990672429791671,0.026110953379947403
AVMD,IMF2,background_dynamic_mode,17.793810848400554,360,36000,36399,180.0,181.995,181.0,stable_43deg,stable_43deg,0.0,43.0,0.0,17.0,17.777805287051255,0.0962141935719783,3.7028684178824447,0.009257171044706112,0.11912307084587838,0.06543863118888524
AVMD,IMF3,background_dynamic_mode,39.90785813630041,360,36000,36399,180.0,181.995,181.0,stable_43deg,stable_43deg,0.0,43.0,0.0,38.0,36.70750978636313,0.03316350588310581,0.43992724898351737,0.0010998181224587933,0.042736716591810844,0.019234212344827206
AVMD,IMF4,background_dynamic_mode,54.08118915159944,360,36000,36399,180.0,181.995,181.0,stable_43deg,stable_43deg,0.0,43.0,0.0,54.0,52.31768098507045,0.020442685331798893,0.16716135342997823,0.0004179033835749456,0.02646058678108945,0.01163665271521217
AVMD,IMF5,background_dynamic_mode,59.97479137691238,360,36000,36399,180.0,181.995,181.0,stable_43deg,stable_43deg,0.0,43.0,0.0,60.0,60.79514332067697,0.025422872662506688,0.2585289817656119,0.0006463224544140298,0.03171635536046845,0.016918552568959355
AVMD,IMF6,background_dynamic_mode,80.04607093184978,360,36000,36399,180.0,181.995,181.0,stable_43deg,stable_43deg,0.0,43.0,0.0,80.0,79.84114255429522,0.04598684067669527,0.8459158061695018,0.0021147895154237546,0.0629491740487793,0.016399149734849277
AVMD,IMF7,background_dynamic_mode,90.29468011126563,360,36000,36399,180.0,181.995,181.0,stable_43deg,stable_43deg,0.0,43.0,0.0,91.5,91.30744052671537,0.021178404459348828,0.17940992617750653,0.00044852481544376633,0.02774314170279954,0.011143514319074307
AVMD,IMF1,angle_position_mode,0.008692628650904,361,36100,36499,180.5,182.495,181.5,stable_43deg,stable_43deg,0.0,42.99101989085433,0.5067207809230649,,,0.13438938954242804,7.224203208634588,0.01806050802158647,0.203134358983449,0.02300731799729046
AVMD,IMF2,background_dynamic_mode,17.793810848400554,361,36100,36499,180.5,182.495,181.5,stable_43deg,stable_43deg,0.0,42.99101989085433,0.5067207809230649,17.0,17.759211220739772,0.08015882457132341,2.5701748626624807,0.006425437156656202,0.09873290980039645,0.05455237633816481
AVMD,IMF3,background_dynamic_mode,39.90785813630041,361,36100,36499,180.5,182.495,181.5,stable_43deg,stable_43deg,0.0,42.99101989085433,0.5067207809230649,37.5,37.149838497298184,0.02910026294761508,0.33873012144813563,0.0008468253036203391,0.037568720502684755,0.016692759328973943
AVMD,IMF4,background_dynamic_mode,54.08118915159944,361,36100,36499,180.5,182.495,181.5,stable_43deg,stable_43deg,0.0,42.99101989085433,0.5067207809230649,54.0,53.40829061486273,0.02088751738134139,0.17451535294233547,0.0004362883823558387,0.027220175450266358,0.01142046836802939
AVMD,IMF5,background_dynamic_mode,59.97479137691238,361,36100,36499,180.5,182.495,181.5,stable_43deg,stable_43deg,0.0,42.99101989085433,0.5067207809230649,60.0,60.91316604188785,0.020886052084940175,0.17449086867793356,0.0004362271716948339,0.026852918342028097,0.01226103864860103
AVMD,IMF6,background_dynamic_mode,80.04607093184978,361,36100,36499,180.5,182.495,181.5,stable_43deg,stable_43deg,0.0,42.99101989085433,0.5067207809230649,80.0,79.86803986595103,0.04469825911772415,0.7991737472620839,0.0019979343681552097,0.06047258374463964,0.018629733090102945
AVMD,IMF7,background_dynamic_mode,90.29468011126563,361,36100,36499,180.5,182.495,181.5,stable_43deg,stable_43deg,0.0,42.99101989085433,0.5067207809230649,91.5,91.09786516147086,0.01877117628439695,0.1409428236399626,0.00035235705909990653,0.02433314446412958,0.010677715167909316
AVMD,IMF1,angle_position_mode,0.008692628650904,362,36200,36599,181.0,182.995,182.0,stable_43deg,stable_43deg,0.0,42.78690458429384,1.2536623117624868,,,0.13593842619308275,7.391702286340882,0.018479255715852204,0.21135913487879293,0.02644959001747639
AVMD,IMF2,background_dynamic_mode,17.793810848400554,362,36200,36599,181.0,182.995,182.0,stable_43deg,stable_43deg,0.0,42.78690458429384,1.2536623117624868,17.5,17.45417295515089,0.05906522625163573,1.3954803808627676,0.003488700952156919,0.07808493719447475,0.029436800946583908
AVMD,IMF3,background_dynamic_mode,39.90785813630041,362,36200,36599,181.0,182.995,182.0,stable_43deg,stable_43deg,0.0,42.78690458429384,1.2536623117624868,37.0,36.94673967414972,0.029913528882852956,0.3579276840901112,0.0008948192102252781,0.03760840212966054,0.01950453198689278
AVMD,IMF4,background_dynamic_mode,54.08118915159944,362,36200,36599,181.0,182.995,182.0,stable_43deg,stable_43deg,0.0,42.78690458429384,1.2536623117624868,54.5,52.95191851464024,0.02008478100182565,0.16135937115651863,0.0004033984278912966,0.026324206487867437,0.010711531079930229
AVMD,IMF5,background_dynamic_mode,59.97479137691238,362,36200,36599,181.0,182.995,182.0,stable_43deg,stable_43deg,0.0,42.78690458429384,1.2536623117624868,62.0,61.18909531304213,0.01935676013599175,0.14987366518492773,0.00037468416296231933,0.025512513489270718,0.009886765260129408
AVMD,IMF6,background_dynamic_mode,80.04607093184978,362,36200,36599,181.0,182.995,182.0,stable_43deg,stable_43deg,0.0,42.78690458429384,1.2536623117624868,80.0,79.7288478211656,0.044989802023053235,0.80963291442941,0.002024082286073525,0.06171954030470814,0.015698875066539
AVMD,IMF7,background_dynamic_mode,90.29468011126563,362,36200,36599,181.0,182.995,182.0,stable_43deg,stable_43deg,0.0,42.78690458429384,1.2536623117624868,91.5,91.1077011155801,0.0174841238476843,0.12227783468846512,0.0003056945867211628,0.022804428265695096,0.009858716777955596
AVMD,IMF1,angle_position_mode,0.008692628650904,363,36300,36699,181.5,183.495,182.5,stable_43deg,stable_43deg,0.0,42.26480315945213,1.8771567364165878,,,0.13669417964823033,7.474119499881066,0.018685298749702664,0.22282467293770847,0.027569167819332115
AVMD,IMF2,background_dynamic_mode,17.793810848400554,363,36300,36699,181.5,183.495,182.5,stable_43deg,stable_43deg,0.0,42.26480315945213,1.8771567364165878,17.5,17.356119916275865,0.05845277085876149,1.3666905684267503,0.003416726421066876,0.07785817925057885,0.027134279212084073
AVMD,IMF3,background_dynamic_mode,39.90785813630041,363,36300,36699,181.5,183.495,182.5,stable_43deg,stable_43deg,0.0,42.26480315945213,1.8771567364165878,37.5,36.914732634864365,0.03431339545572445,0.4709636430803724,0.001177409107700931,0.04182894378679482,0.024567009907316868
AVMD,IMF4,background_dynamic_mode,54.08118915159944,363,36300,36699,181.5,183.495,182.5,stable_43deg,stable_43deg,0.0,42.26480315945213,1.8771567364165878,55.5,51.74922494429585,0.02032237393173725,0.16519955288854155,0.00041299888222135384,0.02617829453615919,0.011816217419674186
AVMD,IMF5,background_dynamic_mode,59.97479137691238,363,36300,36699,181.5,183.495,182.5,stable_43deg,stable_43deg,0.0,42.26480315945213,1.8771567364165878,62.5,61.293244231440646,0.018425106553354328,0.13579382060098424,0.0003394845515024606,0.023675126270345227,0.010875773024741024
AVMD,IMF6,background_dynamic_mode,80.04607093184978,363,36300,36699,181.5,183.495,182.5,stable_43deg,stable_43deg,0.0,42.26480315945213,1.8771567364165878,80.0,79.73728875793094,0.04521424132653695,0.8177310474937289,0.0020443276187343223,0.062266275276425226,0.014574315464546279
AVMD,IMF7,background_dynamic_mode,90.29468011126563,363,36300,36699,181.5,183.495,182.5,stable_43deg,stable_43deg,0.0,42.26480315945213,1.8771567364165878,91.5,92.03196533682349,0.01856555360125095,0.13787191220836886,0.00034467978052092217,0.023748726819610707,0.01147178736837232
AVMD,IMF1,angle_position_mode,0.008692628650904,364,36400,36799,182.0,183.995,183.0,stable_43deg,stable_43deg,0.17,41.36570445384963,2.476146351855397,,,0.13274496752010378,7.048490560765362,0.017621226401913406,0.23595179391688265,0.027787085218186774
AVMD,IMF2,background_dynamic_mode,17.793810848400554,364,36400,36799,182.0,183.995,183.0,stable_43deg,stable_43deg,0.17,41.36570445384963,2.476146351855397,17.0,17.82931415598024,0.06213383954694289,1.5442456067380976,0.003860614016845244,0.08163738696732185,0.03143575741026376
AVMD,IMF3,background_dynamic_mode,39.90785813630041,364,36400,36799,182.0,183.995,183.0,stable_43deg,stable_43deg,0.17,41.36570445384963,2.476146351855397,37.0,37.39167399940634,0.035444901089251676,0.502536405290734,0.0012563410132268348,0.04283409516965051,0.026013196589761874
AVMD,IMF4,background_dynamic_mode,54.08118915159944,364,36400,36799,182.0,183.995,183.0,stable_43deg,stable_43deg,0.17,41.36570445384963,2.476146351855397,54.5,53.175254984853886,0.02065103464365875,0.17058609274143754,0.00042646523185359384,0.0265249924944969,0.012264131004948255
AVMD,IMF5,background_dynamic_mode,59.97479137691238,364,36400,36799,182.0,183.995,183.0,stable_43deg,stable_43deg,0.17,41.36570445384963,2.476146351855397,60.0,60.35544006369076,0.017952723936417454,0.12892011869488648,0.0003223002967372162,0.022844775003901745,0.011092809125651611
AVMD,IMF6,background_dynamic_mode,80.04607093184978,364,36400,36799,182.0,183.995,183.0,stable_43deg,stable_43deg,0.17,41.36570445384963,2.476146351855397,80.0,79.87690308369206,0.045145974578435194,0.8152636082546867,0.0020381590206367166,0.061574189131378375,0.01722750672454188
AVMD,IMF7,background_dynamic_mode,90.29468011126563,364,36400,36799,182.0,183.995,183.0,stable_43deg,stable_43deg,0.17,41.36570445384963,2.476146351855397,91.5,91.95249698649717,0.016056367297437132,0.10312277231608347,0.00025780693079020865,0.02018325280333773,0.010503103158508243
AVMD,IMF1,angle_position_mode,0.008692628650904,365,36500,36899,182.5,184.495,183.5,stable_43deg,stable_43deg,0.42,40.04956887676838,3.010773632183313,,,0.1265052588356151,6.401432205226387,0.016003580513065968,0.24945340677927105,0.023910895918283985
AVMD,IMF2,background_dynamic_mode,17.793810848400554,365,36500,36899,182.5,184.495,183.5,stable_43deg,stable_43deg,0.42,40.04956887676838,3.010773632183313,17.0,17.241577712598538,0.05947130780683867,1.4147345809023004,0.003536836452255751,0.07645616092162598,0.03516122197892081
AVMD,IMF3,background_dynamic_mode,39.90785813630041,365,36500,36899,182.5,184.495,183.5,stable_43deg,stable_43deg,0.42,40.04956887676838,3.010773632183313,40.0,37.4476979340787,0.03875270337374413,0.6007088075093598,0.0015017720187733997,0.04781442034970006,0.026735877203501998
AVMD,IMF4,background_dynamic_mode,54.08118915159944,365,36500,36899,182.5,184.495,183.5,stable_43deg,stable_43deg,0.42,40.04956887676838,3.010773632183313,54.5,53.593052536541414,0.019119570150656514,0.14622318509835025,0.0003655579627458756,0.02475721002901552,0.010955441700518969
AVMD,IMF5,background_dynamic_mode,59.97479137691238,365,36500,36899,182.5,184.495,183.5,stable_43deg,stable_43deg,0.42,40.04956887676838,3.010773632183313,58.5,60.22794688358031,0.016624244964934358,0.11054620826165816,0.0002763655206541454,0.021054530322846696,0.010522366852763646
AVMD,IMF6,background_dynamic_mode,80.04607093184978,365,36500,36899,182.5,184.495,183.5,stable_43deg,stable_43deg,0.42,40.04956887676838,3.010773632183313,80.0,79.83208760392475,0.04769579428530733,0.9099555170025422,0.0022748887925063553,0.06572034540222722,0.015291934302288203
AVMD,IMF7,background_dynamic_mode,90.29468011126563,365,36500,36899,182.5,184.495,183.5,stable_43deg,stable_43deg,0.42,40.04956887676838,3.010773632183313,91.0,92.44713781922451,0.019122112549179737,0.14626207533739888,0.0003656551883434972,0.02403356784357435,0.012389420011113997
AVMD,IMF1,angle_position_mode,0.008692628650904,366,36600,36999,183.0,184.995,184.0,moving_43_to_10,moving_43_to_10,0.67,38.466494390473905,3.371055232259672,,,0.10960627611639229,4.80541430564113,0.012013535764102825,0.25621189411382334,0.020223302630220416
AVMD,IMF2,background_dynamic_mode,17.793810848400554,366,36600,36999,183.0,184.995,184.0,moving_43_to_10,moving_43_to_10,0.67,38.466494390473905,3.371055232259672,17.0,17.47183338557255,0.058330052005290775,1.3609579867759707,0.0034023949669399266,0.07337719968250841,0.037926480622407395
AVMD,IMF3,background_dynamic_mode,39.90785813630041,366,36600,36999,183.0,184.995,184.0,moving_43_to_10,moving_43_to_10,0.67,38.466494390473905,3.371055232259672,36.5,37.3976789120884,0.038367582879608855,0.5888285664094619,0.0014720714160236547,0.04807096390115622,0.025187723992993474
AVMD,IMF4,background_dynamic_mode,54.08118915159944,366,36600,36999,183.0,184.995,184.0,moving_43_to_10,moving_43_to_10,0.67,38.466494390473905,3.371055232259672,54.5,53.544381687960886,0.019959556804407187,0.1593535631313429,0.0003983839078283573,0.02565027847665847,0.011744047820699845
AVMD,IMF5,background_dynamic_mode,59.97479137691238,366,36600,36999,183.0,184.995,184.0,moving_43_to_10,moving_43_to_10,0.67,38.466494390473905,3.371055232259672,60.0,61.46999522123723,0.016137343470376465,0.10416554171236075,0.0002604138542809019,0.02047420978511523,0.010123125567566825
AVMD,IMF6,background_dynamic_mode,80.04607093184978,366,36600,36999,183.0,184.995,184.0,moving_43_to_10,moving_43_to_10,0.67,38.466494390473905,3.371055232259672,80.0,79.868642115752,0.04622352456523448,0.8546456892931342,0.0021366142232328356,0.06350138887414632,0.015763727887512357
AVMD,IMF7,background_dynamic_mode,90.29468011126563,366,36600,36999,183.0,184.995,184.0,moving_43_to_10,moving_43_to_10,0.67,38.466494390473905,3.371055232259672,91.0,91.96678554948507,0.018843483740569867,0.1420307517924484,0.000355076879481121,0.023266347694626096,0.01260985329102595
AVMD,IMF1,angle_position_mode,0.008692628650904,367,36700,37099,183.5,185.495,184.5,moving_43_to_10,moving_43_to_10,0.92,36.718194035960465,3.6374476380021727,,,0.09112789798345072,3.321717516352881,0.008304293790882203,0.25581113232385283,0.022455071399329476
AVMD,IMF2,background_dynamic_mode,17.793810848400554,367,36700,37099,183.5,185.495,184.5,moving_43_to_10,moving_43_to_10,0.92,36.718194035960465,3.6374476380021727,16.5,17.333025142423676,0.05958495169606278,1.420146587448854,0.0035503664686221347,0.07511205741392611,0.037887627477023005
AVMD,IMF3,background_dynamic_mode,39.90785813630041,367,36700,37099,183.5,185.495,184.5,moving_43_to_10,moving_43_to_10,0.92,36.718194035960465,3.6374476380021727,36.0,36.96304760223854,0.035183887570844924,0.4951623778391424,0.001237905944597856,0.04369495974397457,0.02380031350829547
AVMD,IMF4,background_dynamic_mode,54.08118915159944,367,36700,37099,183.5,185.495,184.5,moving_43_to_10,moving_43_to_10,0.92,36.718194035960465,3.6374476380021727,54.5,52.250933235288855,0.02068858513783693,0.1712070220022108,0.000428017555005527,0.027088235858971927,0.011074281420858315
AVMD,IMF5,background_dynamic_mode,59.97479137691238,367,36700,37099,183.5,185.495,184.5,moving_43_to_10,moving_43_to_10,0.92,36.718194035960465,3.6374476380021727,60.5,61.89022020001588,0.015347336523049385,0.09421629534069023,0.00023554073835172558,0.019793311082361747,0.008923779137718723
AVMD,IMF6,background_dynamic_mode,80.04607093184978,367,36700,37099,183.5,185.495,184.5,moving_43_to_10,moving_43_to_10,0.92,36.718194035960465,3.6374476380021727,80.0,79.88232589582624,0.045257906670905505,0.8193112464929571,0.002048278116232393,0.06209648670662732,0.015839330556627083
AVMD,IMF7,background_dynamic_mode,90.29468011126563,367,36700,37099,183.5,185.495,184.5,moving_43_to_10,moving_43_to_10,0.92,36.718194035960465,3.6374476380021727,91.0,91.70462273736445,0.018942784249455284,0.14353163004856445,0.0003588290751214111,0.023938129187181283,0.011696194787660496
AVMD,IMF1,angle_position_mode,0.008692628650904,368,36800,37199,184.0,185.995,185.0,moving_43_to_10,moving_43_to_10,1.0,34.85820645268554,3.7956349853945266,,,0.06974177409351102,1.94556602148413,0.004863915053710325,0.2544359877224849,0.022079450377852427
AVMD,IMF2,background_dynamic_mode,17.793810848400554,368,36800,37199,184.0,185.995,185.0,moving_43_to_10,moving_43_to_10,1.0,34.85820645268554,3.7956349853945266,16.5,17.836227444956503,0.05758283718275715,1.3263132552063677,0.003315783138015919,0.073789468382152,0.035319815524980036
AVMD,IMF3,background_dynamic_mode,39.90785813630041,368,36800,37199,184.0,185.995,185.0,moving_43_to_10,moving_43_to_10,1.0,34.85820645268554,3.7956349853945266,36.0,36.795889034789546,0.03430701870690114,0.47078861302226593,0.001176971532555665,0.04364871132761317,0.021181863720921127
AVMD,IMF4,background_dynamic_mode,54.08118915159944,368,36800,37199,184.0,185.995,185.0,moving_43_to_10,moving_43_to_10,1.0,34.85820645268554,3.7956349853945266,54.5,52.17978864022513,0.019773406150747436,0.15639503632096657,0.00039098759080241646,0.02559995752239528,0.0112641623888806
AVMD,IMF5,background_dynamic_mode,59.97479137691238,368,36800,37199,184.0,185.995,185.0,moving_43_to_10,moving_43_to_10,1.0,34.85820645268554,3.7956349853945266,65.0,62.75030122119912,0.015917687397328184,0.1013491088316242,0.0002533727720790605,0.0204703975560465,0.009362661046269495
AVMD,IMF6,background_dynamic_mode,80.04607093184978,368,36800,37199,184.0,185.995,185.0,moving_43_to_10,moving_43_to_10,1.0,34.85820645268554,3.7956349853945266,80.0,79.62671442611398,0.045422959367968835,0.8252980950976592,0.0020632452377441477,0.06296093096307595,0.012751837777204856
AVMD,IMF7,background_dynamic_mode,90.29468011126563,368,36800,37199,184.0,185.995,185.0,moving_43_to_10,moving_43_to_10,1.0,34.85820645268554,3.7956349853945266,91.0,91.9974737394954,0.020203003777898496,0.1632645446599124,0.00040816136164978096,0.025686095414789643,0.012452847414316648
AVMD,IMF1,angle_position_mode,0.008692628650904,369,36900,37299,184.5,186.495,185.5,moving_43_to_10,moving_43_to_10,1.0,32.94523246873792,3.8397807149767433,,,0.053376675218141885,1.1396277829372008,0.002849069457343002,0.2512469847917041,0.02486267210997113
AVMD,IMF2,background_dynamic_mode,17.793810848400554,369,36900,37299,184.5,186.495,185.5,moving_43_to_10,moving_43_to_10,1.0,32.94523246873792,3.8397807149767433,16.5,18.02122436781351,0.05905553739867967,1.3950225989787413,0.003487556497446853,0.07556109645265698,0.03609056601433274
AVMD,IMF3,background_dynamic_mode,39.90785813630041,369,36900,37299,184.5,186.495,185.5,moving_43_to_10,moving_43_to_10,1.0,32.94523246873792,3.8397807149767433,36.0,37.199603224295096,0.03365297603772126,0.4530091184781765,0.0011325227961954411,0.04297884508098817,0.020436288712470767
AVMD,IMF4,background_dynamic_mode,54.08118915159944,369,36900,37299,184.5,186.495,185.5,moving_43_to_10,moving_43_to_10,1.0,32.94523246873792,3.8397807149767433,50.0,52.012165072391014,0.021402148630622616,0.18322078640290457,0.00045805196600726144,0.027660428439630225,0.012257864680334685
AVMD,IMF5,background_dynamic_mode,59.97479137691238,369,36900,37299,184.5,186.495,185.5,moving_43_to_10,moving_43_to_10,1.0,32.94523246873792,3.8397807149767433,64.5,62.71498046034195,0.017901300113509207,0.1281826183015699,0.00032045654575392474,0.022542557623631526,0.011480673155361372
AVMD,IMF6,background_dynamic_mode,80.04607093184978,369,36900,37299,184.5,186.495,185.5,moving_43_to_10,moving_43_to_10,1.0,32.94523246873792,3.8397807149767433,80.0,79.61732928962509,0.04293024126315181,0.7372022459649687,0.001843005614912422,0.05951912113553776,0.011979438522205628
AVMD,IMF7,background_dynamic_mode,90.29468011126563,369,36900,37299,184.5,186.495,185.5,moving_43_to_10,moving_43_to_10,1.0,32.94523246873792,3.8397807149767433,91.5,92.15695241131466,0.019235795737054827,0.14800633505507865,0.00037001583763769663,0.024671366994967227,0.011510733293412836
AVMD,IMF1,angle_position_mode,0.008692628650904,370,37000,37399,185.0,186.995,186.0,moving_43_to_10,moving_43_to_10,1.0,31.038487144814596,3.772860376997022,,,0.04370869945729731,0.7641801632993368,0.001910450408248342,0.24249785673313887,0.028646123344051273
AVMD,IMF2,background_dynamic_mode,17.793810848400554,370,37000,37399,185.0,186.995,186.0,moving_43_to_10,moving_43_to_10,1.0,31.038487144814596,3.772860376997022,16.5,17.769082123794448,0.0580565045266752,1.348223087142343,0.003370557717855858,0.07368107517544509,0.036296839366736985
AVMD,IMF3,background_dynamic_mode,39.90785813630041,370,37000,37399,185.0,186.995,186.0,moving_43_to_10,moving_43_to_10,1.0,31.038487144814596,3.772860376997022,36.0,36.775447489510356,0.03386666919312126,0.4587805128945233,0.0011469512822363083,0.042975417379505366,0.021155822863435172
AVMD,IMF4,background_dynamic_mode,54.08118915159944,370,37000,37399,185.0,186.995,186.0,moving_43_to_10,moving_43_to_10,1.0,31.038487144814596,3.772860376997022,54.0,52.576717544385325,0.02092554316701231,0.1751513427337983,0.0004378783568344957,0.0267741629879547,0.012601506244988807
AVMD,IMF5,background_dynamic_mode,59.97479137691238,370,37000,37399,185.0,186.995,186.0,moving_43_to_10,moving_43_to_10,1.0,31.038487144814596,3.772860376997022,64.0,62.71921311370237,0.018722110496349725,0.14020696857501141,0.00035051742143752854,0.023507390939831393,0.01215501766940367
AVMD,IMF6,background_dynamic_mode,80.04607093184978,370,37000,37399,185.0,186.995,186.0,moving_43_to_10,moving_43_to_10,1.0,31.038487144814596,3.772860376997022,80.0,79.65512108885837,0.04403210416991445,0.7755304790520792,0.0019388261976301978,0.06100499877552044,0.012383434389835524
AVMD,IMF7,background_dynamic_mode,90.29468011126563,370,37000,37399,185.0,186.995,186.0,moving_43_to_10,moving_43_to_10,1.0,31.038487144814596,3.772860376997022,91.5,92.37714485474717,0.020303244660659938,0.16488869750024648,0.0004122217437506162,0.026708208435290683,0.010664133930119177
AVMD,IMF1,angle_position_mode,0.008692628650904,371,37100,37499,185.5,187.495,186.5,moving_43_to_10,moving_43_to_10,1.0,29.193111577821337,3.6060715438973014,,,0.036726030101407334,0.539520514803791,0.0013488012870094775,0.2416586949863977,0.02853506622511314
AVMD,IMF2,background_dynamic_mode,17.793810848400554,371,37100,37499,185.5,187.495,186.5,moving_43_to_10,moving_43_to_10,1.0,29.193111577821337,3.6060715438973014,16.5,17.30190531206644,0.06038722698050043,1.4586468729577917,0.0036466171823944793,0.07702185137814518,0.037128533957852566
AVMD,IMF3,background_dynamic_mode,39.90785813630041,371,37100,37499,185.5,187.495,186.5,moving_43_to_10,moving_43_to_10,1.0,29.193111577821337,3.6060715438973014,35.5,37.147265380652634,0.03586909488621851,0.5146367871826188,0.001286591967956547,0.04653636893416027,0.020174022383826453
AVMD,IMF4,background_dynamic_mode,54.08118915159944,371,37100,37499,185.5,187.495,186.5,moving_43_to_10,moving_43_to_10,1.0,29.193111577821337,3.6060715438973014,53.5,52.43214931027664,0.021343209514096222,0.182213036945043,0.0004555325923626075,0.027383825082141176,0.012708716040771806
AVMD,IMF5,background_dynamic_mode,59.97479137691238,371,37100,37499,185.5,187.495,186.5,moving_43_to_10,moving_43_to_10,1.0,29.193111577821337,3.6060715438973014,62.0,62.13473847118261,0.018367559223456977,0.1349468927308798,0.0003373672318271995,0.022839118974135778,0.01237003695015124
AVMD,IMF6,background_dynamic_mode,80.04607093184978,371,37100,37499,185.5,187.495,186.5,moving_43_to_10,moving_43_to_10,1.0,29.193111577821337,3.6060715438973014,80.0,79.68883926471895,0.04334687061129175,0.7515804767168273,0.0018789511917920681,0.060014210405444926,0.01246421709955389
AVMD,IMF7,background_dynamic_mode,90.29468011126563,371,37100,37499,185.5,187.495,186.5,moving_43_to_10,moving_43_to_10,1.0,29.193111577821337,3.6060715438973014,91.5,92.78801370933763,0.019216630304313188,0.14771155210105918,0.00036927888025264796,0.025192093881933112,0.010387894180972478
AVMD,IMF1,angle_position_mode,0.008692628650904,372,37200,37599,186.0,187.995,187.0,moving_43_to_10,moving_43_to_10,1.0,27.45614153576803,3.357425721098703,,,0.03126885546478975,0.39109652883116464,0.0009777413220779115,0.23279972690149667,0.027529916737238463
AVMD,IMF2,background_dynamic_mode,17.793810848400554,372,37200,37599,186.0,187.995,187.0,moving_43_to_10,moving_43_to_10,1.0,27.45614153576803,3.357425721098703,16.0,17.165136496629334,0.05598085682856147,1.253542532503959,0.0031338563312598975,0.06996326100157557,0.037235733343815296
AVMD,IMF3,background_dynamic_mode,39.90785813630041,372,37200,37599,186.0,187.995,187.0,moving_43_to_10,moving_43_to_10,1.0,27.45614153576803,3.357425721098703,35.5,37.03173096444475,0.03769595556815125,0.5683940264784134,0.0014209850661960335,0.049393577738183675,0.020119457227451957
AVMD,IMF4,background_dynamic_mode,54.08118915159944,372,37200,37599,186.0,187.995,187.0,moving_43_to_10,moving_43_to_10,1.0,27.45614153576803,3.357425721098703,53.5,52.96961679132553,0.01939339071539596,0.15044144137600252,0.00037610360344000627,0.023887078273735374,0.013422791976528946
AVMD,IMF5,background_dynamic_mode,59.97479137691238,372,37200,37599,186.0,187.995,187.0,moving_43_to_10,moving_43_to_10,1.0,27.45614153576803,3.357425721098703,60.5,61.968909492356694,0.01754711866356146,0.12316054935724274,0.00030790137339310687,0.021362134603410257,0.012640268023652906
AVMD,IMF6,background_dynamic_mode,80.04607093184978,372,37200,37599,186.0,187.995,187.0,moving_43_to_10,moving_43_to_10,1.0,27.45614153576803,3.357425721098703,80.0,79.57390627278185,0.04177379478639832,0.6980199723424476,0.001745049930856119,0.057591314811557284,0.012924728701852144
AVMD,IMF7,background_dynamic_mode,90.29468011126563,372,37200,37599,186.0,187.995,187.0,moving_43_to_10,moving_43_to_10,1.0,27.45614153576803,3.357425721098703,90.5,92.44000657819042,0.019525211349491867,0.15249355129693037,0.00038123387824232595,0.025854533150791035,0.009839389428931958
AVMD,IMF1,angle_position_mode,0.008692628650904,373,37300,37699,186.5,188.495,187.5,moving_43_to_10,moving_43_to_10,1.0,25.863431497007376,3.0497317652577873,,,0.030246459739516573,0.36593933070967877,0.0009148483267741969,0.22064416563515793,0.02707284166770169
AVMD,IMF2,background_dynamic_mode,17.793810848400554,373,37300,37699,186.5,188.495,187.5,moving_43_to_10,moving_43_to_10,1.0,25.863431497007376,3.0497317652577873,16.0,17.3581178170069,0.053608586496333425,1.149552218453945,0.0028738805461348627,0.06777772165820994,0.033251887895825595
AVMD,IMF3,background_dynamic_mode,39.90785813630041,373,37300,37699,186.5,188.495,187.5,moving_43_to_10,moving_43_to_10,1.0,25.863431497007376,3.0497317652577873,35.5,36.1435327821667,0.0391377497217373,0.6127053813125394,0.0015317634532813484,0.05117312078578962,0.021261512222341857
AVMD,IMF4,background_dynamic_mode,54.08118915159944,373,37300,37699,186.5,188.495,187.5,moving_43_to_10,moving_43_to_10,1.0,25.863431497007376,3.0497317652577873,53.5,53.12383906717459,0.016883688987950684,0.11402358153673886,0.0002850589538418472,0.02017473703202938,0.012759192423394683
AVMD,IMF5,background_dynamic_mode,59.97479137691238,373,37300,37699,186.5,188.495,187.5,moving_43_to_10,moving_43_to_10,1.0,25.863431497007376,3.0497317652577873,60.0,62.465879537160454,0.016008544581401375,0.10250939984588614,0.0002562734996147153,0.019764756494565206,0.011056934957049689
AVMD,IMF6,background_dynamic_mode,80.04607093184978,373,37300,37699,186.5,188.495,187.5,moving_43_to_10,moving_43_to_10,1.0,25.863431497007376,3.0497317652577873,80.0,79.5997716709784,0.03956219084829475,0.6260667778867587,0.0015651669447168967,0.05398918633114936,0.014548303121707606
AVMD,IMF7,background_dynamic_mode,90.29468011126563,373,37300,37699,186.5,188.495,187.5,moving_43_to_10,moving_43_to_10,1.0,25.863431497007376,3.0497317652577873,90.5,91.538547203364,0.019812515750994217,0.1570143121533576,0.000392535780383394,0.026037403534474982,0.009659682612264835
AVMD,IMF1,angle_position_mode,0.008692628650904,374,37400,37799,187.0,188.995,188.0,moving_43_to_10,moving_43_to_10,1.0,24.437805289200742,2.7082224920907048,,,0.029366594696981753,0.3449587536387187,0.0008623968840967967,0.2187102192141938,0.025876758405854784
AVMD,IMF2,background_dynamic_mode,17.793810848400554,374,37400,37799,187.0,188.995,188.0,moving_43_to_10,moving_43_to_10,1.0,24.437805289200742,2.7082224920907048,16.0,18.067863412893555,0.055818873323449245,1.2462986476397095,0.003115746619099274,0.07189727923957133,0.032535466136552386
AVMD,IMF3,background_dynamic_mode,39.90785813630041,374,37400,37799,187.0,188.995,188.0,moving_43_to_10,moving_43_to_10,1.0,24.437805289200742,2.7082224920907048,35.5,36.977560523192395,0.038211085917335866,0.5840348347928094,0.0014600870869820235,0.04935238937733422,0.021997005458394295
AVMD,IMF4,background_dynamic_mode,54.08118915159944,374,37400,37799,187.0,188.995,188.0,moving_43_to_10,moving_43_to_10,1.0,24.437805289200742,2.7082224920907048,53.5,51.63836721431483,0.015507376419206345,0.0961914893627828,0.00024047872340695697,0.019097671365664183,0.01086131565212023
AVMD,IMF5,background_dynamic_mode,59.97479137691238,374,37400,37799,187.0,188.995,188.0,moving_43_to_10,moving_43_to_10,1.0,24.437805289200742,2.7082224920907048,59.5,61.642031026960574,0.013719845155274689,0.07529366043388573,0.00018823415108471433,0.017093264220815377,0.009222464947909839
AVMD,IMF6,background_dynamic_mode,80.04607093184978,374,37400,37799,187.0,188.995,188.0,moving_43_to_10,moving_43_to_10,1.0,24.437805289200742,2.7082224920907048,80.0,79.946427898899,0.036377045889978185,0.5293157870726315,0.0013232894676815786,0.04923819800417565,0.014724366855380791
AVMD,IMF7,background_dynamic_mode,90.29468011126563,374,37400,37799,187.0,188.995,188.0,moving_43_to_10,moving_43_to_10,1.0,24.437805289200742,2.7082224920907048,90.5,91.08565113879071,0.021289685754894785,0.181300287816868,0.00045325071954216997,0.028138156277883155,0.010687507919564255
AVMD,IMF1,angle_position_mode,0.008692628650904,375,37500,37899,187.5,189.495,188.5,moving_43_to_10,moving_43_to_10,1.0,23.188555734286542,2.358128451396925,,,0.036925120590748685,0.5453858122565329,0.0013634645306413323,0.2105764097613253,0.02410370064647614
AVMD,IMF2,background_dynamic_mode,17.793810848400554,375,37500,37899,187.5,189.495,188.5,moving_43_to_10,moving_43_to_10,1.0,23.188555734286542,2.358128451396925,18.0,17.906899071245075,0.05184521507845621,1.0751705306125532,0.002687926326531383,0.06625961861046908,0.03133074552611561
AVMD,IMF3,background_dynamic_mode,39.90785813630041,375,37500,37899,187.5,189.495,188.5,moving_43_to_10,moving_43_to_10,1.0,23.188555734286542,2.358128451396925,40.0,37.42876770529079,0.037530438707707205,0.5634135318371869,0.0014085338295929672,0.04825879384148345,0.02234101082597351
AVMD,IMF4,background_dynamic_mode,54.08118915159944,375,37500,37899,187.5,189.495,188.5,moving_43_to_10,moving_43_to_10,1.0,23.188555734286542,2.358128451396925,53.5,52.02973538487723,0.017380793828732036,0.12083679764675585,0.00030209199411688966,0.0209476810231153,0.012878111078057536
AVMD,IMF5,background_dynamic_mode,59.97479137691238,375,37500,37899,187.5,189.495,188.5,moving_43_to_10,moving_43_to_10,1.0,23.188555734286542,2.358128451396925,60.5,61.353637223204885,0.014401128224460507,0.08295699765494122,0.00020739249413735303,0.017761885940098452,0.00997979189437767
AVMD,IMF6,background_dynamic_mode,80.04607093184978,375,37500,37899,187.5,189.495,188.5,moving_43_to_10,moving_43_to_10,1.0,23.188555734286542,2.358128451396925,80.0,79.68505063121788,0.033297247684239514,0.44348268133823754,0.0011087067033455939,0.044940379640574776,0.01382184719483687
AVMD,IMF7,background_dynamic_mode,90.29468011126563,375,37500,37899,187.5,189.495,188.5,moving_43_to_10,moving_43_to_10,1.0,23.188555734286542,2.358128451396925,90.5,90.88770680324916,0.02117095182546436,0.17928368047845308,0.0004482092011961327,0.027584663588147772,0.011560064831906174
AVMD,IMF1,angle_position_mode,0.008692628650904,376,37600,37999,188.0,189.995,189.0,moving_43_to_10,moving_43_to_10,1.0,22.112248448593462,2.022498170734222,,,0.042356120794264554,0.7176163874953322,0.0017940409687383304,0.20555564492853948,0.025330659554471835
AVMD,IMF2,background_dynamic_mode,17.793810848400554,376,37600,37999,188.0,189.995,189.0,moving_43_to_10,moving_43_to_10,1.0,22.112248448593462,2.022498170734222,15.5,17.09439822864065,0.054322594245228346,1.1803776982126863,0.0029509442455317157,0.07025077218202089,0.03108765035047118
AVMD,IMF3,background_dynamic_mode,39.90785813630041,376,37600,37999,188.0,189.995,189.0,moving_43_to_10,moving_43_to_10,1.0,22.112248448593462,2.022498170734222,40.0,37.08263082747579,0.03826893725485308,0.5858046234463528,0.0014645115586158818,0.04799767225006482,0.02494740488181695
AVMD,IMF4,background_dynamic_mode,54.08118915159944,376,37600,37999,188.0,189.995,189.0,moving_43_to_10,moving_43_to_10,1.0,22.112248448593462,2.022498170734222,54.0,53.30750076418893,0.01916843950436295,0.14697162921296883,0.0003674290730324221,0.024008783592419328,0.012586743242806694
AVMD,IMF5,background_dynamic_mode,59.97479137691238,376,37600,37999,188.0,189.995,189.0,moving_43_to_10,moving_43_to_10,1.0,22.112248448593462,2.022498170734222,62.0,62.44845979375228,0.014657846423643098,0.08594098471164272,0.00021485246177910678,0.017660996356063805,0.010855872989022531
AVMD,IMF6,background_dynamic_mode,80.04607093184978,376,37600,37999,188.0,189.995,189.0,moving_43_to_10,moving_43_to_10,1.0,22.112248448593462,2.022498170734222,80.0,79.1270249595019,0.03103227453757232,0.38520082519010374,0.0009630020629752594,0.04213475406018759,0.01210279685006386
AVMD,IMF7,background_dynamic_mode,90.29468011126563,376,37600,37999,188.0,189.995,189.0,moving_43_to_10,moving_43_to_10,1.0,22.112248448593462,2.022498170734222,90.0,90.88513830243157,0.02149535667657733,0.18482014346131104,0.0004620503586532776,0.02821726672819967,0.01117432401192808
AVMD,IMF1,angle_position_mode,0.008692628650904,377,37700,38099,188.5,190.495,189.5,moving_43_to_10,moving_43_to_10,1.0,21.19464145510467,1.720482068673594,,,0.043437454970804056,0.754724997736252,0.00188681249434063,0.19942153955967054,0.028428848634401642
AVMD,IMF2,background_dynamic_mode,17.793810848400554,377,37700,38099,188.5,190.495,189.5,moving_43_to_10,moving_43_to_10,1.0,21.19464145510467,1.720482068673594,16.0,16.753234555077,0.05400514072132043,1.1666220897318489,0.002916555224329622,0.06973210723261664,0.03140418168697103
AVMD,IMF3,background_dynamic_mode,39.90785813630041,377,37700,38099,188.5,190.495,189.5,moving_43_to_10,moving_43_to_10,1.0,21.19464145510467,1.720482068673594,35.5,37.29124288076381,0.03643559605643165,0.5310210639949831,0.0013275526599874576,0.045348845767972004,0.024380713274090075
AVMD,IMF4,background_dynamic_mode,54.08118915159944,377,37700,38099,188.5,190.495,189.5,moving_43_to_10,moving_43_to_10,1.0,21.19464145510467,1.720482068673594,54.5,53.72425692565343,0.020827352293533677,0.173511441423585,0.00043377860355896247,0.026575409416488113,0.012707965762132732
AVMD,IMF5,background_dynamic_mode,59.97479137691238,377,37700,38099,188.5,190.495,189.5,moving_43_to_10,moving_43_to_10,1.0,21.19464145510467,1.720482068673594,64.0,62.42152235753329,0.012990113305337834,0.067497217474206,0.000168743043685515,0.015277426715704983,0.010218427996151068
AVMD,IMF6,background_dynamic_mode,80.04607093184978,377,37700,38099,188.5,190.495,189.5,moving_43_to_10,moving_43_to_10,1.0,21.19464145510467,1.720482068673594,80.0,79.54115668443922,0.03063967016154348,0.37551575504327117,0.000938789387608178,0.041729664574106644,0.011661673507951716
AVMD,IMF7,background_dynamic_mode,90.29468011126563,377,37700,38099,188.5,190.495,189.5,moving_43_to_10,moving_43_to_10,1.0,21.19464145510467,1.720482068673594,90.5,90.82060197804606,0.021684186853946904,0.1880815838067535,0.00047020395951688374,0.02820322691718458,0.01167887612706348
AVMD,IMF1,angle_position_mode,0.008692628650904,378,37800,38199,189.0,190.995,190.0,moving_43_to_10,moving_43_to_10,1.0,20.413425087151467,1.466191988711493,,,0.044349402323426906,0.7867477945780735,0.001966869486445184,0.1940654741558992,0.02783204483670986
AVMD,IMF2,background_dynamic_mode,17.793810848400554,378,37800,38199,189.0,190.995,190.0,moving_43_to_10,moving_43_to_10,1.0,20.413425087151467,1.466191988711493,16.0,17.242690704621904,0.04833804271257797,0.9346265493132049,0.002336566373283012,0.06097051494740649,0.03084028658271543
AVMD,IMF3,background_dynamic_mode,39.90785813630041,378,37800,38199,189.0,190.995,190.0,moving_43_to_10,moving_43_to_10,1.0,20.413425087151467,1.466191988711493,35.5,37.32911817058363,0.035207327908725716,0.49582237538901475,0.001239555938472537,0.04366469184806272,0.023858990727660317
AVMD,IMF4,background_dynamic_mode,54.08118915159944,378,37800,38199,189.0,190.995,190.0,moving_43_to_10,moving_43_to_10,1.0,20.413425087151467,1.466191988711493,55.0,53.75381636447263,0.02001316511654458,0.1602107111928307,0.00040052677798207677,0.02495724451009854,0.013304497008865214
AVMD,IMF5,background_dynamic_mode,59.97479137691238,378,37800,38199,189.0,190.995,190.0,moving_43_to_10,moving_43_to_10,1.0,20.413425087151467,1.466191988711493,63.0,62.08887380344554,0.01251903370452281,0.06269048195799126,0.00015672620489497814,0.014911908120599646,0.009546330040041563
AVMD,IMF6,background_dynamic_mode,80.04607093184978,378,37800,38199,189.0,190.995,190.0,moving_43_to_10,moving_43_to_10,1.0,20.413425087151467,1.466191988711493,80.0,79.43927151701614,0.03061521769905988,0.3749166219043317,0.0009372915547608293,0.041782508095380685,0.011344784514154462
AVMD,IMF7,background_dynamic_mode,90.29468011126563,378,37800,38199,189.0,190.995,190.0,moving_43_to_10,moving_43_to_10,1.0,20.413425087151467,1.466191988711493,90.5,90.90022906455337,0.023010673439837256,0.21179643686193267,0.0005294910921548317,0.02953673669433913,0.0136538543442142
AVMD,IMF1,angle_position_mode,0.008692628650904,379,37900,38299,189.5,191.495,190.5,moving_43_to_10,moving_43_to_10,1.0,19.741409190441676,1.2680671329214637,,,0.041089441719462466,0.6753368883268411,0.001688342220817103,0.19051670789043157,0.025261222198884787
AVMD,IMF2,background_dynamic_mode,17.793810848400554,379,37900,38299,189.5,191.495,190.5,moving_43_to_10,moving_43_to_10,1.0,19.741409190441676,1.2680671329214637,20.0,17.836868752035336,0.05358102743747092,1.1483706005020045,0.0028709265012550112,0.06801462736079732,0.03346918950408157
AVMD,IMF3,background_dynamic_mode,39.90785813630041,379,37900,38299,189.5,191.495,190.5,moving_43_to_10,moving_43_to_10,1.0,19.741409190441676,1.2680671329214637,35.5,37.38079806306451,0.0335638117086683,0.4506117825659756,0.001126529456414939,0.041887102489646395,0.022081048400511203
AVMD,IMF4,background_dynamic_mode,54.08118915159944,379,37900,38299,189.5,191.495,190.5,moving_43_to_10,moving_43_to_10,1.0,19.741409190441676,1.2680671329214637,53.5,53.01201083544481,0.02054994494082202,0.16892009482832665,0.0004223002370708166,0.025699424425050868,0.013529675565191471
AVMD,IMF5,background_dynamic_mode,59.97479137691238,379,37900,38299,189.5,191.495,190.5,moving_43_to_10,moving_43_to_10,1.0,19.741409190441676,1.2680671329214637,60.5,61.8110266276159,0.011232709916326522,0.05046950882573607,0.00012617377206434018,0.01345206071445288,0.008423206407430866
AVMD,IMF6,background_dynamic_mode,80.04607093184978,379,37900,38299,189.5,191.495,190.5,moving_43_to_10,moving_43_to_10,1.0,19.741409190441676,1.2680671329214637,80.0,79.35399330469998,0.030828692891517132,0.3801633221597916,0.000950408305399479,0.04199137445522613,0.01160348524417148
AVMD,IMF7,background_dynamic_mode,90.29468011126563,379,37900,38299,189.5,191.495,190.5,moving_43_to_10,moving_43_to_10,1.0,19.741409190441676,1.2680671329214637,90.5,90.83753943978313,0.023915608641119263,0.22878253467007137,0.0005719563366751784,0.03033190259651157,0.014582283659144225
AVMD,IMF1,angle_position_mode,0.008692628650904,380,38000,38399,190.0,191.995,191.0,moving_43_to_10,moving_43_to_10,1.0,19.149746976186858,1.128565123179603,,,0.04404812728386989,0.7760950068864012,0.001940237517216003,0.19544041380797686,0.030568019688180324
AVMD,IMF2,background_dynamic_mode,17.793810848400554,380,38000,38399,190.0,191.995,191.0,moving_43_to_10,moving_43_to_10,1.0,19.149746976186858,1.128565123179603,18.0,17.850383979880856,0.04948671704206841,0.9795740654406975,0.002448935163601744,0.05988981958956655,0.03621597240103627
AVMD,IMF3,background_dynamic_mode,39.90785813630041,380,38000,38399,190.0,191.995,191.0,moving_43_to_10,moving_43_to_10,1.0,19.149746976186858,1.128565123179603,35.5,36.931213203679285,0.028040609878415106,0.31451032094138837,0.0007862758023534709,0.03455308574897585,0.01946183181499887
AVMD,IMF4,background_dynamic_mode,54.08118915159944,380,38000,38399,190.0,191.995,191.0,moving_43_to_10,moving_43_to_10,1.0,19.149746976186858,1.128565123179603,54.5,53.61495566387248,0.019836213780665836,0.1573901508609109,0.00039347537715227725,0.02456527577718361,0.013547157249430362
AVMD,IMF5,background_dynamic_mode,59.97479137691238,380,38000,38399,190.0,191.995,191.0,moving_43_to_10,moving_43_to_10,1.0,19.149746976186858,1.128565123179603,60.0,62.0503309746004,0.010445588588463783,0.04364412838377792,0.0001091103209594448,0.013285331560231324,0.006447878032353783
AVMD,IMF6,background_dynamic_mode,80.04607093184978,380,38000,38399,190.0,191.995,191.0,moving_43_to_10,moving_43_to_10,1.0,19.149746976186858,1.128565123179603,80.0,79.22046077416914,0.03040620620833923,0.3698149503936189,0.0009245373759840472,0.04130090669116113,0.011842445927665292
AVMD,IMF7,background_dynamic_mode,90.29468011126563,380,38000,38399,190.0,191.995,191.0,moving_43_to_10,moving_43_to_10,1.0,19.149746976186858,1.128565123179603,90.5,90.98085411286065,0.026067614641762053,0.27180821324456295,0.0006795205331114073,0.033309404520293774,0.015761686230410913
AVMD,IMF1,angle_position_mode,0.008692628650904,381,38100,38499,190.5,192.495,191.5,moving_43_to_10,moving_43_to_10,1.0,18.610797010120333,1.0442481870894635,,,0.051591895696965775,1.0646894806426384,0.0026617237016065957,0.20119934007330018,0.027210452916498557
AVMD,IMF2,background_dynamic_mode,17.793810848400554,381,38100,38499,190.5,192.495,191.5,moving_43_to_10,moving_43_to_10,1.0,18.610797010120333,1.0442481870894635,17.0,17.703542419885505,0.047914548777559324,0.9183215938228446,0.0022958039845571115,0.05831212887356388,0.03452330276913731
AVMD,IMF3,background_dynamic_mode,39.90785813630041,381,38100,38499,190.5,192.495,191.5,moving_43_to_10,moving_43_to_10,1.0,18.610797010120333,1.0442481870894635,36.0,37.313726446520526,0.029245544269704587,0.3421207438525003,0.0008553018596312508,0.03607413052495633,0.02024728405288199
AVMD,IMF4,background_dynamic_mode,54.08118915159944,381,38100,38499,190.5,192.495,191.5,moving_43_to_10,moving_43_to_10,1.0,18.610797010120333,1.0442481870894635,54.0,53.72124504763161,0.01952683977715981,0.15251898867314823,0.00038129747168287056,0.024400221262790622,0.01293796301264695
AVMD,IMF5,background_dynamic_mode,59.97479137691238,381,38100,38499,190.5,192.495,191.5,moving_43_to_10,moving_43_to_10,1.0,18.610797010120333,1.0442481870894635,60.0,61.59905148517428,0.011222597263818669,0.05037867573834811,0.00012594668934587028,0.01390015258173463,0.0076692270791217385
AVMD,IMF6,background_dynamic_mode,80.04607093184978,381,38100,38499,190.5,192.495,191.5,moving_43_to_10,moving_43_to_10,1.0,18.610797010120333,1.0442481870894635,80.0,79.22033369264535,0.03140050776717626,0.39439675521459866,0.0009859918880364966,0.042724733918069635,0.011821975395856036
AVMD,IMF7,background_dynamic_mode,90.29468011126563,381,38100,38499,190.5,192.495,191.5,moving_43_to_10,moving_43_to_10,1.0,18.610797010120333,1.0442481870894635,91.0,91.1062964312381,0.02537403141254478,0.25753658804992374,0.0006438414701248093,0.03282738991135223,0.015232181048205897
AVMD,IMF1,angle_position_mode,0.008692628650904,382,38200,38599,191.0,192.995,192.0,moving_43_to_10,moving_43_to_10,1.0,18.10030178628901,1.006762292808774,,,0.05925601385143752,1.404510071024702,0.003511275177561755,0.20117293119278887,0.02500241064700317
AVMD,IMF2,background_dynamic_mode,17.793810848400554,382,38200,38599,191.0,192.995,192.0,moving_43_to_10,moving_43_to_10,1.0,18.10030178628901,1.006762292808774,17.0,17.85368619946662,0.047297462816993416,0.8948199955699498,0.002237049988924875,0.05913068568643068,0.03131680778864365
AVMD,IMF3,background_dynamic_mode,39.90785813630041,382,38200,38599,191.0,192.995,192.0,moving_43_to_10,moving_43_to_10,1.0,18.10030178628901,1.006762292808774,36.0,37.66698075979229,0.03126650965159513,0.3910378503173166,0.0009775946257932914,0.039161607196230595,0.02070132178029325
AVMD,IMF4,background_dynamic_mode,54.08118915159944,382,38200,38599,191.0,192.995,192.0,moving_43_to_10,moving_43_to_10,1.0,18.10030178628901,1.006762292808774,54.0,53.151688996778915,0.021276972027463308,0.1810838154629824,0.000452709538657456,0.027201343912548706,0.01286368758992569
AVMD,IMF5,background_dynamic_mode,59.97479137691238,382,38200,38599,191.0,192.995,192.0,moving_43_to_10,moving_43_to_10,1.0,18.10030178628901,1.006762292808774,60.0,61.74194015789431,0.010528382585583173,0.04433873594736441,0.00011084683986841104,0.012966575206199283,0.007313649036994175
AVMD,IMF6,background_dynamic_mode,80.04607093184978,382,38200,38599,191.0,192.995,192.0,moving_43_to_10,moving_43_to_10,1.0,18.10030178628901,1.006762292808774,80.0,79.391173488823,0.03194958005011655,0.4083102661515221,0.0010207756653788052,0.043779128308666045,0.010975140841326557
AVMD,IMF7,background_dynamic_mode,90.29468011126563,382,38200,38599,191.0,192.995,192.0,moving_43_to_10,moving_43_to_10,1.0,18.10030178628901,1.006762292808774,90.5,90.87437542152325,0.023068927032113756,0.2128701577651955,0.0005321753944129888,0.029763607859493134,0.013307919941716002
AVMD,IMF1,angle_position_mode,0.008692628650904,383,38300,38699,191.5,193.495,192.5,moving_43_to_10,moving_43_to_10,1.0,17.59871378528201,1.0049357417985247,,,0.06722841188395133,1.8078637457752829,0.0045196593644382076,0.20458125116724268,0.026213066713730172
AVMD,IMF2,background_dynamic_mode,17.793810848400554,383,38300,38699,191.5,193.495,192.5,moving_43_to_10,moving_43_to_10,1.0,17.59871378528201,1.0049357417985247,17.0,17.81261136370149,0.039345344631630676,0.6192224576727154,0.0015480561441817886,0.04938657394902824,0.02548105921550307
AVMD,IMF3,background_dynamic_mode,39.90785813630041,383,38300,38699,191.5,193.495,192.5,moving_43_to_10,moving_43_to_10,1.0,17.59871378528201,1.0049357417985247,36.0,37.2609945875159,0.035269064459355036,0.4975627631352563,0.0012439069078381407,0.04331187207261842,0.02479462251239119
AVMD,IMF4,background_dynamic_mode,54.08118915159944,383,38300,38699,191.5,193.495,192.5,moving_43_to_10,moving_43_to_10,1.0,17.59871378528201,1.0049357417985247,54.0,53.30141269492015,0.017950214354385707,0.12888407814735786,0.00032221019536839466,0.022747413111398735,0.011301296176529614
AVMD,IMF5,background_dynamic_mode,59.97479137691238,383,38300,38699,191.5,193.495,192.5,moving_43_to_10,moving_43_to_10,1.0,17.59871378528201,1.0049357417985247,60.0,61.2121071569065,0.012770183298770298,0.06523103259367674,0.00016307758148419185,0.01578359533842171,0.008800759560776635
AVMD,IMF6,background_dynamic_mode,80.04607093184978,383,38300,38699,191.5,193.495,192.5,moving_43_to_10,moving_43_to_10,1.0,17.59871378528201,1.0049357417985247,80.0,79.70830441252808,0.031350194522054155,0.3931338786282537,0.0009828346965706342,0.04318296377872283,0.009812709521696437
AVMD,IMF7,background_dynamic_mode,90.29468011126563,383,38300,38699,191.5,193.495,192.5,moving_43_to_10,moving_43_to_10,1.0,17.59871378528201,1.0049357417985247,90.5,90.82211478560954,0.023311265874184955,0.217366046662776,0.00054341511665694,0.031224537793038465,0.011080534968908743
AVMD,IMF1,angle_position_mode,0.008692628650904,384,38400,38799,192.0,193.995,193.0,moving_43_to_10,moving_43_to_10,1.0,17.091688831800518,1.0272061966057664,,,0.07493264358632191,2.2459604299338998,0.00561490107483475,0.19916681934117045,0.02135684005788863
AVMD,IMF2,background_dynamic_mode,17.793810848400554,384,38400,38799,192.0,193.995,193.0,moving_43_to_10,moving_43_to_10,1.0,17.091688831800518,1.0272061966057664,16.5,17.968741862023,0.04127946889362733,0.6815978208559785,0.0017039945521399463,0.05406707226394529,0.022083141216127592
AVMD,IMF3,background_dynamic_mode,39.90785813630041,384,38400,38799,192.0,193.995,193.0,moving_43_to_10,moving_43_to_10,1.0,17.091688831800518,1.0272061966057664,36.0,37.02641595318446,0.03821721199691247,0.5842221171267803,0.0014605552928169507,0.04902700912199243,0.022742630771387707
AVMD,IMF4,background_dynamic_mode,54.08118915159944,384,38400,38799,192.0,193.995,193.0,moving_43_to_10,moving_43_to_10,1.0,17.091688831800518,1.0272061966057664,54.0,53.432235985817414,0.019205344579179853,0.14753810416201316,0.0003688452604050329,0.023828124094254322,0.01303350991501048
AVMD,IMF5,background_dynamic_mode,59.97479137691238,384,38400,38799,192.0,193.995,193.0,moving_43_to_10,moving_43_to_10,1.0,17.091688831800518,1.0272061966057664,59.5,60.26680668188685,0.012339972716793208,0.06090997066048029,0.00015227492665120072,0.015193581188159017,0.008582547150970754
AVMD,IMF6,background_dynamic_mode,80.04607093184978,384,38400,38799,192.0,193.995,193.0,moving_43_to_10,moving_43_to_10,1.0,17.091688831800518,1.0272061966057664,80.0,79.82532687047095,0.030745350063012013,0.3781106201988611,0.0009452765504971527,0.042440679341831676,0.009365257420925411
AVMD,IMF7,background_dynamic_mode,90.29468011126563,384,38400,38799,192.0,193.995,193.0,moving_43_to_10,moving_43_to_10,1.0,17.091688831800518,1.0272061966057664,90.5,91.02277920427147,0.019971236727157848,0.15954011856487144,0.00039885029641217857,0.027014661836087726,0.008303939626352598
AVMD,IMF1,angle_position_mode,0.008692628650904,385,38500,38899,192.5,194.495,193.5,moving_43_to_10,moving_43_to_10,1.0,16.569920305485038,1.063279726140982,,,0.08042238326691545,2.5871038921322564,0.0064677597303306415,0.1929155176716677,0.025263730405050575
AVMD,IMF2,background_dynamic_mode,17.793810848400554,385,38500,38899,192.5,194.495,193.5,moving_43_to_10,moving_43_to_10,1.0,16.569920305485038,1.063279726140982,16.5,17.738141212566273,0.03918901236289664,0.6143114759917061,0.0015357786899792654,0.051227554651043915,0.02122557578782342
AVMD,IMF3,background_dynamic_mode,39.90785813630041,385,38500,38899,192.5,194.495,193.5,moving_43_to_10,moving_43_to_10,1.0,16.569920305485038,1.063279726140982,40.0,37.63735554056702,0.037657575809992565,0.5672372063541349,0.0014180930158853371,0.04826586896065232,0.02247369908601748
AVMD,IMF4,background_dynamic_mode,54.08118915159944,385,38500,38899,192.5,194.495,193.5,moving_43_to_10,moving_43_to_10,1.0,16.569920305485038,1.063279726140982,53.5,52.43226784994127,0.01770146089097436,0.1253366870698779,0.00031334171767469476,0.021350114459331406,0.013099002679532618
AVMD,IMF5,background_dynamic_mode,59.97479137691238,385,38500,38899,192.5,194.495,193.5,moving_43_to_10,moving_43_to_10,1.0,16.569920305485038,1.063279726140982,58.5,60.549997375276206,0.012472486187974275,0.06222516468368362,0.00015556291170920906,0.015795331363055384,0.007831427719133427
AVMD,IMF6,background_dynamic_mode,80.04607093184978,385,38500,38899,192.5,194.495,193.5,moving_43_to_10,moving_43_to_10,1.0,16.569920305485038,1.063279726140982,80.0,79.71929478030114,0.028592550842493555,0.3270135854722315,0.0008175339636805789,0.03953309221408892,0.008460235095339906
AVMD,IMF7,background_dynamic_mode,90.29468011126563,385,38500,38899,192.5,194.495,193.5,moving_43_to_10,moving_43_to_10,1.0,16.569920305485038,1.063279726140982,90.5,91.1010677084626,0.021055665604642858,0.17733642162181612,0.0004433410540545403,0.028625188870089784,0.008410020255982151
AVMD,IMF1,angle_position_mode,0.008692628650904,386,38600,38999,193.0,194.995,194.0,moving_43_to_10,moving_43_to_10,1.0,16.02856679321853,1.104719932457058,,,0.0822281038521994,2.704584425251236,0.00676146106312809,0.190500345359816,0.025941809962728473
AVMD,IMF2,background_dynamic_mode,17.793810848400554,386,38600,38999,193.0,194.995,194.0,moving_43_to_10,moving_43_to_10,1.0,16.02856679321853,1.104719932457058,16.5,17.380735169549325,0.043938260680019,0.7722283006341215,0.0019305707515853037,0.05669937702747792,0.02544901294798151
AVMD,IMF3,background_dynamic_mode,39.90785813630041,386,38600,38999,193.0,194.995,194.0,moving_43_to_10,moving_43_to_10,1.0,16.02856679321853,1.104719932457058,35.5,37.381011240685744,0.03778331340465553,0.571031508733769,0.0014275787718344224,0.04797663347427011,0.023450187200971695
AVMD,IMF4,background_dynamic_mode,54.08118915159944,386,38600,38999,193.0,194.995,194.0,moving_43_to_10,moving_43_to_10,1.0,16.02856679321853,1.104719932457058,53.0,52.110493495761446,0.020043679127008888,0.1606996291785967,0.00040174907294649175,0.023863848586285066,0.015407667699363428
AVMD,IMF5,background_dynamic_mode,59.97479137691238,386,38600,38999,193.0,194.995,194.0,moving_43_to_10,moving_43_to_10,1.0,16.02856679321853,1.104719932457058,60.0,60.89024264621836,0.013562633317335112,0.07357800900019539,0.00018394502250048845,0.01739238867380724,0.008068547991725778
AVMD,IMF6,background_dynamic_mode,80.04607093184978,386,38600,38999,193.0,194.995,194.0,moving_43_to_10,moving_43_to_10,1.0,16.02856679321853,1.104719932457058,80.0,79.75489993653616,0.027892954823417748,0.3112067715124893,0.0007780169287812233,0.03831260306832676,0.009363226382441447
AVMD,IMF7,background_dynamic_mode,90.29468011126563,386,38600,38999,193.0,194.995,194.0,moving_43_to_10,moving_43_to_10,1.0,16.02856679321853,1.104719932457058,90.5,90.5687870293089,0.020275106904144045,0.1644319839897878,0.0004110799599744695,0.027009886397906215,0.009695226189870813
AVMD,IMF1,angle_position_mode,0.008692628650904,387,38700,39099,193.5,195.495,194.5,moving_43_to_10,moving_43_to_10,1.0,15.466518471707063,1.1448641219044597,,,0.08436987415287911,2.847310265829064,0.007118275664572659,0.18412138561184987,0.023741831079582717
AVMD,IMF2,background_dynamic_mode,17.793810848400554,387,38700,39099,193.5,195.495,194.5,moving_43_to_10,moving_43_to_10,1.0,15.466518471707063,1.1448641219044597,16.0,17.23772963579211,0.04426985246288346,0.7839279348341874,0.0019598198370854684,0.05700678097423586,0.025943603820726437
AVMD,IMF3,background_dynamic_mode,39.90785813630041,387,38700,39099,193.5,195.495,194.5,moving_43_to_10,moving_43_to_10,1.0,15.466518471707063,1.1448641219044597,35.0,37.05787260800065,0.034172061424215236,0.4670919127921357,0.0011677297819803392,0.04364559168873755,0.020679223247569815
AVMD,IMF4,background_dynamic_mode,54.08118915159944,387,38700,39099,193.5,195.495,194.5,moving_43_to_10,moving_43_to_10,1.0,15.466518471707063,1.1448641219044597,53.0,52.89322063421487,0.020783817342112633,0.1727868253241207,0.0004319670633103018,0.02477882424141561,0.0157928558219624
AVMD,IMF5,background_dynamic_mode,59.97479137691238,387,38700,39099,193.5,195.495,194.5,moving_43_to_10,moving_43_to_10,1.0,15.466518471707063,1.1448641219044597,60.0,61.39427506620559,0.012860658361159296,0.0661586133929826,0.00016539653348245648,0.016570838310392993,0.007511612530985659
AVMD,IMF6,background_dynamic_mode,80.04607093184978,387,38700,39099,193.5,195.495,194.5,moving_43_to_10,moving_43_to_10,1.0,15.466518471707063,1.1448641219044597,80.0,79.45073110970614,0.02974738748659012,0.35396282491093534,0.0008849070622773383,0.04060837712077532,0.011047922515097827
AVMD,IMF7,background_dynamic_mode,90.29468011126563,387,38700,39099,193.5,195.495,194.5,moving_43_to_10,moving_43_to_10,1.0,15.466518471707063,1.1448641219044597,90.0,90.47267686320303,0.019649909684290864,0.15444758024031513,0.00038611895060078783,0.02627583244711028,0.009428470989668553
AVMD,IMF1,angle_position_mode,0.008692628650904,388,38800,39199,194.0,195.995,195.0,moving_43_to_10,moving_43_to_10,1.0,14.885673991657356,1.1785126805789965,,,0.08411041159294852,2.829824535334083,0.007074561338335208,0.18403260009341443,0.02246606380372017
AVMD,IMF2,background_dynamic_mode,17.793810848400554,388,38800,39199,194.0,195.995,195.0,moving_43_to_10,moving_43_to_10,1.0,14.885673991657356,1.1785126805789965,15.5,17.25039555101967,0.047802531904811596,0.9140328226042123,0.0022850820565105305,0.06126904081197849,0.02873152246114817
AVMD,IMF3,background_dynamic_mode,39.90785813630041,388,38800,39199,194.0,195.995,195.0,moving_43_to_10,moving_43_to_10,1.0,14.885673991657356,1.1785126805789965,35.0,36.74852694308668,0.031577607997677073,0.3988581307419836,0.000997145326854959,0.040140978506500516,0.019574305987737614
AVMD,IMF4,background_dynamic_mode,54.08118915159944,388,38800,39199,194.0,195.995,195.0,moving_43_to_10,moving_43_to_10,1.0,14.885673991657356,1.1785126805789965,53.0,53.33636996207436,0.020807679576406505,0.17318381174176178,0.00043295952935440445,0.02574964406934651,0.014268542156602214
AVMD,IMF5,background_dynamic_mode,59.97479137691238,388,38800,39199,194.0,195.995,195.0,moving_43_to_10,moving_43_to_10,1.0,14.885673991657356,1.1785126805789965,59.5,62.04556234175557,0.01363139231246895,0.07432594255057502,0.00018581485637643756,0.017571389127362506,0.007912879531720539
AVMD,IMF6,background_dynamic_mode,80.04607093184978,388,38800,39199,194.0,195.995,195.0,moving_43_to_10,moving_43_to_10,1.0,14.885673991657356,1.1785126805789965,80.0,79.37933316673212,0.034071526920708244,0.4643475786834187,0.0011608689467085466,0.046242561822380956,0.013333032250917693
AVMD,IMF7,background_dynamic_mode,90.29468011126563,388,38800,39199,194.0,195.995,195.0,moving_43_to_10,moving_43_to_10,1.0,14.885673991657356,1.1785126805789965,90.0,90.82506456630637,0.022211996534077294,0.19734911601194466,0.0004933727900298617,0.028687320359049043,0.012774719560705703
AVMD,IMF1,angle_position_mode,0.008692628650904,389,38900,39299,194.5,196.495,195.5,moving_43_to_10,moving_43_to_10,0.91,14.29031048493868,1.201626404575192,,,0.08758829834801724,3.068684003000511,0.007671710007501278,0.1862813765924328,0.02367398631895388
AVMD,IMF2,background_dynamic_mode,17.793810848400554,389,38900,39299,194.5,196.495,195.5,moving_43_to_10,moving_43_to_10,0.91,14.29031048493868,1.201626404575192,15.5,17.227442393089458,0.05556255908091824,1.234879188648212,0.00308719797162053,0.07113817689995422,0.03325898528506675
AVMD,IMF3,background_dynamic_mode,39.90785813630041,389,38900,39299,194.5,196.495,195.5,moving_43_to_10,moving_43_to_10,0.91,14.29031048493868,1.201626404575192,35.0,36.69713772155287,0.02838357393356174,0.3222509076967862,0.0008056272692419656,0.03662370525711209,0.016569082224734327
AVMD,IMF4,background_dynamic_mode,54.08118915159944,389,38900,39299,194.5,196.495,195.5,moving_43_to_10,moving_43_to_10,0.91,14.29031048493868,1.201626404575192,53.0,52.42608837835757,0.021284424300129504,0.18121068711517735,0.0004530267177879434,0.02715649947829511,0.012959677858634267
AVMD,IMF5,background_dynamic_mode,59.97479137691238,389,38900,39299,194.5,196.495,195.5,moving_43_to_10,moving_43_to_10,0.91,14.29031048493868,1.201626404575192,60.0,61.676309692682715,0.01398876123046515,0.07827417630518593,0.00019568544076296483,0.018099980570108566,0.00800143495866571
AVMD,IMF6,background_dynamic_mode,80.04607093184978,389,38900,39299,194.5,196.495,195.5,moving_43_to_10,moving_43_to_10,0.91,14.29031048493868,1.201626404575192,80.0,79.72855392278935,0.036688978410597164,0.5384324547253059,0.0013460811368132648,0.050340665376179546,0.012683429636050162
AVMD,IMF7,background_dynamic_mode,90.29468011126563,389,38900,39299,194.5,196.495,195.5,moving_43_to_10,moving_43_to_10,0.91,14.29031048493868,1.201626404575192,90.0,91.49573976595546,0.02198037862380687,0.1932548177783624,0.000483137044445906,0.028256338700796614,0.012816434730975672
AVMD,IMF1,angle_position_mode,0.008692628650904,390,39000,39399,195.0,196.995,196.0,moving_43_to_10,moving_43_to_10,0.66,13.68655604790537,1.2111171403491654,,,0.09196449046633016,3.3829870026926923,0.008457467506731731,0.18679030217723558,0.024032354324297737
AVMD,IMF2,background_dynamic_mode,17.793810848400554,390,39000,39399,195.0,196.995,196.0,moving_43_to_10,moving_43_to_10,0.66,13.68655604790537,1.2111171403491654,16.0,17.033534078676826,0.059099565806544276,1.3971034714088229,0.003492758678522057,0.07550246192077772,0.03589855382807436
AVMD,IMF3,background_dynamic_mode,39.90785813630041,390,39000,39399,195.0,196.995,196.0,moving_43_to_10,moving_43_to_10,0.66,13.68655604790537,1.2111171403491654,35.0,35.8133127743527,0.025617627014195236,0.2625051255353702,0.0006562628138384255,0.03354521639129702,0.01363663161980507
AVMD,IMF4,background_dynamic_mode,54.08118915159944,390,39000,39399,195.0,196.995,196.0,moving_43_to_10,moving_43_to_10,0.66,13.68655604790537,1.2111171403491654,53.0,52.29515185912694,0.021631652844351715,0.1871713619114199,0.0004679284047785497,0.02641601196540887,0.015346652702869749
AVMD,IMF5,background_dynamic_mode,59.97479137691238,390,39000,39399,195.0,196.995,196.0,moving_43_to_10,moving_43_to_10,0.66,13.68655604790537,1.2111171403491654,60.0,62.064051007019636,0.014185992137015942,0.08049694916459126,0.00020124237291147814,0.018413589723108057,0.007937948941963402
AVMD,IMF6,background_dynamic_mode,80.04607093184978,390,39000,39399,195.0,196.995,196.0,moving_43_to_10,moving_43_to_10,0.66,13.68655604790537,1.2111171403491654,80.0,79.66457960261513,0.03950798846846452,0.6243524611297302,0.0015608811528243255,0.054779726069827055,0.010997982283271625
AVMD,IMF7,background_dynamic_mode,90.29468011126563,390,39000,39399,195.0,196.995,196.0,moving_43_to_10,moving_43_to_10,0.66,13.68655604790537,1.2111171403491654,90.0,91.43453768144923,0.023307483370882145,0.21729551243357909,0.0005432387810839477,0.030380407127588806,0.012999349216811458
AVMD,IMF1,angle_position_mode,0.008692628650904,391,39100,39499,195.5,197.495,196.5,stable_10deg,stable_10deg,0.41,13.08193515621293,1.2047307775563316,,,0.10056519740652788,4.045343571765568,0.01011335892941392,0.1916017418764826,0.021903035482832976
AVMD,IMF2,background_dynamic_mode,17.793810848400554,391,39100,39499,195.5,197.495,196.5,stable_10deg,stable_10deg,0.41,13.08193515621293,1.2047307775563316,16.0,16.735802691313,0.06476087203849258,1.6775882188744045,0.004193970547186011,0.08459677981468915,0.03531387128260827
AVMD,IMF3,background_dynamic_mode,39.90785813630041,391,39100,39499,195.5,197.495,196.5,stable_10deg,stable_10deg,0.41,13.08193515621293,1.2047307775563316,35.0,36.080738668558354,0.025175655040187622,0.2535254426810098,0.0006338136067025245,0.03287796108213782,0.013697637009374961
AVMD,IMF4,background_dynamic_mode,54.08118915159944,391,39100,39499,195.5,197.495,196.5,stable_10deg,stable_10deg,0.41,13.08193515621293,1.2047307775563316,53.0,52.43959782593705,0.021124787230478583,0.17850265421319642,0.00044625663553299105,0.026009026376248662,0.014728653009469864
AVMD,IMF5,background_dynamic_mode,59.97479137691238,391,39100,39499,195.5,197.495,196.5,stable_10deg,stable_10deg,0.41,13.08193515621293,1.2047307775563316,60.0,61.51843240345176,0.015470764609650233,0.09573782304288245,0.00023934455760720613,0.019634273033220847,0.009595908081304083
AVMD,IMF6,background_dynamic_mode,80.04607093184978,391,39100,39499,195.5,197.495,196.5,stable_10deg,stable_10deg,0.41,13.08193515621293,1.2047307775563316,80.0,79.70291035155273,0.04079541032814861,0.6657062015368057,0.0016642655038420142,0.05692748232092512,0.00965520048464887
AVMD,IMF7,background_dynamic_mode,90.29468011126563,391,39100,39499,195.5,197.495,196.5,stable_10deg,stable_10deg,0.41,13.08193515621293,1.2047307775563316,90.0,91.15640615788385,0.023650602110707297,0.223740392079597,0.0005593509801989925,0.030683219685413033,0.013189847870857975
AVMD,IMF1,angle_position_mode,0.008692628650904,392,39200,39599,196.0,197.995,197.0,stable_10deg,stable_10deg,0.16,12.484957378683307,1.1809820845132086,,,0.10651372563320699,4.538069499306439,0.011345173748266097,0.18249367121306265,0.027319245129565604
AVMD,IMF2,background_dynamic_mode,17.793810848400554,392,39200,39599,196.0,197.995,197.0,stable_10deg,stable_10deg,0.16,12.484957378683307,1.1809820845132086,16.0,17.309846412605573,0.06689420207300267,1.7899337083934856,0.004474834270983714,0.08845293908974897,0.03361844597041661
AVMD,IMF3,background_dynamic_mode,39.90785813630041,392,39200,39599,196.0,197.995,197.0,stable_10deg,stable_10deg,0.16,12.484957378683307,1.1809820845132086,35.0,36.008260818449216,0.02553213979935191,0.26075606509345994,0.0006518901627336498,0.033284459122305925,0.014062914865680686
AVMD,IMF4,background_dynamic_mode,54.08118915159944,392,39200,39599,196.0,197.995,197.0,stable_10deg,stable_10deg,0.16,12.484957378683307,1.1809820845132086,53.5,52.46199339830636,0.020538871389479255,0.1687380951814278,0.0004218452379535695,0.02475539594107614,0.015190463748362935
AVMD,IMF5,background_dynamic_mode,59.97479137691238,392,39200,39599,196.0,197.995,197.0,stable_10deg,stable_10deg,0.16,12.484957378683307,1.1809820845132086,60.0,61.30612231857661,0.01659028565016336,0.11009503118160653,0.0002752375779540163,0.021593541849521006,0.009202631024733008
AVMD,IMF6,background_dynamic_mode,80.04607093184978,392,39200,39599,196.0,197.995,197.0,stable_10deg,stable_10deg,0.16,12.484957378683307,1.1809820845132086,80.0,79.75147294446055,0.04038478266136117,0.6523722682421511,0.0016309306706053777,0.056285246545458134,0.010205040573418324
AVMD,IMF7,background_dynamic_mode,90.29468011126563,392,39200,39599,196.0,197.995,197.0,stable_10deg,stable_10deg,0.16,12.484957378683307,1.1809820845132086,90.0,90.75225521694666,0.02184200075680228,0.19082919882406055,0.0004770729970601514,0.028972017126385596,0.010869841752831129
AVMD,IMF1,angle_position_mode,0.008692628650904,393,39300,39699,196.5,198.495,197.5,stable_10deg,stable_10deg,0.0,11.904739056579924,1.1390949551409062,,,0.10549179081860896,4.45140717204686,0.01112851793011715,0.17845094916066828,0.02657176922745827
AVMD,IMF2,background_dynamic_mode,17.793810848400554,393,39300,39699,196.5,198.495,197.5,stable_10deg,stable_10deg,0.0,11.904739056579924,1.1390949551409062,16.0,17.389517325011425,0.06552661977518179,1.7174951596644976,0.004293737899161244,0.08620374742052342,0.03404537232842387
AVMD,IMF3,background_dynamic_mode,39.90785813630041,393,39300,39699,196.5,198.495,197.5,stable_10deg,stable_10deg,0.0,11.904739056579924,1.1390949551409062,35.0,36.06498351550564,0.02745656041133034,0.30154508384841294,0.0007538627096210324,0.03506622728337533,0.016586822635384607
AVMD,IMF4,background_dynamic_mode,54.08118915159944,393,39300,39699,196.5,198.495,197.5,stable_10deg,stable_10deg,0.0,11.904739056579924,1.1390949551409062,55.0,52.49865633268861,0.024303683700891816,0.23626761657319784,0.0005906690414329946,0.029509616730350727,0.0176087091172944
AVMD,IMF5,background_dynamic_mode,59.97479137691238,393,39300,39699,196.5,198.495,197.5,stable_10deg,stable_10deg,0.0,11.904739056579924,1.1390949551409062,60.0,60.93163876076542,0.018391386424933032,0.13529723785248443,0.0003382430946312111,0.02306075587304772,0.012013562980362123
AVMD,IMF6,background_dynamic_mode,80.04607093184978,393,39300,39699,196.5,198.495,197.5,stable_10deg,stable_10deg,0.0,11.904739056579924,1.1390949551409062,80.0,79.87878420290345,0.040538724534362476,0.6573552747491689,0.0016433881868729223,0.05621210959716182,0.011713087215986524
AVMD,IMF7,background_dynamic_mode,90.29468011126563,393,39300,39699,196.5,198.495,197.5,stable_10deg,stable_10deg,0.0,11.904739056579924,1.1390949551409062,90.0,90.54886667794247,0.021567565411801406,0.18606395111693297,0.0004651598777923324,0.028322959003843712,0.011183062688056647
AVMD,IMF1,angle_position_mode,0.008692628650904,394,39400,39799,197.0,198.995,198.0,stable_10deg,stable_10deg,0.0,11.350661685523617,1.0789474612174668,,,0.11125363282570379,4.950948326766606,0.012377370816916516,0.17905466874409207,0.02632681722243435
AVMD,IMF2,background_dynamic_mode,17.793810848400554,394,39400,39799,197.0,198.995,198.0,stable_10deg,stable_10deg,0.0,11.350661685523617,1.0789474612174668,16.0,16.919032146847186,0.06326448627574803,1.6009580894937243,0.004002395223734311,0.08305362433947595,0.03293989789189466
AVMD,IMF3,background_dynamic_mode,39.90785813630041,394,39400,39799,197.0,198.995,198.0,stable_10deg,stable_10deg,0.0,11.350661685523617,1.0789474612174668,35.0,36.295462621730856,0.028460133139951927,0.32399167133751594,0.0008099791783437899,0.03627675849117544,0.017348993810692326
AVMD,IMF4,background_dynamic_mode,54.08118915159944,394,39400,39799,197.0,198.995,198.0,stable_10deg,stable_10deg,0.0,11.350661685523617,1.0789474612174668,55.0,53.06049873418104,0.021462674098604213,0.18425855178515843,0.0004606463794628961,0.027198765176469866,0.013469433300206574
AVMD,IMF5,background_dynamic_mode,59.97479137691238,394,39400,39799,197.0,198.995,198.0,stable_10deg,stable_10deg,0.0,11.350661685523617,1.0789474612174668,60.0,61.81035088965082,0.018075666239636738,0.13069188400269735,0.0003267297100067434,0.022590793150599742,0.011993918985687432
AVMD,IMF6,background_dynamic_mode,80.04607093184978,394,39400,39799,197.0,198.995,198.0,stable_10deg,stable_10deg,0.0,11.350661685523617,1.0789474612174668,80.0,79.7317890078516,0.044039057081821965,0.7757754194623894,0.0019394385486559734,0.06051027342918779,0.015089676034352071
AVMD,IMF7,background_dynamic_mode,90.29468011126563,394,39400,39799,197.0,198.995,198.0,stable_10deg,stable_10deg,0.0,11.350661685523617,1.0789474612174668,90.0,90.56971829282409,0.020583615886254736,0.16947409718115133,0.00042368524295287834,0.027257958424231822,0.009945830208423174
AVMD,IMF1,angle_position_mode,0.008692628650904,395,39500,39899,197.5,199.495,198.5,stable_10deg,stable_10deg,0.0,10.835417124110501,0.979504183330143,,,0.10585879641246233,4.48243391115806,0.01120608477789515,0.1708336496736452,0.024596787454348734
AVMD,IMF2,background_dynamic_mode,17.793810848400554,395,39500,39899,197.5,199.495,198.5,stable_10deg,stable_10deg,0.0,10.835417124110501,0.979504183330143,16.0,17.093783318983917,0.05969637647411275,1.425462945655601,0.0035636573641390024,0.07906121296120049,0.029274519724578736
AVMD,IMF3,background_dynamic_mode,39.90785813630041,395,39500,39899,197.5,199.495,198.5,stable_10deg,stable_10deg,0.0,10.835417124110501,0.979504183330143,35.0,36.698945912688856,0.02660800607104659,0.2831943948307408,0.0007079859870768521,0.03364097565798929,0.01682199596088649
AVMD,IMF4,background_dynamic_mode,54.08118915159944,395,39500,39899,197.5,199.495,198.5,stable_10deg,stable_10deg,0.0,10.835417124110501,0.979504183330143,53.5,52.933854649913854,0.021026833367786026,0.17685108859065596,0.0004421277214766399,0.026202049809517444,0.0140914716113594
AVMD,IMF5,background_dynamic_mode,59.97479137691238,395,39500,39899,197.5,199.495,198.5,stable_10deg,stable_10deg,0.0,10.835417124110501,0.979504183330143,60.0,62.13328025870709,0.01708631590169126,0.11677687643695504,0.00029194219109238763,0.02140020212585254,0.011264161002213492
AVMD,IMF6,background_dynamic_mode,80.04607093184978,395,39500,39899,197.5,199.495,198.5,stable_10deg,stable_10deg,0.0,10.835417124110501,0.979504183330143,80.0,79.68150827663678,0.04295867869638678,0.7381792301357583,0.0018454480753393957,0.05866107970772541,0.016148466855727857
AVMD,IMF7,background_dynamic_mode,90.29468011126563,395,39500,39899,197.5,199.495,198.5,stable_10deg,stable_10deg,0.0,10.835417124110501,0.979504183330143,90.0,90.46744081464159,0.019039796136650897,0.1450055347700906,0.00036251383692522646,0.024904422533024082,0.010148591234415659
AVMD,IMF1,angle_position_mode,0.008692628650904,396,39600,39999,198.0,199.995,199.0,stable_10deg,stable_10deg,0.0,10.434290166049934,0.8033047378712795,,,0.11140621748647224,4.964538117857262,0.012411345294643154,0.18269397923645705,0.02798662918394914
AVMD,IMF2,background_dynamic_mode,17.793810848400554,396,39600,39999,198.0,199.995,199.0,stable_10deg,stable_10deg,0.0,10.434290166049934,0.8033047378712795,16.0,16.705460397180868,0.05813373265047041,1.3518123487505476,0.003379530871876369,0.07501180676264264,0.0334130393438209
AVMD,IMF3,background_dynamic_mode,39.90785813630041,396,39600,39999,198.0,199.995,199.0,stable_10deg,stable_10deg,0.0,10.434290166049934,0.8033047378712795,35.0,36.641681367925294,0.02673204126723246,0.2858408121252077,0.0007146020303130192,0.03348350006340359,0.017492048585046237
AVMD,IMF4,background_dynamic_mode,54.08118915159944,396,39600,39999,198.0,199.995,199.0,stable_10deg,stable_10deg,0.0,10.434290166049934,0.8033047378712795,53.0,52.69126179164866,0.020752776389818674,0.17227109115432615,0.0004306777278858154,0.02553336382463973,0.014461114453872942
AVMD,IMF5,background_dynamic_mode,59.97479137691238,396,39600,39999,198.0,199.995,199.0,stable_10deg,stable_10deg,0.0,10.434290166049934,0.8033047378712795,60.0,61.6789840385704,0.016789070999739676,0.11274916201371994,0.00028187290503429985,0.020468565049176376,0.012138402243363657
AVMD,IMF6,background_dynamic_mode,80.04607093184978,396,39600,39999,198.0,199.995,199.0,stable_10deg,stable_10deg,0.0,10.434290166049934,0.8033047378712795,80.0,79.80349617124007,0.044521666546747274,0.7928715168399021,0.0019821787920997554,0.06074526147114291,0.016786606568533563
AVMD,IMF7,background_dynamic_mode,90.29468011126563,396,39600,39999,198.0,199.995,199.0,stable_10deg,stable_10deg,0.0,10.434290166049934,0.8033047378712795,90.0,91.3554533862471,0.02041216304260513,0.16666256003115784,0.0004166564000778946,0.025587973805042217,0.013328558103181393
AVMD,IMF1,angle_position_mode,0.008692628650904,397,39700,40099,198.5,200.495,199.5,stable_10deg,stable_10deg,0.0,10.168997189677995,0.6081526338867772,,,0.12549790289611615,6.299889452529201,0.015749723631323,0.18762086499314765,0.026554922248745963
AVMD,IMF2,background_dynamic_mode,17.793810848400554,397,39700,40099,198.5,200.495,199.5,stable_10deg,stable_10deg,0.0,10.168997189677995,0.6081526338867772,16.0,16.879489854205445,0.05420775771991146,1.1753923988082482,0.0029384809970206204,0.07043726260920885,0.03041017590974939
AVMD,IMF3,background_dynamic_mode,39.90785813630041,397,39700,40099,198.5,200.495,199.5,stable_10deg,stable_10deg,0.0,10.168997189677995,0.6081526338867772,35.0,36.73030019962244,0.02464338044504436,0.24291847990367788,0.0006072961997591947,0.031610337753239674,0.014624366338585978
AVMD,IMF4,background_dynamic_mode,54.08118915159944,397,39700,40099,198.5,200.495,199.5,stable_10deg,stable_10deg,0.0,10.168997189677995,0.6081526338867772,53.0,52.10338609111838,0.016610300925219357,0.11036083873053723,0.0002759020968263431,0.02107400297102513,0.010521584607255404
AVMD,IMF5,background_dynamic_mode,59.97479137691238,397,39700,40099,198.5,200.495,199.5,stable_10deg,stable_10deg,0.0,10.168997189677995,0.6081526338867772,60.0,62.269943709681876,0.015870109956683278,0.10074415601488709,0.0002518603900372177,0.02015980266215232,0.009891415658868367
AVMD,IMF6,background_dynamic_mode,80.04607093184978,397,39700,40099,198.5,200.495,199.5,stable_10deg,stable_10deg,0.0,10.168997189677995,0.6081526338867772,80.0,79.65371621106165,0.04736573558750506,0.8974051630981773,0.002243512907745443,0.06533274233949586,0.015024526117783968
AVMD,IMF7,background_dynamic_mode,90.29468011126563,397,39700,40099,198.5,200.495,199.5,stable_10deg,stable_10deg,0.0,10.168997189677995,0.6081526338867772,90.0,91.00898196532377,0.018978371614821046,0.14407143566009806,0.00036017858915024514,0.023355277071462333,0.013297446621077309
AVMD,IMF1,angle_position_mode,0.008692628650904,398,39800,40199,199.0,200.995,200.0,stable_10deg,stable_10deg,0.0,10.029455426403574,0.37338766512353166,,,0.1279051249050025,6.543888390785716,0.01635972097696429,0.18253320769461573,0.02745054762822001
AVMD,IMF2,background_dynamic_mode,17.793810848400554,398,39800,40199,199.0,200.995,200.0,stable_10deg,stable_10deg,0.0,10.029455426403574,0.37338766512353166,16.0,16.767573370690187,0.05573219123790862,1.2424308560715271,0.003106077140178818,0.07247166142536401,0.03130569334481628
AVMD,IMF3,background_dynamic_mode,39.90785813630041,398,39800,40199,199.0,200.995,200.0,stable_10deg,stable_10deg,0.0,10.029455426403574,0.37338766512353166,35.0,36.75696682470856,0.026813691237758272,0.2875896151175339,0.0007189740377938347,0.0341015606099627,0.01665030663221388
AVMD,IMF4,background_dynamic_mode,54.08118915159944,398,39800,40199,199.0,200.995,200.0,stable_10deg,stable_10deg,0.0,10.029455426403574,0.37338766512353166,54.0,52.25054314804513,0.019847979078925375,0.15757690940698377,0.00039394227351745943,0.022500080513178394,0.016766059199624116
AVMD,IMF5,background_dynamic_mode,59.97479137691238,398,39800,40199,199.0,200.995,200.0,stable_10deg,stable_10deg,0.0,10.029455426403574,0.37338766512353166,60.0,61.698194752519434,0.0166925800483637,0.11145689146841196,0.0002786422286710299,0.02120742909225949,0.010367066541730943
AVMD,IMF6,background_dynamic_mode,80.04607093184978,398,39800,40199,199.0,200.995,200.0,stable_10deg,stable_10deg,0.0,10.029455426403574,0.37338766512353166,80.0,79.87967000644352,0.04601903762979209,0.8471007297488882,0.0021177518243722204,0.06329687296266055,0.015191940323473253
AVMD,IMF7,background_dynamic_mode,90.29468011126563,398,39800,40199,199.0,200.995,200.0,stable_10deg,stable_10deg,0.0,10.029455426403574,0.37338766512353166,90.0,90.82893049129427,0.0191086953069217,0.14605689453310855,0.0003651422363327714,0.02287225097723405,0.01435925340302101
AVMD,IMF1,angle_position_mode,0.008692628650904,399,39900,40299,199.5,201.495,200.5,stable_10deg,stable_10deg,0.0,10.0,0.0,,,0.13713825110263117,7.522759966195327,0.01880689991548832,0.18113796068835433,0.030868614253459423
AVMD,IMF2,background_dynamic_mode,17.793810848400554,399,39900,40299,199.5,201.495,200.5,stable_10deg,stable_10deg,0.0,10.0,0.0,16.0,16.605472653899884,0.0640211749377684,1.6394843361649378,0.004098710840412345,0.08303116234647305,0.03623970041269887
AVMD,IMF3,background_dynamic_mode,39.90785813630041,399,39900,40299,199.5,201.495,200.5,stable_10deg,stable_10deg,0.0,10.0,0.0,35.0,36.10116685031608,0.026438129747659436,0.27958988182162986,0.0006989747045540747,0.033352460542141735,0.016936410425823847
AVMD,IMF4,background_dynamic_mode,54.08118915159944,399,39900,40299,199.5,201.495,200.5,stable_10deg,stable_10deg,0.0,10.0,0.0,53.0,52.992241883952545,0.01980557428033159,0.15690430902949287,0.00039226077257373216,0.02285804142504884,0.016135950604035245
AVMD,IMF5,background_dynamic_mode,59.97479137691238,399,39900,40299,199.5,201.495,200.5,stable_10deg,stable_10deg,0.0,10.0,0.0,60.0,62.20554262362724,0.01764899026183628,0.12459474290495676,0.0003114868572623919,0.022877683086173422,0.00992817673583909
AVMD,IMF6,background_dynamic_mode,80.04607093184978,399,39900,40299,199.5,201.495,200.5,stable_10deg,stable_10deg,0.0,10.0,0.0,80.0,79.88237523693093,0.05021210012151123,1.0085019994450672,0.002521254998612668,0.06972797062650932,0.013402698354315708
AVMD,IMF7,background_dynamic_mode,90.29468011126563,399,39900,40299,199.5,201.495,200.5,stable_10deg,stable_10deg,0.0,10.0,0.0,90.0,91.1852383770612,0.01939567197785395,0.1504768365890036,0.000376192091472509,0.023164866972148528,0.01458149442282576
AVMD,IMF1,angle_position_mode,0.008692628650904,400,40000,40399,200.0,201.995,201.0,stable_10deg,stable_10deg,0.0,10.0,0.0,,,0.132209588040807,6.99175006796796,0.0174793751699199,0.16742614066384365,0.027467560140350678
AVMD,IMF2,background_dynamic_mode,17.793810848400554,400,40000,40399,200.0,201.995,201.0,stable_10deg,stable_10deg,0.0,10.0,0.0,16.0,16.704275789778578,0.06349588287538577,1.6126908568498826,0.004031727142124707,0.08216186950676523,0.03621164468066326
AVMD,IMF3,background_dynamic_mode,39.90785813630041,400,40000,40399,200.0,201.995,201.0,stable_10deg,stable_10deg,0.0,10.0,0.0,35.0,35.92631733449188,0.026908210416185994,0.2896207151206962,0.0007240517878017405,0.03400431772075514,0.017102154521350117
AVMD,IMF4,background_dynamic_mode,54.08118915159944,400,40000,40399,200.0,201.995,201.0,stable_10deg,stable_10deg,0.0,10.0,0.0,53.0,52.66047570050359,0.02091355058307225,0.17495063919628862,0.00043737659799072156,0.025247509889788664,0.015415401760081665
AVMD,IMF5,background_dynamic_mode,59.97479137691238,400,40000,40399,200.0,201.995,201.0,stable_10deg,stable_10deg,0.0,10.0,0.0,60.0,61.27214081872707,0.01912812347938514,0.14635404313704203,0.0003658851078426051,0.025123073049352514,0.009909299660173709
AVMD,IMF6,background_dynamic_mode,80.04607093184978,400,40000,40399,200.0,201.995,201.0,stable_10deg,stable_10deg,0.0,10.0,0.0,80.0,79.95040392370647,0.05101078621331517,1.0408401240402179,0.0026021003101005446,0.0711041499920332,0.012151903056536817
AVMD,IMF7,background_dynamic_mode,90.29468011126563,400,40000,40399,200.0,201.995,201.0,stable_10deg,stable_10deg,0.0,10.0,0.0,90.0,91.1413106966447,0.01909902338233817,0.14590907766364009,0.00036477269415910023,0.023949962414461918,0.012403659169234546
AVMD,IMF1,angle_position_mode,0.008692628650904,401,40100,40499,200.5,202.495,201.5,stable_10deg,stable_10deg,0.0,10.0,0.0,,,0.12670826201929514,6.42199346558014,0.01605498366395035,0.16037186649048077,0.025191712410238473
AVMD,IMF2,background_dynamic_mode,17.793810848400554,401,40100,40499,200.5,202.495,201.5,stable_10deg,stable_10deg,0.0,10.0,0.0,16.0,17.01435651296847,0.06397145758293396,1.6369389541140473,0.0040923473852851186,0.08250810085360465,0.0369726812797737
AVMD,IMF3,background_dynamic_mode,39.90785813630041,401,40100,40499,200.5,202.495,201.5,stable_10deg,stable_10deg,0.0,10.0,0.0,35.0,36.14760883475517,0.02802890368919466,0.31424777680726,0.00078561944201815,0.03541457723737579,0.017760933276400954
AVMD,IMF4,background_dynamic_mode,54.08118915159944,401,40100,40499,200.5,202.495,201.5,stable_10deg,stable_10deg,0.0,10.0,0.0,53.0,52.61135337028806,0.02041892977285308,0.16677307722748236,0.0004169326930687059,0.02421737535498726,0.01564586475326651
AVMD,IMF5,background_dynamic_mode,59.97479137691238,401,40100,40499,200.5,202.495,201.5,stable_10deg,stable_10deg,0.0,10.0,0.0,60.0,60.96640783667772,0.01886921136887578,0.1424188550733244,0.00035604713768331106,0.025196271721836073,0.008773315620086241
AVMD,IMF6,background_dynamic_mode,80.04607093184978,401,40100,40499,200.5,202.495,201.5,stable_10deg,stable_10deg,0.0,10.0,0.0,80.0,79.96462323983371,0.05054370870043444,1.0218665956777488,0.0025546664891943722,0.07036270722821591,0.01248117877129474
AVMD,IMF7,background_dynamic_mode,90.29468011126563,401,40100,40499,200.5,202.495,201.5,stable_10deg,stable_10deg,0.0,10.0,0.0,90.0,90.7453473639761,0.021039400270104768,0.17706254549027384,0.0004426563637256846,0.027009639573526024,0.01235293409753343
AVMD,IMF1,angle_position_mode,0.008692628650904,402,40200,40599,201.0,202.995,202.0,stable_10deg,stable_10deg,0.0,10.0,0.0,,,0.12386556030991085,6.137070812355265,0.015342677030888163,0.15638521909825964,0.02569378085351543
AVMD,IMF2,background_dynamic_mode,17.793810848400554,402,40200,40599,201.0,202.995,202.0,stable_10deg,stable_10deg,0.0,10.0,0.0,16.0,17.326795765539497,0.06395932437456875,1.6363180697805213,0.004090795174451304,0.08122952496242458,0.03978410257204231
AVMD,IMF3,background_dynamic_mode,39.90785813630041,402,40200,40599,201.0,202.995,202.0,stable_10deg,stable_10deg,0.0,10.0,0.0,35.0,35.90142991621089,0.02589636513481529,0.26824869087827075,0.0006706217271956769,0.033077184909817196,0.01575745114686395
AVMD,IMF4,background_dynamic_mode,54.08118915159944,402,40200,40599,201.0,202.995,202.0,stable_10deg,stable_10deg,0.0,10.0,0.0,53.0,52.6069713177581,0.015693040845595245,0.0985086123926083,0.00024627153098152074,0.02002415818430462,0.009573506723180632
AVMD,IMF5,background_dynamic_mode,59.97479137691238,402,40200,40599,201.0,202.995,202.0,stable_10deg,stable_10deg,0.0,10.0,0.0,60.0,60.40351242783361,0.019515209448269538,0.15233735992393144,0.0003808433998098286,0.025963714046079615,0.009349360750624593
AVMD,IMF6,background_dynamic_mode,80.04607093184978,402,40200,40599,201.0,202.995,202.0,stable_10deg,stable_10deg,0.0,10.0,0.0,80.0,79.91118382538556,0.05037772978892734,1.015166263474471,0.002537915658686177,0.0702643541313199,0.011512821011325
AVMD,IMF7,background_dynamic_mode,90.29468011126563,402,40200,40599,201.0,202.995,202.0,stable_10deg,stable_10deg,0.0,10.0,0.0,90.0,90.72615729736957,0.021129433166970975,0.1785811783829972,0.000446452945957493,0.027744862967961997,0.011120899175008607
AVMD,IMF1,angle_position_mode,0.008692628650904,403,40300,40699,201.5,203.495,202.5,stable_10deg,stable_10deg,0.0,10.0,0.0,,,0.12464295675034613,6.2143466669874625,0.015535866667468656,0.15787124464352198,0.023146916567502743
AVMD,IMF2,background_dynamic_mode,17.793810848400554,403,40300,40699,201.5,203.495,202.5,stable_10deg,stable_10deg,0.0,10.0,0.0,16.0,17.04974027328826,0.05558570258668669,1.235908132822235,0.0030897703320555874,0.06954890775147737,0.03621890019676085
AVMD,IMF3,background_dynamic_mode,39.90785813630041,403,40300,40699,201.5,203.495,202.5,stable_10deg,stable_10deg,0.0,10.0,0.0,35.5,36.9630712576897,0.02806800046504404,0.315125060042285,0.0007878126501057126,0.03632276391560968,0.016035671059476436
AVMD,IMF4,background_dynamic_mode,54.08118915159944,403,40300,40699,201.5,203.495,202.5,stable_10deg,stable_10deg,0.0,10.0,0.0,53.0,52.14328082127901,0.0164448015628167,0.10817259937616747,0.00027043149844041867,0.021067174531486422,0.009857565779744799
AVMD,IMF5,background_dynamic_mode,59.97479137691238,403,40300,40699,201.5,203.495,202.5,stable_10deg,stable_10deg,0.0,10.0,0.0,60.0,60.72769217564212,0.01907167174930707,0.14549146532532695,0.00036372866331331737,0.025300926104419565,0.009454267091801475
AVMD,IMF6,background_dynamic_mode,80.04607093184978,403,40300,40699,201.5,203.495,202.5,stable_10deg,stable_10deg,0.0,10.0,0.0,80.0,79.9542138692389,0.04838706391634262,0.9365231817776903,0.002341307954444226,0.06708493654815773,0.013074340167980812
AVMD,IMF7,background_dynamic_mode,90.29468011126563,403,40300,40699,201.5,203.495,202.5,stable_10deg,stable_10deg,0.0,10.0,0.0,90.0,90.71971940139494,0.022000761734511452,0.19361340675949734,0.00048403351689874335,0.029223800423328415,0.011321904428218782
AVMD,IMF1,angle_position_mode,0.008692628650904,404,40400,40799,202.0,203.995,203.0,stable_10deg,stable_10deg,0.0,10.0,0.0,,,0.12504543715570215,6.254544541384264,0.015636361353460658,0.15394420438752526,0.02200024007738141
AVMD,IMF2,background_dynamic_mode,17.793810848400554,404,40400,40799,202.0,203.995,203.0,stable_10deg,stable_10deg,0.0,10.0,0.0,16.5,17.15261187371666,0.05763108326784124,1.3285367034499402,0.0033213417586248507,0.07387387230986443,0.03387273150482981
AVMD,IMF3,background_dynamic_mode,39.90785813630041,404,40400,40799,202.0,203.995,203.0,stable_10deg,stable_10deg,0.0,10.0,0.0,40.0,37.53532375644743,0.027917793873179518,0.31176128589813595,0.0007794032147453399,0.036473643775981834,0.015103238864319019
AVMD,IMF4,background_dynamic_mode,54.08118915159944,404,40400,40799,202.0,203.995,203.0,stable_10deg,stable_10deg,0.0,10.0,0.0,53.5,52.220796877439305,0.013959143130269783,0.07794307077254323,0.00019485767693135808,0.01793668689410187,0.008207416666312122
AVMD,IMF5,background_dynamic_mode,59.97479137691238,404,40400,40799,202.0,203.995,203.0,stable_10deg,stable_10deg,0.0,10.0,0.0,60.0,61.34906034422175,0.019336060151663014,0.14955328887549213,0.00037388322218873034,0.025298742267466354,0.010162660775008818
AVMD,IMF6,background_dynamic_mode,80.04607093184978,404,40400,40799,202.0,203.995,203.0,stable_10deg,stable_10deg,0.0,10.0,0.0,80.0,79.89061444741668,0.04752974877417454,0.9036308074144584,0.002259077018536146,0.06530976639512742,0.01563981922198531
AVMD,IMF7,background_dynamic_mode,90.29468011126563,404,40400,40799,202.0,203.995,203.0,stable_10deg,stable_10deg,0.0,10.0,0.0,90.5,90.95325555406238,0.01973666333545466,0.15581435184683207,0.00038953587961708017,0.025820421035438957,0.010643301251675886
AVMD,IMF1,angle_position_mode,0.008692628650904,405,40500,40899,202.5,204.495,203.5,stable_10deg,stable_10deg,0.0,10.0,0.0,,,0.12332570204245694,6.083691513705947,0.015209228784264868,0.15477726567282762,0.022195775916447905
AVMD,IMF2,background_dynamic_mode,17.793810848400554,405,40500,40899,202.5,204.495,203.5,stable_10deg,stable_10deg,0.0,10.0,0.0,16.5,17.071288594953185,0.05837336468693198,1.3629798819494232,0.003407449704873558,0.07521630034067989,0.034296331109501234
AVMD,IMF3,background_dynamic_mode,39.90785813630041,405,40500,40899,202.5,204.495,203.5,stable_10deg,stable_10deg,0.0,10.0,0.0,35.5,37.13514850854477,0.030446563610443626,0.37079729427391594,0.0009269932356847899,0.038253723237755596,0.019850282678146692
AVMD,IMF4,background_dynamic_mode,54.08118915159944,405,40500,40899,202.5,204.495,203.5,stable_10deg,stable_10deg,0.0,10.0,0.0,50.5,51.37872121998878,0.014207008185334418,0.08073563263126365,0.00020183908157815915,0.018458008319584666,0.007925791779910912
AVMD,IMF5,background_dynamic_mode,59.97479137691238,405,40500,40899,202.5,204.495,203.5,stable_10deg,stable_10deg,0.0,10.0,0.0,60.0,62.20214932630378,0.020891538464379765,0.17458255176346368,0.0004364563794086592,0.026448949888004197,0.013159364194812978
AVMD,IMF6,background_dynamic_mode,80.04607093184978,405,40500,40899,202.5,204.495,203.5,stable_10deg,stable_10deg,0.0,10.0,0.0,80.0,79.78136905656577,0.045940424075780494,0.8442090257050208,0.0021105225642625517,0.06271891150512114,0.016708995878572105
AVMD,IMF7,background_dynamic_mode,90.29468011126563,405,40500,40899,202.5,204.495,203.5,stable_10deg,stable_10deg,0.0,10.0,0.0,90.5,91.8801397545023,0.018966319098690627,0.14388850406134274,0.00035972126015335683,0.02452878877061801,0.010900271669357132
AVMD,IMF1,angle_position_mode,0.008692628650904,406,40600,40999,203.0,204.995,204.0,stable_10deg,stable_10deg,0.0,10.0,0.0,,,0.12979091337328563,6.738272477708692,0.016845681194271732,0.1546567283148042,0.027443866122031226
AVMD,IMF2,background_dynamic_mode,17.793810848400554,406,40600,40999,203.0,204.995,204.0,stable_10deg,stable_10deg,0.0,10.0,0.0,16.5,17.373443470559486,0.062006733802318574,1.5379340147326388,0.003844835036831597,0.08090329828800927,0.0337639150489985
AVMD,IMF3,background_dynamic_mode,39.90785813630041,406,40600,40999,203.0,204.995,204.0,stable_10deg,stable_10deg,0.0,10.0,0.0,35.5,37.022572297126054,0.03110773335135782,0.38707642970367184,0.0009676910742591797,0.039426020480485324,0.019540310819439997
AVMD,IMF4,background_dynamic_mode,54.08118915159944,406,40600,40999,203.0,204.995,204.0,stable_10deg,stable_10deg,0.0,10.0,0.0,50.0,51.24665707600671,0.014555521938140054,0.08474528755667056,0.0002118632188916764,0.018596807854458778,0.00882278686421085
AVMD,IMF5,background_dynamic_mode,59.97479137691238,406,40600,40999,203.0,204.995,204.0,stable_10deg,stable_10deg,0.0,10.0,0.0,60.0,62.14908238889544,0.021285073204758365,0.18122173653276902,0.00045305434133192257,0.027488030804695723,0.01227904523754241
AVMD,IMF6,background_dynamic_mode,80.04607093184978,406,40600,40999,203.0,204.995,204.0,stable_10deg,stable_10deg,0.0,10.0,0.0,80.0,79.72675386324113,0.04600245317335368,0.8464902791866391,0.002116225697966598,0.06278065324967144,0.016982388131895402
AVMD,IMF7,background_dynamic_mode,90.29468011126563,406,40600,40999,203.0,204.995,204.0,stable_10deg,stable_10deg,0.0,10.0,0.0,90.5,91.96734971866482,0.019088546876886617,0.14574904874843914,0.0003643726218710978,0.024724410727970558,0.010824577794985135
AVMD,IMF1,angle_position_mode,0.008692628650904,407,40700,41099,203.5,205.495,204.5,stable_10deg,stable_10deg,0.0,10.0,0.0,,,0.12925881052251711,6.683136039078393,0.01670784009769598,0.15167454776156344,0.02769305628228448
AVMD,IMF2,background_dynamic_mode,17.793810848400554,407,40700,41099,203.5,205.495,204.5,stable_10deg,stable_10deg,0.0,10.0,0.0,16.5,17.434747000251846,0.0654216399572687,1.7119963898793982,0.0042799909746984955,0.08542589073608499,0.03589666538555658
AVMD,IMF3,background_dynamic_mode,39.90785813630041,407,40700,41099,203.5,205.495,204.5,stable_10deg,stable_10deg,0.0,10.0,0.0,35.5,36.57058986329981,0.03269144444805457,0.42749221604009535,0.0010687305401002383,0.041385738739566254,0.020587272154999083
AVMD,IMF4,background_dynamic_mode,54.08118915159944,407,40700,41099,203.5,205.495,204.5,stable_10deg,stable_10deg,0.0,10.0,0.0,52.5,52.242783589947386,0.014954413530278116,0.08945379361382608,0.0002236344840345652,0.018568677981172718,0.010134389144451904
AVMD,IMF5,background_dynamic_mode,59.97479137691238,407,40700,41099,203.5,205.495,204.5,stable_10deg,stable_10deg,0.0,10.0,0.0,60.0,61.50636228141332,0.022222825126293696,0.1975415826375322,0.0004938539565938305,0.02860590243752708,0.012921136817265921
AVMD,IMF6,background_dynamic_mode,80.04607093184978,407,40700,41099,203.5,205.495,204.5,stable_10deg,stable_10deg,0.0,10.0,0.0,80.0,79.68602552903144,0.04346372753143567,0.7556382443707514,0.0018890956109268787,0.05870321585517601,0.01819549251239666
AVMD,IMF7,background_dynamic_mode,90.29468011126563,407,40700,41099,203.5,205.495,204.5,stable_10deg,stable_10deg,0.0,10.0,0.0,90.5,91.36607286271443,0.018424231594375364,0.13578092393727173,0.00033945230984317934,0.02390610446910193,0.00974053774803079
AVMD,IMF1,angle_position_mode,0.008692628650904,408,40800,41199,204.0,205.995,205.0,stable_10deg,stable_10deg,0.0,10.0,0.0,,,0.13084950207281748,6.848636877081705,0.017121592192704264,0.1518502190566409,0.029330615476975203
AVMD,IMF2,background_dynamic_mode,17.793810848400554,408,40800,41199,204.0,205.995,205.0,stable_10deg,stable_10deg,0.0,10.0,0.0,17.0,17.477629714372856,0.06482091752891296,1.6807005397160544,0.004201751349290136,0.08362961638399614,0.03805935839956221
AVMD,IMF3,background_dynamic_mode,39.90785813630041,408,40800,41199,204.0,205.995,205.0,stable_10deg,stable_10deg,0.0,10.0,0.0,36.0,36.1410954400185,0.0317584253157369,0.4034390314140954,0.0010085975785352383,0.039473180586434224,0.021430940991593195
AVMD,IMF4,background_dynamic_mode,54.08118915159944,408,40800,41199,204.0,205.995,205.0,stable_10deg,stable_10deg,0.0,10.0,0.0,54.0,52.06893965159812,0.016896010947493604,0.11419007437512946,0.00028547518593782366,0.020783229710095566,0.011693784588213895
AVMD,IMF5,background_dynamic_mode,59.97479137691238,408,40800,41199,204.0,205.995,205.0,stable_10deg,stable_10deg,0.0,10.0,0.0,60.0,61.48411807492177,0.02162924172689309,0.1871296390721493,0.00046782409768037327,0.028236339645944943,0.011954818348285698
AVMD,IMF6,background_dynamic_mode,80.04607093184978,408,40800,41199,204.0,205.995,205.0,stable_10deg,stable_10deg,0.0,10.0,0.0,80.0,79.59041414819242,0.04338392882374459,0.7528661120734945,0.0018821652801837363,0.05905098443839853,0.01629001716182331
AVMD,IMF7,background_dynamic_mode,90.29468011126563,408,40800,41199,204.0,205.995,205.0,stable_10deg,stable_10deg,0.0,10.0,0.0,89.5,91.08221888325859,0.01944989236652713,0.15131932522779615,0.00037829831306949036,0.025131534651462114,0.011168893019409069
AVMD,IMF1,angle_position_mode,0.008692628650904,409,40900,41299,204.5,206.495,205.5,stable_10deg,stable_10deg,0.0,10.0,0.0,,,0.13212241640121866,6.982533166278805,0.017456332915697013,0.14750182770993095,0.028231529561063153
AVMD,IMF2,background_dynamic_mode,17.793810848400554,409,40900,41299,204.5,206.495,205.5,stable_10deg,stable_10deg,0.0,10.0,0.0,17.5,17.819974375719138,0.06641279063292836,1.7642635038612706,0.004410658759653177,0.08627071574679426,0.03698416566714985
AVMD,IMF3,background_dynamic_mode,39.90785813630041,409,40900,41299,204.5,206.495,205.5,stable_10deg,stable_10deg,0.0,10.0,0.0,36.5,36.6635543921491,0.02812902382086267,0.3164967924458638,0.0007912419811146595,0.0358765508759187,0.017167524282138545
AVMD,IMF4,background_dynamic_mode,54.08118915159944,409,40900,41299,204.5,206.495,205.5,stable_10deg,stable_10deg,0.0,10.0,0.0,54.0,51.78804188219865,0.01778585754010559,0.12653469137477236,0.0003163367284369309,0.022005577848735924,0.01215861132967522
AVMD,IMF5,background_dynamic_mode,59.97479137691238,409,40900,41299,204.5,206.495,205.5,stable_10deg,stable_10deg,0.0,10.0,0.0,61.0,61.471244559468985,0.020619071626322427,0.17005844589256586,0.00042514611473141463,0.02760845565146632,0.009495940752771452
AVMD,IMF6,background_dynamic_mode,80.04607093184978,409,40900,41299,204.5,206.495,205.5,stable_10deg,stable_10deg,0.0,10.0,0.0,80.0,79.729666249383,0.04572790215822613,0.8364164143169208,0.002091041035792302,0.0625221899347512,0.01604990050632605
AVMD,IMF7,background_dynamic_mode,90.29468011126563,409,40900,41299,204.5,206.495,205.5,stable_10deg,stable_10deg,0.0,10.0,0.0,91.0,91.10582725170383,0.01840339917427012,0.13547404046701045,0.0003386851011675261,0.023617372204302912,0.011008244372563303
AVMD,IMF1,angle_position_mode,0.008692628650904,410,41000,41399,205.0,206.995,206.0,stable_10deg,stable_10deg,0.0,10.017647384210111,0.19102770343715342,,,0.12572789971652526,6.323001906851454,0.015807504767128635,0.14135848864987463,0.022512463942196862
AVMD,IMF2,background_dynamic_mode,17.793810848400554,410,41000,41399,205.0,206.995,206.0,stable_10deg,stable_10deg,0.0,10.017647384210111,0.19102770343715342,17.5,17.908988560712814,0.061670215287317094,1.5212861814336156,0.003803215453584039,0.08070560608352145,0.03295347611326631
AVMD,IMF3,background_dynamic_mode,39.90785813630041,410,41000,41399,205.0,206.995,206.0,stable_10deg,stable_10deg,0.0,10.017647384210111,0.19102770343715342,36.5,37.425799742448326,0.02843889666966253,0.323508337515097,0.0008087708437877425,0.03569679158322431,0.018482855289863716
AVMD,IMF4,background_dynamic_mode,54.08118915159944,410,41000,41399,205.0,206.995,206.0,stable_10deg,stable_10deg,0.0,10.017647384210111,0.19102770343715342,54.5,52.90819302567349,0.019259514321167886,0.14837155675490835,0.0003709288918872709,0.02450335354797776,0.011903807209424447
AVMD,IMF5,background_dynamic_mode,59.97479137691238,410,41000,41399,205.0,206.995,206.0,stable_10deg,stable_10deg,0.0,10.017647384210111,0.19102770343715342,60.0,60.39970717670978,0.020342700847090354,0.16553019110168427,0.00041382547775421064,0.02666229018496391,0.010787555694967605
AVMD,IMF6,background_dynamic_mode,80.04607093184978,410,41000,41399,205.0,206.995,206.0,stable_10deg,stable_10deg,0.0,10.017647384210111,0.19102770343715342,80.0,79.94411187489142,0.04467956622651554,0.7985054552758354,0.0019962636381895883,0.06121038392447513,0.015543669446577374
AVMD,IMF7,background_dynamic_mode,90.29468011126563,410,41000,41399,205.0,206.995,206.0,stable_10deg,stable_10deg,0.0,10.017647384210111,0.19102770343715342,91.0,91.38702246167804,0.01675963524670211,0.11235414944099983,0.0002808853736024996,0.02123945982581089,0.010809721874195039
AVMD,IMF1,angle_position_mode,0.008692628650904,411,41100,41499,205.5,207.495,206.5,stable_10deg,stable_10deg,0.0,10.085596805061211,0.2730024950428355,,,0.11763283787484477,5.534993818595805,0.013837484546489514,0.1322807187131382,0.02070815711394175
AVMD,IMF2,background_dynamic_mode,17.793810848400554,411,41100,41499,205.5,207.495,206.5,stable_10deg,stable_10deg,0.0,10.085596805061211,0.2730024950428355,17.5,17.683000696602384,0.06383343261651155,1.629882847842688,0.004074707119606721,0.08511004737397927,0.030027341163761972
AVMD,IMF3,background_dynamic_mode,39.90785813630041,411,41100,41499,205.5,207.495,206.5,stable_10deg,stable_10deg,0.0,10.085596805061211,0.2730024950428355,36.0,36.67333122903721,0.02515944398554482,0.253199048664707,0.0006329976216617675,0.03183353535128128,0.01590092934978819
AVMD,IMF4,background_dynamic_mode,54.08118915159944,411,41100,41499,205.5,207.495,206.5,stable_10deg,stable_10deg,0.0,10.085596805061211,0.2730024950428355,54.5,53.28932711532052,0.017838028523304218,0.12727810463928596,0.0003181952615982149,0.022610835517844315,0.011181992476870677
AVMD,IMF5,background_dynamic_mode,59.97479137691238,411,41100,41499,205.5,207.495,206.5,stable_10deg,stable_10deg,0.0,10.085596805061211,0.2730024950428355,60.0,60.603339895727984,0.020616456096178477,0.17001530478626187,0.00042503826196565466,0.026896928738644802,0.011324741772563169
AVMD,IMF6,background_dynamic_mode,80.04607093184978,411,41100,41499,205.5,207.495,206.5,stable_10deg,stable_10deg,0.0,10.085596805061211,0.2730024950428355,80.0,79.84947099772809,0.04728006566800082,0.8941618438281878,0.0022354046095704695,0.06562101381184586,0.01251416191064801
AVMD,IMF7,background_dynamic_mode,90.29468011126563,411,41100,41499,205.5,207.495,206.5,stable_10deg,stable_10deg,0.0,10.085596805061211,0.2730024950428355,91.0,91.1608607077377,0.01928442246509287,0.14875557992487143,0.0003718889498121786,0.024180299840957476,0.012654533219710743
AVMD,IMF1,angle_position_mode,0.008692628650904,412,41200,41599,206.0,207.995,207.0,stable_10deg,stable_10deg,0.0,10.199090155115016,0.3208413042710458,,,0.11896544562129109,5.661110900748946,0.014152777251872367,0.13173145832480335,0.019317732633202654
AVMD,IMF2,background_dynamic_mode,17.793810848400554,412,41200,41599,206.0,207.995,207.0,stable_10deg,stable_10deg,0.0,10.199090155115016,0.3208413042710458,17.5,17.48541360671576,0.06265362596808972,1.570190738779715,0.003925476846949287,0.08366117375139816,0.028635895342611472
AVMD,IMF3,background_dynamic_mode,39.90785813630041,412,41200,41599,206.0,207.995,207.0,stable_10deg,stable_10deg,0.0,10.199090155115016,0.3208413042710458,36.0,36.17377861303366,0.025315942675547005,0.25635878142063284,0.000640896953551582,0.031781765330754344,0.01642370780589128
AVMD,IMF4,background_dynamic_mode,54.08118915159944,412,41200,41599,206.0,207.995,207.0,stable_10deg,stable_10deg,0.0,10.199090155115016,0.3208413042710458,55.0,53.11930163994307,0.01759796706967554,0.12387537799415385,0.0003096884449853846,0.02250159654612771,0.010728764147897255
AVMD,IMF5,background_dynamic_mode,59.97479137691238,412,41200,41599,206.0,207.995,207.0,stable_10deg,stable_10deg,0.0,10.199090155115016,0.3208413042710458,60.0,61.07819372129711,0.021100605010153616,0.17809421271780795,0.00044523553179451987,0.02759460604589513,0.011372447328000718
AVMD,IMF6,background_dynamic_mode,80.04607093184978,412,41200,41599,206.0,207.995,207.0,stable_10deg,stable_10deg,0.0,10.199090155115016,0.3208413042710458,80.0,79.81687639784317,0.04865404994471673,0.9468866304091962,0.0023672165760229903,0.06771336272118395,0.012447313021012402
AVMD,IMF7,background_dynamic_mode,90.29468011126563,412,41200,41599,206.0,207.995,207.0,stable_10deg,stable_10deg,0.0,10.199090155115016,0.3208413042710458,91.0,90.96447675742672,0.01819216306930905,0.1323819188561328,0.000330954797140332,0.022746992722850745,0.012200768928587473
AVMD,IMF1,angle_position_mode,0.008692628650904,413,41300,41699,206.5,208.495,207.5,stable_10deg,stable_10deg,0.0,10.350751299636135,0.34873484165351787,,,0.11103549152267872,4.931552151073143,0.012328880377682858,0.12414770709200247,0.020887575582071948
AVMD,IMF2,background_dynamic_mode,17.793810848400554,413,41300,41699,206.5,208.495,207.5,stable_10deg,stable_10deg,0.0,10.350751299636135,0.34873484165351787,17.0,17.609010992880094,0.0643018320209394,1.6538902404996434,0.004134725601249108,0.08537027946411069,0.031063060874987038
AVMD,IMF3,background_dynamic_mode,39.90785813630041,413,41300,41699,206.5,208.495,207.5,stable_10deg,stable_10deg,0.0,10.350751299636135,0.34873484165351787,36.0,37.4594664899027,0.025786877556102962,0.2659852216373787,0.0006649630540934467,0.03207887430248449,0.017520073594884365
AVMD,IMF4,background_dynamic_mode,54.08118915159944,413,41300,41699,206.5,208.495,207.5,stable_10deg,stable_10deg,0.0,10.350751299636135,0.34873484165351787,54.5,53.482949829463195,0.016974766748448753,0.11525708246569656,0.0002881427061642414,0.021599890904758022,0.01046435944253941
AVMD,IMF5,background_dynamic_mode,59.97479137691238,413,41300,41699,206.5,208.495,207.5,stable_10deg,stable_10deg,0.0,10.350751299636135,0.34873484165351787,60.0,60.52528490867339,0.020829312305473142,0.17354410044757398,0.00043386025111893494,0.02668343452321772,0.012423598905086465
AVMD,IMF6,background_dynamic_mode,80.04607093184978,413,41300,41699,206.5,208.495,207.5,stable_10deg,stable_10deg,0.0,10.350751299636135,0.34873484165351787,80.0,79.90588933805249,0.04710483983325426,0.8875463742866149,0.0022188659357165372,0.06479479198651796,0.015739463898840678
AVMD,IMF7,background_dynamic_mode,90.29468011126563,413,41300,41699,206.5,208.495,207.5,stable_10deg,stable_10deg,0.0,10.350751299636135,0.34873484165351787,90.5,90.80563585269964,0.019329452162750355,0.14945108836482174,0.00037362772091205436,0.0242325516030346,0.012627250665390716
AVMD,IMF1,angle_position_mode,0.008692628650904,414,41400,41799,207.0,208.995,208.0,stable_10deg,stable_10deg,0.0,10.5145108655172,0.30904586464967687,,,0.11194201864029919,5.012406214906036,0.012531015537265091,0.12522854270683895,0.021463818890785358
AVMD,IMF2,background_dynamic_mode,17.793810848400554,414,41400,41799,207.0,208.995,208.0,stable_10deg,stable_10deg,0.0,10.5145108655172,0.30904586464967687,16.5,17.487636308136302,0.06638630343740781,1.7628565136334335,0.004407141284083584,0.08760816007925876,0.03388873340646635
AVMD,IMF3,background_dynamic_mode,39.90785813630041,414,41400,41799,207.0,208.995,208.0,stable_10deg,stable_10deg,0.0,10.5145108655172,0.30904586464967687,40.0,37.31563608600854,0.023433478496503776,0.219651165778442,0.0005491279144461049,0.029471894870855907,0.015181980266154568
AVMD,IMF4,background_dynamic_mode,54.08118915159944,414,41400,41799,207.0,208.995,208.0,stable_10deg,stable_10deg,0.0,10.5145108655172,0.30904586464967687,54.5,53.57765367119449,0.016890921998664127,0.11412129838598228,0.0002853032459649557,0.021630998740156615,0.010118506038759722
AVMD,IMF5,background_dynamic_mode,59.97479137691238,414,41400,41799,207.0,208.995,208.0,stable_10deg,stable_10deg,0.0,10.5145108655172,0.30904586464967687,60.0,61.192704053727994,0.020192135068008897,0.16308892744188586,0.0004077223186047146,0.026094928442652366,0.011620395872161467
AVMD,IMF6,background_dynamic_mode,80.04607093184978,414,41400,41799,207.0,208.995,208.0,stable_10deg,stable_10deg,0.0,10.5145108655172,0.30904586464967687,80.0,79.89077512654859,0.0484195583531692,0.9377814524463829,0.002344453631115957,0.06657917176820793,0.015819267961704825
AVMD,IMF7,background_dynamic_mode,90.29468011126563,414,41400,41799,207.0,208.995,208.0,stable_10deg,stable_10deg,0.0,10.5145108655172,0.30904586464967687,90.5,91.25887201941529,0.020380418082630275,0.16614457648912126,0.00041536144122280314,0.025366923859011074,0.013842652912831821
AVMD,IMF1,angle_position_mode,0.008692628650904,415,41500,41899,207.5,209.495,208.5,stable_10deg,stable_10deg,0.0,10.648889175913409,0.24888365528160478,,,0.1109278283029879,4.921993236806865,0.012304983092017163,0.12618548388524936,0.023550855079753803
AVMD,IMF2,background_dynamic_mode,17.793810848400554,415,41500,41899,207.5,209.495,208.5,stable_10deg,stable_10deg,0.0,10.648889175913409,0.24888365528160478,16.5,17.561560095438903,0.06565938451741236,1.7244619100821643,0.0043111547752054105,0.08468781491583545,0.03793860572555159
AVMD,IMF3,background_dynamic_mode,39.90785813630041,415,41500,41899,207.5,209.495,208.5,stable_10deg,stable_10deg,0.0,10.648889175913409,0.24888365528160478,40.0,37.059384050015744,0.023386467579855928,0.21877074634546095,0.0005469268658636524,0.02958357160321521,0.014751237844493151
AVMD,IMF4,background_dynamic_mode,54.08118915159944,415,41500,41899,207.5,209.495,208.5,stable_10deg,stable_10deg,0.0,10.648889175913409,0.24888365528160478,54.5,53.286587458746475,0.018394212757958998,0.13533882519402463,0.0003383470629850616,0.023472333681401933,0.011332652566004329
AVMD,IMF5,background_dynamic_mode,59.97479137691238,415,41500,41899,207.5,209.495,208.5,stable_10deg,stable_10deg,0.0,10.648889175913409,0.24888365528160478,60.0,62.2309192132108,0.01939737752854235,0.15050330199391987,0.0003762582549847997,0.0251799972916164,0.010885842980062385
AVMD,IMF6,background_dynamic_mode,80.04607093184978,415,41500,41899,207.5,209.495,208.5,stable_10deg,stable_10deg,0.0,10.648889175913409,0.24888365528160478,80.0,79.89842836893489,0.04776210957267332,0.9124876443328211,0.002281219110832053,0.06541631617046964,0.017073975177433476
AVMD,IMF7,background_dynamic_mode,90.29468011126563,415,41500,41899,207.5,209.495,208.5,stable_10deg,stable_10deg,0.0,10.648889175913409,0.24888365528160478,90.5,91.46654635159479,0.019604623732338556,0.15373650867462887,0.0003843412716865722,0.02359713656170362,0.014516262822731715
AVMD,IMF1,angle_position_mode,0.008692628650904,416,41600,41999,208.0,209.995,209.0,stable_10deg,stable_10deg,0.0,10.750027109711683,0.18626216419226574,,,0.11076461282118814,4.907519781371087,0.012268799453427716,0.12572205127125238,0.02431843468695304
AVMD,IMF2,background_dynamic_mode,17.793810848400554,416,41600,41999,208.0,209.995,209.0,stable_10deg,stable_10deg,0.0,10.750027109711683,0.18626216419226574,16.5,17.551481380421357,0.06679528802930655,1.7846442011672092,0.004461610502918023,0.08775795755957207,0.03555510090024071
AVMD,IMF3,background_dynamic_mode,39.90785813630041,416,41600,41999,208.0,209.995,209.0,stable_10deg,stable_10deg,0.0,10.750027109711683,0.18626216419226574,40.0,36.97745859696126,0.02532122507975619,0.25646577581586955,0.0006411644395396738,0.03220320681625654,0.015698880848247953
AVMD,IMF4,background_dynamic_mode,54.08118915159944,416,41600,41999,208.0,209.995,209.0,stable_10deg,stable_10deg,0.0,10.750027109711683,0.18626216419226574,55.0,52.07839340086434,0.020097584044131738,0.16156515376437547,0.00040391288441093867,0.025278125950367027,0.013014662958509116
AVMD,IMF5,background_dynamic_mode,59.97479137691238,416,41600,41999,208.0,209.995,209.0,stable_10deg,stable_10deg,0.0,10.750027109711683,0.18626216419226574,60.0,63.02307040009904,0.018969137168777298,0.14393126597115535,0.0003598281649278884,0.0244444077455359,0.01102182568785933
AVMD,IMF6,background_dynamic_mode,80.04607093184978,416,41600,41999,208.0,209.995,209.0,stable_10deg,stable_10deg,0.0,10.750027109711683,0.18626216419226574,80.0,80.00149242480265,0.04445190677347666,0.790388806319144,0.00197597201579786,0.060304170341395534,0.018173850158131246
AVMD,IMF7,background_dynamic_mode,90.29468011126563,416,41600,41999,208.0,209.995,209.0,stable_10deg,stable_10deg,0.0,10.750027109711683,0.18626216419226574,90.5,90.68403008390733,0.01927653686188495,0.14863394935504373,0.0003715848733876093,0.023465641265665766,0.01400451542625212
AVMD,IMF1,angle_position_mode,0.008692628650904,417,41700,42099,208.5,210.495,209.5,stable_10deg,stable_10deg,0.0,10.817396241422685,0.1268434392390278,,,0.11341390983764811,5.14508597786487,0.012862714944662174,0.1278850197644445,0.022703491909795877
AVMD,IMF2,background_dynamic_mode,17.793810848400554,417,41700,42099,208.5,210.495,209.5,stable_10deg,stable_10deg,0.0,10.817396241422685,0.1268434392390278,16.5,17.544804925954505,0.06275077155663118,1.5750637323810053,0.003937659330952513,0.08234788060072662,0.03321015575415208
AVMD,IMF3,background_dynamic_mode,39.90785813630041,417,41700,42099,208.5,210.495,209.5,stable_10deg,stable_10deg,0.0,10.817396241422685,0.1268434392390278,35.5,36.75173435543976,0.025277022314514782,0.2555711428353913,0.0006389278570884782,0.03221309552132903,0.015317734861286682
AVMD,IMF4,background_dynamic_mode,54.08118915159944,417,41700,42099,208.5,210.495,209.5,stable_10deg,stable_10deg,0.0,10.817396241422685,0.1268434392390278,53.5,51.57771400953034,0.020505232872448837,0.16818583006134258,0.0004204645751533564,0.025877867322386318,0.013115670324415804
AVMD,IMF5,background_dynamic_mode,59.97479137691238,417,41700,42099,208.5,210.495,209.5,stable_10deg,stable_10deg,0.0,10.817396241422685,0.1268434392390278,60.0,62.21682997686941,0.021286762276231514,0.18125049928191725,0.00045312624820479313,0.027731379685661812,0.011745432656746085
AVMD,IMF6,background_dynamic_mode,80.04607093184978,417,41700,42099,208.5,210.495,209.5,stable_10deg,stable_10deg,0.0,10.817396241422685,0.1268434392390278,80.0,79.8704166836047,0.04544198132906015,0.8259894668442604,0.002064973667110651,0.06227804046959239,0.016181274938928118
AVMD,IMF7,background_dynamic_mode,90.29468011126563,417,41700,42099,208.5,210.495,209.5,stable_10deg,stable_10deg,0.0,10.817396241422685,0.1268434392390278,90.5,91.04004090508879,0.019298890803223768,0.14897887449390196,0.0003724471862347549,0.02393434343415973,0.01342844434120869
AVMD,IMF1,angle_position_mode,0.008692628650904,418,41800,42199,209.0,210.995,210.0,stable_10deg,stable_10deg,0.0,10.852576297066248,0.07888428998757827,,,0.1131558219465137,5.121696016156445,0.012804240040391112,0.1275294124947103,0.022716661675805116
AVMD,IMF2,background_dynamic_mode,17.793810848400554,418,41800,42199,209.0,210.995,210.0,stable_10deg,stable_10deg,0.0,10.852576297066248,0.07888428998757827,16.5,17.123427245396734,0.06340105654817743,1.6078775885700767,0.0040196939714251916,0.08260322909891286,0.03501070463913727
AVMD,IMF3,background_dynamic_mode,39.90785813630041,418,41800,42199,209.0,210.995,210.0,stable_10deg,stable_10deg,0.0,10.852576297066248,0.07888428998757827,35.5,36.56393546024668,0.027117173097240547,0.2941364307142826,0.0007353410767857064,0.03497467594644601,0.015776478550202956
AVMD,IMF4,background_dynamic_mode,54.08118915159944,418,41800,42199,209.0,210.995,210.0,stable_10deg,stable_10deg,0.0,10.852576297066248,0.07888428998757827,52.0,51.703918495160266,0.018786534886031294,0.14117355720962832,0.0003529338930240708,0.02287769817894232,0.013513038715311872
AVMD,IMF5,background_dynamic_mode,59.97479137691238,418,41800,42199,209.0,210.995,210.0,stable_10deg,stable_10deg,0.0,10.852576297066248,0.07888428998757827,60.0,60.942299055381326,0.022154597495138133,0.19633047606863233,0.0004908261901715808,0.029063674029379295,0.01170568228043564
AVMD,IMF6,background_dynamic_mode,80.04607093184978,418,41800,42199,209.0,210.995,210.0,stable_10deg,stable_10deg,0.0,10.852576297066248,0.07888428998757827,80.0,79.76695804690563,0.04575830896959825,0.8375291359028864,0.002093822839757216,0.0627457648340081,0.016462919508248557
AVMD,IMF7,background_dynamic_mode,90.29468011126563,418,41800,42199,209.0,210.995,210.0,stable_10deg,stable_10deg,0.0,10.852576297066248,0.07888428998757827,90.0,91.39469138293695,0.01933338654222103,0.1495119340763733,0.00037377983519093326,0.024269200114423593,0.012349767627208078
AVMD,IMF1,angle_position_mode,0.008692628650904,419,41900,42299,209.5,211.495,210.5,stable_10deg,stable_10deg,0.0,10.858790669728553,0.05926623892312953,,,0.11962671539032935,5.724220414031544,0.01431055103507886,0.1312071067318807,0.020697680180028082
AVMD,IMF2,background_dynamic_mode,17.793810848400554,419,41900,42299,209.5,211.495,210.5,stable_10deg,stable_10deg,0.0,10.858790669728553,0.05926623892312953,16.0,16.945968491311184,0.06181390644482287,1.5283836119877257,0.003820959029969314,0.081515292472984,0.032098221663950065
AVMD,IMF3,background_dynamic_mode,39.90785813630041,419,41900,42299,209.5,211.495,210.5,stable_10deg,stable_10deg,0.0,10.858790669728553,0.05926623892312953,36.0,36.32982194164462,0.028562932889985293,0.32633645411112144,0.0008158411352778036,0.03730508554108402,0.015598496979340208
AVMD,IMF4,background_dynamic_mode,54.08118915159944,419,41900,42299,209.5,211.495,210.5,stable_10deg,stable_10deg,0.0,10.858790669728553,0.05926623892312953,53.0,52.40327591254164,0.01916783016769339,0.14696228533501476,0.0003674057133375369,0.02359535310849936,0.013264726245800013
AVMD,IMF5,background_dynamic_mode,59.97479137691238,419,41900,42299,209.5,211.495,210.5,stable_10deg,stable_10deg,0.0,10.858790669728553,0.05926623892312953,60.0,60.87817011454453,0.02313240735703808,0.21404330805277982,0.0005351082701319495,0.03043127222517773,0.012031346219962043
AVMD,IMF6,background_dynamic_mode,80.04607093184978,419,41900,42299,209.5,211.495,210.5,stable_10deg,stable_10deg,0.0,10.858790669728553,0.05926623892312953,80.0,79.85674836894975,0.04587450207449864,0.8417879762332722,0.0021044699405831802,0.06290323742408982,0.016281402831725734
AVMD,IMF7,background_dynamic_mode,90.29468011126563,419,41900,42299,209.5,211.495,210.5,stable_10deg,stable_10deg,0.0,10.858790669728553,0.05926623892312953,90.0,91.74396637655421,0.016974713576203723,0.11525636039766199,0.000288140900994155,0.021554977583152935,0.010686796271901345
AVMD,IMF1,angle_position_mode,0.008692628650904,420,42000,42399,210.0,211.995,211.0,stable_10deg,stable_10deg,0.0,10.840317656488388,0.07463663411742856,,,0.11538362678802824,5.3253525323035955,0.013313381330758989,0.1266758526407478,0.019667569093418536
AVMD,IMF2,background_dynamic_mode,17.793810848400554,420,42000,42399,210.0,211.995,211.0,stable_10deg,stable_10deg,0.0,10.840317656488388,0.07463663411742856,16.0,17.023768271996772,0.06260487605525733,1.567748202357653,0.003919370505894132,0.08113271302733768,0.0352813073931624
AVMD,IMF3,background_dynamic_mode,39.90785813630041,420,42000,42399,210.0,211.995,211.0,stable_10deg,stable_10deg,0.0,10.840317656488388,0.07463663411742856,36.0,36.18228114587326,0.02907410774998137,0.3381214965830107,0.0008453037414575268,0.03752896110093779,0.016818158524172684
AVMD,IMF4,background_dynamic_mode,54.08118915159944,420,42000,42399,210.0,211.995,211.0,stable_10deg,stable_10deg,0.0,10.840317656488388,0.07463663411742856,52.0,52.50429585468823,0.01619877657769651,0.10496014504565163,0.0002624003626141291,0.020263620994371002,0.010699200665827533
AVMD,IMF5,background_dynamic_mode,59.97479137691238,420,42000,42399,210.0,211.995,211.0,stable_10deg,stable_10deg,0.0,10.840317656488388,0.07463663411742856,60.0,60.995513193357745,0.023151787427827922,0.21440210444133245,0.0005360052611033311,0.02998050600563215,0.0131577614405586
AVMD,IMF6,background_dynamic_mode,80.04607093184978,420,42000,42399,210.0,211.995,211.0,stable_10deg,stable_10deg,0.0,10.840317656488388,0.07463663411742856,80.0,79.86915889236172,0.04818940988219634,0.9288876899177287,0.002322219224794322,0.06651624896962682,0.015153792502202805
AVMD,IMF7,background_dynamic_mode,90.29468011126563,420,42000,42399,210.0,211.995,211.0,stable_10deg,stable_10deg,0.0,10.840317656488388,0.07463663411742856,92.0,91.94297914852412,0.017499364496178536,0.12249110310804555,0.00030622775777011386,0.021884879760773513,0.010925431132164796
AVMD,IMF1,angle_position_mode,0.008692628650904,421,42100,42499,210.5,212.495,211.5,stable_10deg,stable_10deg,0.0,10.80189456537722,0.10004685740290659,,,0.11798480089173037,5.568165296584504,0.01392041324146126,0.12683309184924257,0.020080137420543653
AVMD,IMF2,background_dynamic_mode,17.793810848400554,421,42100,42499,210.5,212.495,211.5,stable_10deg,stable_10deg,0.0,10.80189456537722,0.10004685740290659,15.5,16.900776442644275,0.06566940398517512,1.724988247907254,0.004312470619768135,0.08495477344816814,0.03728719882244357
AVMD,IMF3,background_dynamic_mode,39.90785813630041,421,42100,42499,210.5,212.495,211.5,stable_10deg,stable_10deg,0.0,10.80189456537722,0.10004685740290659,35.5,36.203634400944914,0.03022159349104406,0.36533788525516675,0.0009133447131379168,0.03924186859520566,0.016895915858787712
AVMD,IMF4,background_dynamic_mode,54.08118915159944,421,42100,42499,210.5,212.495,211.5,stable_10deg,stable_10deg,0.0,10.80189456537722,0.10004685740290659,52.5,52.36722073780613,0.019171775261251033,0.14702278666716684,0.0003675569666679171,0.023648050094962812,0.01325617631221737
AVMD,IMF5,background_dynamic_mode,59.97479137691238,421,42100,42499,210.5,212.495,211.5,stable_10deg,stable_10deg,0.0,10.80189456537722,0.10004685740290659,60.0,61.4308847703836,0.020449489869995962,0.167272654377227,0.00041818163594306747,0.026072418863959435,0.012469047141120406
AVMD,IMF6,background_dynamic_mode,80.04607093184978,421,42100,42499,210.5,212.495,211.5,stable_10deg,stable_10deg,0.0,10.80189456537722,0.10004685740290659,80.0,79.8080343116764,0.0469375131313707,0.8812520555830388,0.002203130138957597,0.06457285534129867,0.015292493491046309
AVMD,IMF7,background_dynamic_mode,90.29468011126563,421,42100,42499,210.5,212.495,211.5,stable_10deg,stable_10deg,0.0,10.80189456537722,0.10004685740290659,88.5,92.10557874164789,0.018106119533134082,0.13113262581925583,0.00032783156454813957,0.021996942811696972,0.012940183170213507
AVMD,IMF1,angle_position_mode,0.008692628650904,422,42200,42599,211.0,212.995,212.0,stable_10deg,stable_10deg,0.0,10.748218971957158,0.12227136781739413,,,0.11494262357300933,5.284722685538608,0.01321180671384652,0.12327275922123862,0.02270001702070483
AVMD,IMF2,background_dynamic_mode,17.793810848400554,422,42200,42599,211.0,212.995,212.0,stable_10deg,stable_10deg,0.0,10.748218971957158,0.12227136781739413,15.5,16.762185083215456,0.06256274568874669,1.5656388592459172,0.003914097148114793,0.08117594374608948,0.03536749129094556
AVMD,IMF3,background_dynamic_mode,39.90785813630041,422,42200,42599,211.0,212.995,212.0,stable_10deg,stable_10deg,0.0,10.748218971957158,0.12227136781739413,35.5,37.217346617906344,0.028977675294414206,0.33588226618740136,0.0008397056654685034,0.037259978519357376,0.016988298090398802
AVMD,IMF4,background_dynamic_mode,54.08118915159944,422,42200,42599,211.0,212.995,212.0,stable_10deg,stable_10deg,0.0,10.748218971957158,0.12227136781739413,52.5,51.77428235045711,0.02070771210268912,0.17152373621114297,0.0004288093405278574,0.02650512483844647,0.012391636611782124
AVMD,IMF5,background_dynamic_mode,59.97479137691238,422,42200,42599,211.0,212.995,212.0,stable_10deg,stable_10deg,0.0,10.748218971957158,0.12227136781739413,60.0,61.836457920033276,0.018962435460648405,0.14382958343970242,0.00035957395859925604,0.02379250824582889,0.012359246256506634
AVMD,IMF6,background_dynamic_mode,80.04607093184978,422,42200,42599,211.0,212.995,212.0,stable_10deg,stable_10deg,0.0,10.748218971957158,0.12227136781739413,80.0,79.69515724302036,0.04463687524895959,0.7969802527964723,0.001992450631991181,0.06108073617990705,0.015664468803827245
AVMD,IMF7,background_dynamic_mode,90.29468011126563,422,42200,42599,211.0,212.995,212.0,stable_10deg,stable_10deg,0.0,10.748218971957158,0.12227136781739413,89.5,91.13191854348811,0.017624184146952448,0.12424474673827597,0.0003106118668456899,0.021080731124415827,0.012785801289290754
AVMD,IMF1,angle_position_mode,0.008692628650904,423,42300,42699,211.5,213.495,212.5,stable_10deg,stable_10deg,0.0,10.68360824917282,0.13854231226486177,,,0.11166713345908998,4.987819477988085,0.012469548694970212,0.12047907544271878,0.02316926690294974
AVMD,IMF2,background_dynamic_mode,17.793810848400554,423,42300,42699,211.5,213.495,212.5,stable_10deg,stable_10deg,0.0,10.68360824917282,0.13854231226486177,15.5,16.700880888297792,0.06149124392976798,1.5124692320120907,0.003781173080030227,0.07996905411513947,0.03408815837601811
AVMD,IMF3,background_dynamic_mode,39.90785813630041,423,42300,42699,211.5,213.495,212.5,stable_10deg,stable_10deg,0.0,10.68360824917282,0.13854231226486177,36.0,36.69650281548998,0.02822810763548721,0.3187304242722605,0.0007968260606806513,0.036172073280166125,0.01677407502924432
AVMD,IMF4,background_dynamic_mode,54.08118915159944,423,42300,42699,211.5,213.495,212.5,stable_10deg,stable_10deg,0.0,10.68360824917282,0.13854231226486177,49.5,51.562994279575804,0.01941556754338637,0.1507857052127193,0.00037696426303179825,0.024647138331752125,0.01208537398053367
AVMD,IMF5,background_dynamic_mode,59.97479137691238,423,42300,42699,211.5,213.495,212.5,stable_10deg,stable_10deg,0.0,10.68360824917282,0.13854231226486177,60.0,62.75942503786873,0.018566185630802826,0.13788129955097173,0.0003447032488774293,0.023410116947523135,0.011868856639359885
AVMD,IMF6,background_dynamic_mode,80.04607093184978,423,42300,42699,211.5,213.495,212.5,stable_10deg,stable_10deg,0.0,10.68360824917282,0.13854231226486177,80.0,79.67166597497445,0.044761104023698456,0.8014225733681416,0.002003556433420354,0.0613750953645078,0.014990536028477887
AVMD,IMF7,background_dynamic_mode,90.29468011126563,423,42300,42699,211.5,213.495,212.5,stable_10deg,stable_10deg,0.0,10.68360824917282,0.13854231226486177,90.0,91.44910450914435,0.020712830344876445,0.1716085363582538,0.0004290213408956345,0.025746773296800852,0.013888365408928786
AVMD,IMF1,angle_position_mode,0.008692628650904,424,42400,42799,212.0,213.995,213.0,stable_10deg,stable_10deg,0.0,10.611827905388814,0.14881425257419012,,,0.11830627392965493,5.59854978044742,0.01399637445111855,0.127707608608792,0.026802779354492403
AVMD,IMF2,background_dynamic_mode,17.793810848400554,424,42400,42799,212.0,213.995,213.0,stable_10deg,stable_10deg,0.0,10.611827905388814,0.14881425257419012,15.5,16.743709242242566,0.060256081813984716,1.452318158229448,0.00363079539557362,0.07724538655929107,0.035976190553659124
AVMD,IMF3,background_dynamic_mode,39.90785813630041,424,42400,42799,212.0,213.995,213.0,stable_10deg,stable_10deg,0.0,10.611827905388814,0.14881425257419012,34.5,36.42585544498348,0.026855584379878356,0.2884889649539065,0.0007212224123847663,0.03510410052589621,0.014473631174971269
AVMD,IMF4,background_dynamic_mode,54.08118915159944,424,42400,42799,212.0,213.995,213.0,stable_10deg,stable_10deg,0.0,10.611827905388814,0.14881425257419012,52.5,51.94228648071037,0.019412270590984534,0.15073449979904124,0.0003768362494976031,0.02446916001164609,0.012425289599399035
AVMD,IMF5,background_dynamic_mode,59.97479137691238,424,42400,42799,212.0,213.995,213.0,stable_10deg,stable_10deg,0.0,10.611827905388814,0.14881425257419012,60.0,62.6054304257283,0.017900398357880352,0.12816970454832224,0.0003204242613708056,0.022869402344122783,0.010812479828498851
AVMD,IMF6,background_dynamic_mode,80.04607093184978,424,42400,42799,212.0,213.995,213.0,stable_10deg,stable_10deg,0.0,10.611827905388814,0.14881425257419012,80.0,79.73825161889297,0.04497786395750167,0.809203298471811,0.0020230082461795275,0.06184244668087127,0.013892789683316113
AVMD,IMF7,background_dynamic_mode,90.29468011126563,424,42400,42799,212.0,213.995,213.0,stable_10deg,stable_10deg,0.0,10.611827905388814,0.14881425257419012,90.0,90.761505337207,0.020772492361483482,0.17259857556315583,0.0004314964389078896,0.026190725061587067,0.013530772978770726
AVMD,IMF1,angle_position_mode,0.008692628650904,425,42500,42899,212.5,214.495,213.5,stable_10deg,stable_10deg,0.0,10.536057887652664,0.15373313075082168,,,0.1168279234767296,5.459505481553835,0.013648763703884587,0.12629890214369366,0.025848863443560407
AVMD,IMF2,background_dynamic_mode,17.793810848400554,425,42500,42899,212.5,214.495,213.5,stable_10deg,stable_10deg,0.0,10.536057887652664,0.15373313075082168,15.5,17.000720778882965,0.057834107921151894,1.3379136156141778,0.0033447840390354445,0.07410070907994097,0.03525715292501223
AVMD,IMF3,background_dynamic_mode,39.90785813630041,425,42500,42899,212.5,214.495,213.5,stable_10deg,stable_10deg,0.0,10.536057887652664,0.15373313075082168,35.0,36.49287139219487,0.025683378343577284,0.26385436925573386,0.0006596359231393346,0.0337057109611455,0.013433156321739003
AVMD,IMF4,background_dynamic_mode,54.08118915159944,425,42500,42899,212.5,214.495,213.5,stable_10deg,stable_10deg,0.0,10.536057887652664,0.15373313075082168,52.5,53.0846185054283,0.017514511933648377,0.12270325130956458,0.0003067581282739115,0.022253586530825552,0.010769303805391636
AVMD,IMF5,background_dynamic_mode,59.97479137691238,425,42500,42899,212.5,214.495,213.5,stable_10deg,stable_10deg,0.0,10.536057887652664,0.15373313075082168,60.0,61.52386162551435,0.018299073801660553,0.13394244079944784,0.0003348561019986196,0.023646964292058526,0.01048123230338975
AVMD,IMF6,background_dynamic_mode,80.04607093184978,425,42500,42899,212.5,214.495,213.5,stable_10deg,stable_10deg,0.0,10.536057887652664,0.15373313075082168,80.0,79.8571432476373,0.04701795881195515,0.8842753803370844,0.002210688450842711,0.06472891588091235,0.015068827622891192
AVMD,IMF7,background_dynamic_mode,90.29468011126563,425,42500,42899,212.5,214.495,213.5,stable_10deg,stable_10deg,0.0,10.536057887652664,0.15373313075082168,90.0,90.33589451792392,0.021460180888691782,0.1842157455101488,0.000460539363775372,0.02743601632496113,0.012494542792787642
AVMD,IMF1,angle_position_mode,0.008692628650904,426,42600,42999,213.0,214.995,214.0,stable_10deg,stable_10deg,0.0,10.458952751729504,0.15402977957405722,,,0.11839684981669095,5.607125618606428,0.01401781404651607,0.1265007747406066,0.02550700883774377
AVMD,IMF2,background_dynamic_mode,17.793810848400554,426,42600,42999,213.0,214.995,214.0,stable_10deg,stable_10deg,0.0,10.458952751729504,0.15402977957405722,15.5,17.215156222909116,0.06414578968605235,1.645872933778904,0.0041146823344472595,0.0804274507029673,0.04195227163968812
AVMD,IMF3,background_dynamic_mode,39.90785813630041,426,42600,42999,213.0,214.995,214.0,stable_10deg,stable_10deg,0.0,10.458952751729504,0.15402977957405722,35.0,36.394049050506545,0.02801953703697515,0.3140377823065688,0.0007850944557664221,0.03706661427340874,0.014057893031139353
AVMD,IMF4,background_dynamic_mode,54.08118915159944,426,42600,42999,213.0,214.995,214.0,stable_10deg,stable_10deg,0.0,10.458952751729504,0.15402977957405722,53.0,52.91225225090716,0.017627304848792092,0.1242887504928997,0.0003107218762322492,0.02266292554592102,0.01045411739264155
AVMD,IMF5,background_dynamic_mode,59.97479137691238,426,42600,42999,213.0,214.995,214.0,stable_10deg,stable_10deg,0.0,10.458952751729504,0.15402977957405722,60.0,61.45071962370944,0.017754456249817707,0.1260882866906764,0.00031522071672669097,0.02273369827044937,0.010658864976763513
AVMD,IMF6,background_dynamic_mode,80.04607093184978,426,42600,42999,213.0,214.995,214.0,stable_10deg,stable_10deg,0.0,10.458952751729504,0.15402977957405722,80.0,79.8994317052829,0.0465330535730636,0.8661300299334429,0.0021653250748336073,0.06378966031277009,0.015891111246444357
AVMD,IMF7,background_dynamic_mode,90.29468011126563,426,42600,42999,213.0,214.995,214.0,stable_10deg,stable_10deg,0.0,10.458952751729504,0.15402977957405722,90.0,90.52022853640986,0.021931125679561545,0.1923897094290895,0.0004809742735727238,0.028629608138973514,0.012201411373223245
AVMD,IMF1,angle_position_mode,0.008692628650904,427,42700,43099,213.5,215.495,214.5,stable_10deg,stable_10deg,0.0,10.38275901302383,0.15029430447407824,,,0.11827834437469223,5.595906699207316,0.01398976674801829,0.12459916581714815,0.024935140692413812
AVMD,IMF2,background_dynamic_mode,17.793810848400554,427,42700,43099,213.5,215.495,214.5,stable_10deg,stable_10deg,0.0,10.38275901302383,0.15029430447407824,16.0,17.376991571010162,0.06943789236298288,1.9286483583252783,0.004821620895813196,0.08595269027088653,0.04735780746457146
AVMD,IMF3,background_dynamic_mode,39.90785813630041,427,42700,43099,213.5,215.495,214.5,stable_10deg,stable_10deg,0.0,10.38275901302383,0.15029430447407824,35.0,36.29791046556147,0.027587938014454447,0.3044377295557523,0.0007610943238893808,0.03627650590534709,0.014374627002225217
AVMD,IMF4,background_dynamic_mode,54.08118915159944,427,42700,43099,213.5,215.495,214.5,stable_10deg,stable_10deg,0.0,10.38275901302383,0.15029430447407824,53.0,53.14624442443408,0.018924420826319878,0.14325348144465982,0.0003581337036116496,0.02434986117572662,0.011047492169057122
AVMD,IMF5,background_dynamic_mode,59.97479137691238,427,42700,43099,213.5,215.495,214.5,stable_10deg,stable_10deg,0.0,10.38275901302383,0.15029430447407824,60.0,61.965401777237766,0.016637087954283175,0.11071707823942172,0.0002767926955985543,0.02145710602015159,0.009616706789921135
AVMD,IMF6,background_dynamic_mode,80.04607093184978,427,42700,43099,213.5,215.495,214.5,stable_10deg,stable_10deg,0.0,10.38275901302383,0.15029430447407824,80.0,79.69839372836391,0.047159250130853515,0.8895979491617628,0.002223994872904407,0.06469546175447088,0.016241258619387532
AVMD,IMF7,background_dynamic_mode,90.29468011126563,427,42700,43099,213.5,215.495,214.5,stable_10deg,stable_10deg,0.0,10.38275901302383,0.15029430447407824,90.0,90.73551743478654,0.020930923094443714,0.17524141663420692,0.0004381035415855173,0.027133298196494363,0.011867594678742271
AVMD,IMF1,angle_position_mode,0.008692628650904,428,42800,43199,214.0,215.995,215.0,stable_10deg,stable_10deg,0.0,10.309454108414695,0.14292071848189,,,0.10962303368332314,4.8068838055739995,0.012017209513935,0.11634649939664596,0.020514053241206597
AVMD,IMF2,background_dynamic_mode,17.793810848400554,428,42800,43199,214.0,215.995,215.0,stable_10deg,stable_10deg,0.0,10.309454108414695,0.14292071848189,16.0,16.91160619876173,0.07112456617064254,2.023481565184844,0.00505870391296211,0.08969909894203329,0.045457165686369996
AVMD,IMF3,background_dynamic_mode,39.90785813630041,428,42800,43199,214.0,215.995,215.0,stable_10deg,stable_10deg,0.0,10.309454108414695,0.14292071848189,35.0,36.74896223158162,0.028555248664416038,0.3261608905146536,0.000815402226286634,0.03748521195118851,0.015104982901822234
AVMD,IMF4,background_dynamic_mode,54.08118915159944,428,42800,43199,214.0,215.995,215.0,stable_10deg,stable_10deg,0.0,10.309454108414695,0.14292071848189,53.0,53.08263333566825,0.020734745964006596,0.17197187607675513,0.0004299296901918878,0.027214246830826162,0.01092017015065104
AVMD,IMF5,background_dynamic_mode,59.97479137691238,428,42800,43199,214.0,215.995,215.0,stable_10deg,stable_10deg,0.0,10.309454108414695,0.14292071848189,60.0,61.98752430692565,0.016142834173043498,0.10423643805535236,0.0002605910951383809,0.02125417053746981,0.00846030860544178
AVMD,IMF6,background_dynamic_mode,80.04607093184978,428,42800,43199,214.0,215.995,215.0,stable_10deg,stable_10deg,0.0,10.309454108414695,0.14292071848189,80.0,79.75436944968348,0.04737233958124825,0.8976554229604399,0.0022441385574011,0.0649211886253108,0.016816233850857766
AVMD,IMF7,background_dynamic_mode,90.29468011126563,428,42800,43199,214.0,215.995,215.0,stable_10deg,stable_10deg,0.0,10.309454108414695,0.14292071848189,90.0,90.73758528228898,0.02176056991669504,0.18940896123974926,0.00047352240309937315,0.028230308486783137,0.012772998654251525
AVMD,IMF1,angle_position_mode,0.008692628650904,429,42900,43299,214.5,216.495,215.5,stable_10deg,stable_10deg,0.0,10.240860283388033,0.13217896842567461,,,0.11449966398843195,5.244069221385528,0.013110173053463821,0.12200770544880271,0.02282047669899335
AVMD,IMF2,background_dynamic_mode,17.793810848400554,429,42900,43299,214.5,216.495,215.5,stable_10deg,stable_10deg,0.0,10.240860283388033,0.13217896842567461,16.0,16.69102416214146,0.07427179538042597,2.2065198356127453,0.005516299589031864,0.09568776218649941,0.04317132956496783
AVMD,IMF3,background_dynamic_mode,39.90785813630041,429,42900,43299,214.5,216.495,215.5,stable_10deg,stable_10deg,0.0,10.240860283388033,0.13217896842567461,35.0,36.58031870313572,0.029675994945955506,0.35226587041295065,0.0008806646760323766,0.0391370772502492,0.015249616953006084
AVMD,IMF4,background_dynamic_mode,54.08118915159944,429,42900,43299,214.5,216.495,215.5,stable_10deg,stable_10deg,0.0,10.240860283388033,0.13217896842567461,53.0,53.38118670718683,0.01835223850266914,0.13472186322354066,0.0003368046580588516,0.023452928405837764,0.011233957384069083
AVMD,IMF5,background_dynamic_mode,59.97479137691238,429,42900,43299,214.5,216.495,215.5,stable_10deg,stable_10deg,0.0,10.240860283388033,0.13217896842567461,60.0,62.1433962812223,0.015516580679706436,0.0963057103959356,0.00024076427598983903,0.020299675634168336,0.008295110015155576
AVMD,IMF6,background_dynamic_mode,80.04607093184978,429,42900,43299,214.5,216.495,215.5,stable_10deg,stable_10deg,0.0,10.240860283388033,0.13217896842567461,80.0,79.65919495135184,0.045960264106465726,0.8449383506944327,0.0021123458767360816,0.06320158035746477,0.015311916424941263
AVMD,IMF7,background_dynamic_mode,90.29468011126563,429,42900,43299,214.5,216.495,215.5,stable_10deg,stable_10deg,0.0,10.240860283388033,0.13217896842567461,90.0,91.20553842437712,0.023047659534066168,0.21247784399929248,0.0005311946099982312,0.02949731552503537,0.014151005188561308
AVMD,IMF1,angle_position_mode,0.008692628650904,430,43000,43399,215.0,216.995,216.0,stable_10deg,stable_10deg,0.0,10.178677177612531,0.11838594766598294,,,0.11837113839527151,5.604690561997009,0.01401172640499252,0.12491620304945222,0.02201210715791441
AVMD,IMF2,background_dynamic_mode,17.793810848400554,430,43000,43399,215.0,216.995,216.0,stable_10deg,stable_10deg,0.0,10.178677177612531,0.11838594766598294,16.0,16.748274022362008,0.07103808045763545,2.0185635500421952,0.005046408875105488,0.0931329797238735,0.037401616451192804
AVMD,IMF3,background_dynamic_mode,39.90785813630041,430,43000,43399,215.0,216.995,216.0,stable_10deg,stable_10deg,0.0,10.178677177612531,0.11838594766598294,35.5,35.64707708512045,0.029754842758293664,0.35414026702831236,0.0008853506675707809,0.03863923854340733,0.01663983748874948
AVMD,IMF4,background_dynamic_mode,54.08118915159944,430,43000,43399,215.0,216.995,216.0,stable_10deg,stable_10deg,0.0,10.178677177612531,0.11838594766598294,54.0,53.23260893756735,0.019707486262251342,0.15535400591073012,0.0003883850147768253,0.024507928345551915,0.013253291643366687
AVMD,IMF5,background_dynamic_mode,59.97479137691238,430,43000,43399,215.0,216.995,216.0,stable_10deg,stable_10deg,0.0,10.178677177612531,0.11838594766598294,60.0,61.529089070736866,0.016772894543105613,0.11253199654165683,0.0002813299913541421,0.022145830493944748,0.008505793693046505
AVMD,IMF6,background_dynamic_mode,80.04607093184978,430,43000,43399,215.0,216.995,216.0,stable_10deg,stable_10deg,0.0,10.178677177612531,0.11838594766598294,80.0,79.8335060773194,0.04834996423287854,0.9350876165282535,0.002337719041320634,0.06734528294894936,0.012448634647402
AVMD,IMF7,background_dynamic_mode,90.29468011126563,430,43000,43399,215.0,216.995,216.0,stable_10deg,stable_10deg,0.0,10.178677177612531,0.11838594766598294,90.0,91.1162512425989,0.023610506442718095,0.22298240579265302,0.0005574560144816326,0.030715053044517125,0.013191409759869469
AVMD,IMF1,angle_position_mode,0.008692628650904,431,43100,43499,215.5,217.495,216.5,stable_10deg,stable_10deg,0.0,10.12439720730133,0.10209100471862818,,,0.1188908614487379,5.654014774409196,0.014135036936022992,0.1261850503701437,0.020330823724390504
AVMD,IMF2,background_dynamic_mode,17.793810848400554,431,43100,43499,215.5,217.495,216.5,stable_10deg,stable_10deg,0.0,10.12439720730133,0.10209100471862818,15.5,16.546378324387238,0.06616292178768335,1.7510128877932416,0.004377532219483104,0.08827050915964199,0.030975089070042483
AVMD,IMF3,background_dynamic_mode,39.90785813630041,431,43100,43499,215.5,217.495,216.5,stable_10deg,stable_10deg,0.0,10.12439720730133,0.10209100471862818,35.0,36.16001396728219,0.03166112809003154,0.4009708127733538,0.0010024270319333845,0.040941985525589926,0.018156886322903746
AVMD,IMF4,background_dynamic_mode,54.08118915159944,431,43100,43499,215.5,217.495,216.5,stable_10deg,stable_10deg,0.0,10.12439720730133,0.10209100471862818,55.0,52.82874529654123,0.01908223080610285,0.14565261301495225,0.00036413153253738064,0.02394708600583122,0.012484861981788732
AVMD,IMF5,background_dynamic_mode,59.97479137691238,431,43100,43499,215.5,217.495,216.5,stable_10deg,stable_10deg,0.0,10.12439720730133,0.10209100471862818,60.0,61.16123726937258,0.01675025230777469,0.11222838094964453,0.00028057095237411133,0.022231420168210603,0.008154655965411355
AVMD,IMF6,background_dynamic_mode,80.04607093184978,431,43100,43499,215.5,217.495,216.5,stable_10deg,stable_10deg,0.0,10.12439720730133,0.10209100471862818,80.0,79.97577353996023,0.04804897446706769,0.9234815789347692,0.002308703947336923,0.0670659784103671,0.011620340391861168
AVMD,IMF7,background_dynamic_mode,90.29468011126563,431,43100,43499,215.5,217.495,216.5,stable_10deg,stable_10deg,0.0,10.12439720730133,0.10209100471862818,90.0,90.89447466696002,0.022562806990066003,0.20363210370838852,0.0005090802592709713,0.02933995056760318,0.012673454352620036
AVMD,IMF1,angle_position_mode,0.008692628650904,432,43200,43599,216.0,217.995,217.0,stable_10deg,stable_10deg,0.0,10.079126807160659,0.08417439512897355,,,0.12658065152116374,6.409064535808916,0.01602266133952229,0.131692125060008,0.017616052772909205
AVMD,IMF2,background_dynamic_mode,17.793810848400554,432,43200,43599,216.0,217.995,217.0,stable_10deg,stable_10deg,0.0,10.079126807160659,0.08417439512897355,15.5,16.338840141872915,0.0652117078768117,1.7010267376842503,0.004252566844210626,0.08798095581976079,0.027544603595872394
AVMD,IMF3,background_dynamic_mode,39.90785813630041,432,43200,43599,216.0,217.995,217.0,stable_10deg,stable_10deg,0.0,10.079126807160659,0.08417439512897355,35.0,36.8120161359728,0.03328565522178029,0.44317393741729183,0.0011079348435432295,0.04275856962489632,0.019544889685042675
AVMD,IMF4,background_dynamic_mode,54.08118915159944,432,43200,43599,216.0,217.995,217.0,stable_10deg,stable_10deg,0.0,10.079126807160659,0.08417439512897355,55.0,53.14120348301788,0.017731192687334155,0.12575807764614888,0.0003143951941153722,0.02206316341099607,0.01191095280741328
AVMD,IMF5,background_dynamic_mode,59.97479137691238,432,43200,43599,216.0,217.995,217.0,stable_10deg,stable_10deg,0.0,10.079126807160659,0.08417439512897355,60.0,61.092508351649705,0.01638116418936592,0.10733701607958576,0.0002683425401989644,0.021133108480186936,0.00940592805872827
AVMD,IMF6,background_dynamic_mode,80.04607093184978,432,43200,43599,216.0,217.995,217.0,stable_10deg,stable_10deg,0.0,10.079126807160659,0.08417439512897355,80.0,79.95782620139664,0.04710238778903837,0.8874539741715803,0.002218634935428951,0.06527635390571125,0.013416029016415844
AVMD,IMF7,background_dynamic_mode,90.29468011126563,432,43200,43599,216.0,217.995,217.0,stable_10deg,stable_10deg,0.0,10.079126807160659,0.08417439512897355,90.0,91.30696973730963,0.023354324413346682,0.21816978752153637,0.0005454244688038409,0.03024796024976604,0.012503840064204215
AVMD,IMF1,angle_position_mode,0.008692628650904,433,43300,43699,216.5,218.495,217.5,stable_10deg,stable_10deg,0.0,10.04368371670221,0.0651696310148689,,,0.12183833757151535,5.937832200876212,0.01484458050219053,0.12521739771523316,0.021866709275461284
AVMD,IMF2,background_dynamic_mode,17.793810848400554,433,43300,43699,216.5,218.495,217.5,stable_10deg,stable_10deg,0.0,10.04368371670221,0.0651696310148689,15.5,16.395500435649218,0.0610662936665305,1.491636888866777,0.0037290922221669427,0.08145364236693702,0.028456528093434293
AVMD,IMF3,background_dynamic_mode,39.90785813630041,433,43300,43699,216.5,218.495,217.5,stable_10deg,stable_10deg,0.0,10.04368371670221,0.0651696310148689,40.0,36.94310146942331,0.032097270929057974,0.41209392043733994,0.00103023480109335,0.04076666523628182,0.02006017614129473
AVMD,IMF4,background_dynamic_mode,54.08118915159944,433,43300,43699,216.5,218.495,217.5,stable_10deg,stable_10deg,0.0,10.04368371670221,0.0651696310148689,55.0,53.022974439862914,0.018838651859221567,0.14195792154918088,0.0003548948038729522,0.024169045653248247,0.011196026082254847
AVMD,IMF5,background_dynamic_mode,59.97479137691238,433,43300,43699,216.5,218.495,217.5,stable_10deg,stable_10deg,0.0,10.04368371670221,0.0651696310148689,60.0,61.91329057668709,0.017078678151855774,0.11667249896587031,0.0002916812474146758,0.022205656164286915,0.009548290739001227
AVMD,IMF6,background_dynamic_mode,80.04607093184978,433,43300,43699,216.5,218.495,217.5,stable_10deg,stable_10deg,0.0,10.04368371670221,0.0651696310148689,80.0,79.80470021257848,0.0474782032881025,0.9016719149865546,0.0022541797874663866,0.06584039983444277,0.013299254815973478
AVMD,IMF7,background_dynamic_mode,90.29468011126563,433,43300,43699,216.5,218.495,217.5,stable_10deg,stable_10deg,0.0,10.04368371670221,0.0651696310148689,89.5,91.03223164672382,0.021877248475492817,0.1914456003433811,0.0004786140008584527,0.028614617355574107,0.011471091769009576
AVMD,IMF1,angle_position_mode,0.008692628650904,434,43400,43799,217.0,218.995,218.0,stable_10deg,stable_10deg,0.0,10.0200605460862,0.04639507943413568,,,0.12293924844301773,6.0456235230936155,0.015114058807734039,0.1261563642959714,0.020553962281715164
AVMD,IMF2,background_dynamic_mode,17.793810848400554,434,43400,43799,217.0,218.995,218.0,stable_10deg,stable_10deg,0.0,10.0200605460862,0.04639507943413568,15.5,16.427738438773417,0.055386168126543844,1.2270510478967127,0.0030676276197417816,0.07249930869227084,0.02955832203803916
AVMD,IMF3,background_dynamic_mode,39.90785813630041,434,43400,43799,217.0,218.995,218.0,stable_10deg,stable_10deg,0.0,10.0200605460862,0.04639507943413568,34.5,36.33175445565711,0.03189303305636966,0.40686622301387504,0.0010171655575346877,0.040625240135697745,0.019592471651761555
AVMD,IMF4,background_dynamic_mode,54.08118915159944,434,43400,43799,217.0,218.995,218.0,stable_10deg,stable_10deg,0.0,10.0200605460862,0.04639507943413568,54.0,53.013301358634436,0.01639886613774358,0.1075691242414532,0.00026892281060363304,0.021586452902947192,0.00850162364509368
AVMD,IMF5,background_dynamic_mode,59.97479137691238,434,43400,43799,217.0,218.995,218.0,stable_10deg,stable_10deg,0.0,10.0200605460862,0.04639507943413568,60.0,61.53161318857919,0.018224086809344384,0.13284693601380795,0.0003321173400345199,0.023453036930309167,0.010660491886561709
AVMD,IMF6,background_dynamic_mode,80.04607093184978,434,43400,43799,217.0,218.995,218.0,stable_10deg,stable_10deg,0.0,10.0200605460862,0.04639507943413568,80.0,79.8330140044674,0.04689162767332717,0.8795298983415771,0.0021988247458539427,0.06497752810193355,0.013292399171052068
AVMD,IMF7,background_dynamic_mode,90.29468011126563,434,43400,43799,217.0,218.995,218.0,stable_10deg,stable_10deg,0.0,10.0200605460862,0.04639507943413568,90.0,91.02405039542731,0.021449860124883955,0.1840385997508347,0.00046009649937708673,0.028043416426071003,0.011270208061954329
AVMD,IMF1,angle_position_mode,0.008692628650904,435,43500,43899,217.5,219.495,218.5,stable_10deg,stable_10deg,0.0,10.006602873977794,0.029597479569814223,,,0.12130477186292939,5.885939070686938,0.014714847676717345,0.1234493298444908,0.02289715535446208
AVMD,IMF2,background_dynamic_mode,17.793810848400554,435,43500,43899,217.5,219.495,218.5,stable_10deg,stable_10deg,0.0,10.006602873977794,0.029597479569814223,15.5,16.720131384399956,0.0565057103898847,1.2771581226662094,0.0031928953066655236,0.07308409585267643,0.032678622452649825
AVMD,IMF3,background_dynamic_mode,39.90785813630041,435,43500,43899,217.5,219.495,218.5,stable_10deg,stable_10deg,0.0,10.006602873977794,0.029597479569814223,35.0,35.87963018391738,0.02905960905768167,0.3377843514341178,0.0008444608785852945,0.036798243199644726,0.018286248129385924
AVMD,IMF4,background_dynamic_mode,54.08118915159944,435,43500,43899,217.5,219.495,218.5,stable_10deg,stable_10deg,0.0,10.006602873977794,0.029597479569814223,53.0,52.20668299973764,0.01761002421795012,0.12404518118271593,0.00031011295295678984,0.022716128243788446,0.010220224151067507
AVMD,IMF5,background_dynamic_mode,59.97479137691238,435,43500,43899,217.5,219.495,218.5,stable_10deg,stable_10deg,0.0,10.006602873977794,0.029597479569814223,60.0,61.57577480635692,0.01743923555760273,0.12165077473342215,0.0003041269368335554,0.02228972743306472,0.010624126304291348
AVMD,IMF6,background_dynamic_mode,80.04607093184978,435,43500,43899,217.5,219.495,218.5,stable_10deg,stable_10deg,0.0,10.006602873977794,0.029597479569814223,80.0,79.83279676010761,0.045186563556750034,0.8167302104272842,0.0020418255260682104,0.06160628959709147,0.016602660803608758
AVMD,IMF7,background_dynamic_mode,90.29468011126563,435,43500,43899,217.5,219.495,218.5,stable_10deg,stable_10deg,0.0,10.006602873977794,0.029597479569814223,90.0,91.01477279013848,0.021617106891054547,0.18691972413571117,0.00046729931033927794,0.02843638646927121,0.011124681966262128
AVMD,IMF1,angle_position_mode,0.008692628650904,436,43600,43999,218.0,219.995,219.0,stable_10deg,stable_10deg,0.0,10.000800251899697,0.014357983987704609,,,0.11829481796859093,5.597465583288826,0.013993663958222064,0.1197937354838458,0.02626108454549804
AVMD,IMF2,background_dynamic_mode,17.793810848400554,436,43600,43999,218.0,219.995,219.0,stable_10deg,stable_10deg,0.0,10.000800251899697,0.014357983987704609,15.5,16.684814182988642,0.06123517904199803,1.4998988609222221,0.003749747152305555,0.07761916151844493,0.03917582937484022
AVMD,IMF3,background_dynamic_mode,39.90785813630041,436,43600,43999,218.0,219.995,219.0,stable_10deg,stable_10deg,0.0,10.000800251899697,0.014357983987704609,36.0,36.21630236246904,0.025983116747856676,0.27004894237310006,0.0006751223559327502,0.03337101991202199,0.015470464673201973
AVMD,IMF4,background_dynamic_mode,54.08118915159944,436,43600,43999,218.0,219.995,219.0,stable_10deg,stable_10deg,0.0,10.000800251899697,0.014357983987704609,53.0,51.799849171244425,0.01675607218964242,0.11230638208980323,0.0002807659552245081,0.02132802482383926,0.01030286187402338
AVMD,IMF5,background_dynamic_mode,59.97479137691238,436,43600,43999,218.0,219.995,219.0,stable_10deg,stable_10deg,0.0,10.000800251899697,0.014357983987704609,60.0,61.294662117219175,0.018368761718504885,0.13496456282848424,0.0003374114070712106,0.02378340326993855,0.010523058900867395
AVMD,IMF6,background_dynamic_mode,80.04607093184978,436,43600,43999,218.0,219.995,219.0,stable_10deg,stable_10deg,0.0,10.000800251899697,0.014357983987704609,80.0,79.73912905113978,0.045747575499543384,0.8371362656345689,0.002092840664086422,0.06270228607710243,0.01594654360486937
AVMD,IMF7,background_dynamic_mode,90.29468011126563,436,43600,43999,218.0,219.995,219.0,stable_10deg,stable_10deg,0.0,10.000800251899697,0.014357983987704609,90.0,90.81938118326562,0.020750785795278254,0.17223804444860868,0.0004305951111215217,0.02803064741124103,0.009215566683187437
AVMD,IMF1,angle_position_mode,0.008692628650904,437,43700,44099,218.5,220.495,219.5,stable_10deg,stable_10deg,0.0,10.0,0.0,,,0.11737219340654731,5.510492714025579,0.013776231785063948,0.11958261726262354,0.027187309504856774
AVMD,IMF2,background_dynamic_mode,17.793810848400554,437,43700,44099,218.5,220.495,219.5,stable_10deg,stable_10deg,0.0,10.0,0.0,15.5,16.91167789780143,0.06304357505104631,1.5897969420867635,0.0039744923552169084,0.07962077003460738,0.04008539176002352
AVMD,IMF3,background_dynamic_mode,39.90785813630041,437,43700,44099,218.5,220.495,219.5,stable_10deg,stable_10deg,0.0,10.0,0.0,36.0,36.546608616418474,0.028270806712578155,0.31969540487198167,0.0007992385121799541,0.03546962453944697,0.01831149957370855
AVMD,IMF4,background_dynamic_mode,54.08118915159944,437,43700,44099,218.5,220.495,219.5,stable_10deg,stable_10deg,0.0,10.0,0.0,52.5,52.485460492129,0.017216758173818843,0.11856670480630317,0.0002964167620157579,0.021743005450864657,0.010960785638121699
AVMD,IMF5,background_dynamic_mode,59.97479137691238,437,43700,44099,218.5,220.495,219.5,stable_10deg,stable_10deg,0.0,10.0,0.0,60.0,61.458639317603655,0.02062973313364593,0.17023435566617948,0.0004255858891654487,0.026139408298039308,0.01294255395000747
AVMD,IMF6,background_dynamic_mode,80.04607093184978,437,43700,44099,218.5,220.495,219.5,stable_10deg,stable_10deg,0.0,10.0,0.0,80.0,79.80327999411287,0.04445190507730318,0.7903887460006289,0.001975971865001572,0.06059096148509317,0.01653596868409715
AVMD,IMF7,background_dynamic_mode,90.29468011126563,437,43700,44099,218.5,220.495,219.5,stable_10deg,stable_10deg,0.0,10.0,0.0,90.0,90.98710011541904,0.01938819400421433,0.150360826698021,0.0003759020667450525,0.02578640600633987,0.009615805947048311
AVMD,IMF1,angle_position_mode,0.008692628650904,438,43800,44199,219.0,220.995,220.0,stable_10deg,stable_10deg,0.0,10.0,0.0,,,0.11425038676856542,5.221260350706715,0.013053150876766789,0.1165388237791116,0.026956247730206433
AVMD,IMF2,background_dynamic_mode,17.793810848400554,438,43800,44199,219.0,220.995,220.0,stable_10deg,stable_10deg,0.0,10.0,0.0,15.5,16.853680770921997,0.07037020668527261,1.9807863955711944,0.004951965988927986,0.08872646330579069,0.04472129710706533
AVMD,IMF3,background_dynamic_mode,39.90785813630041,438,43800,44199,219.0,220.995,220.0,stable_10deg,stable_10deg,0.0,10.0,0.0,35.0,36.56528192473382,0.02775610145868642,0.3081604672739578,0.0007704011681848945,0.03523917886252233,0.0175890106886282
AVMD,IMF4,background_dynamic_mode,54.08118915159944,438,43800,44199,219.0,220.995,220.0,stable_10deg,stable_10deg,0.0,10.0,0.0,52.5,52.2574373472084,0.017278268139645784,0.11941541996219945,0.0002985385499054986,0.021584369598506153,0.011438692297731689
AVMD,IMF5,background_dynamic_mode,59.97479137691238,438,43800,44199,219.0,220.995,220.0,stable_10deg,stable_10deg,0.0,10.0,0.0,60.0,61.827020005331626,0.018816261263762395,0.14162067517846605,0.0003540516879461651,0.023262029620994662,0.012938395305543252
AVMD,IMF6,background_dynamic_mode,80.04607093184978,438,43800,44199,219.0,220.995,220.0,stable_10deg,stable_10deg,0.0,10.0,0.0,80.0,79.80139421861502,0.04378142488418785,0.7667252659559132,0.0019168131648897829,0.05912541227276373,0.01817911021583737
AVMD,IMF7,background_dynamic_mode,90.29468011126563,438,43800,44199,219.0,220.995,220.0,stable_10deg,stable_10deg,0.0,10.0,0.0,90.0,91.14442500010043,0.020268540604236353,0.1643254952902311,0.0004108137382255778,0.026971571748351294,0.009740017990264926
AVMD,IMF1,angle_position_mode,0.008692628650904,439,43900,44299,219.5,221.495,220.5,stable_10deg,stable_10deg,0.0,10.0,0.0,,,0.1177462391648068,5.545670734982353,0.013864176837455881,0.12025473263185821,0.027413691736964393
AVMD,IMF2,background_dynamic_mode,17.793810848400554,439,43900,44299,219.5,221.495,220.5,stable_10deg,stable_10deg,0.0,10.0,0.0,15.5,17.044480806384303,0.06836020627112223,1.869247120572152,0.00467311780143038,0.08684253673168552,0.04217023701347385
AVMD,IMF3,background_dynamic_mode,39.90785813630041,439,43900,44299,219.5,221.495,220.5,stable_10deg,stable_10deg,0.0,10.0,0.0,35.5,36.07542857745083,0.028574886196473054,0.3266096484565545,0.0008165241211413862,0.03592622477906418,0.01844247978024352
AVMD,IMF4,background_dynamic_mode,54.08118915159944,439,43900,44299,219.5,221.495,220.5,stable_10deg,stable_10deg,0.0,10.0,0.0,53.0,51.697163833010116,0.017278741928492183,0.11942196905257349,0.00029855492263143374,0.021332309461195336,0.011915822680914965
AVMD,IMF5,background_dynamic_mode,59.97479137691238,439,43900,44299,219.5,221.495,220.5,stable_10deg,stable_10deg,0.0,10.0,0.0,60.0,61.56754457166557,0.020903594319645398,0.17478410219212454,0.00043696025548031135,0.02637146386853969,0.013287699643751451
AVMD,IMF6,background_dynamic_mode,80.04607093184978,439,43900,44299,219.5,221.495,220.5,stable_10deg,stable_10deg,0.0,10.0,0.0,80.0,79.88779346000547,0.0453623306443633,0.8230964165954165,0.0020577410414885414,0.06173191558767725,0.017314294595242145
AVMD,IMF7,background_dynamic_mode,90.29468011126563,439,43900,44299,219.5,221.495,220.5,stable_10deg,stable_10deg,0.0,10.0,0.0,90.0,91.44569980122655,0.019321441041329802,0.14932723356543345,0.00037331808391358363,0.024704812076588888,0.011451288523663854
AVMD,IMF1,angle_position_mode,0.008692628650904,440,44000,44399,220.0,221.995,221.0,stable_10deg,stable_10deg,0.0,10.0,0.0,,,0.11836980643983118,5.60456443064124,0.0140114110766031,0.12162005744537213,0.024402759665066682
AVMD,IMF2,background_dynamic_mode,17.793810848400554,440,44000,44399,220.0,221.995,221.0,stable_10deg,stable_10deg,0.0,10.0,0.0,16.0,17.044331318225442,0.0676581830355718,1.8310518926699748,0.004577629731674937,0.08647624327783103,0.04033634519222887
AVMD,IMF3,background_dynamic_mode,39.90785813630041,440,44000,44399,220.0,221.995,221.0,stable_10deg,stable_10deg,0.0,10.0,0.0,36.0,36.23041045294018,0.03024793156954152,0.36597494569426664,0.0009149373642356666,0.03837505821084675,0.018922331511303427
AVMD,IMF4,background_dynamic_mode,54.08118915159944,440,44000,44399,220.0,221.995,221.0,stable_10deg,stable_10deg,0.0,10.0,0.0,54.5,52.03080029943378,0.01783293079679801,0.12720536832135476,0.0003180134208033869,0.022331594225731798,0.011762500554736597
AVMD,IMF5,background_dynamic_mode,59.97479137691238,440,44000,44399,220.0,221.995,221.0,stable_10deg,stable_10deg,0.0,10.0,0.0,60.0,60.97354265761643,0.02155938607927145,0.18592285124603347,0.00046480712811508367,0.02772254572300192,0.012648544089652648
AVMD,IMF6,background_dynamic_mode,80.04607093184978,440,44000,44399,220.0,221.995,221.0,stable_10deg,stable_10deg,0.0,10.0,0.0,80.0,79.76047038258146,0.043942142466476646,0.7723647538176521,0.0019309118845441302,0.05986259527788346,0.016300275093027887
AVMD,IMF7,background_dynamic_mode,90.29468011126563,440,44000,44399,220.0,221.995,221.0,stable_10deg,stable_10deg,0.0,10.0,0.0,90.0,90.80212720104515,0.01946686022590918,0.15158345882203395,0.00037895864705508485,0.02415525886527841,0.013067338778572543
AVMD,IMF1,angle_position_mode,0.008692628650904,441,44100,44499,220.5,222.495,221.5,stable_10deg,stable_10deg,0.0,10.0,0.0,,,0.12669257979791954,6.420403910340882,0.016051009775852207,0.1282654758685037,0.022451200433483438
AVMD,IMF2,background_dynamic_mode,17.793810848400554,441,44100,44499,220.5,222.495,221.5,stable_10deg,stable_10deg,0.0,10.0,0.0,16.0,16.809976727928454,0.06926651376165717,1.9191399714775368,0.004797849928693842,0.08913232888424533,0.04061187718414889
AVMD,IMF3,background_dynamic_mode,39.90785813630041,441,44100,44499,220.5,222.495,221.5,stable_10deg,stable_10deg,0.0,10.0,0.0,35.5,36.350893514903525,0.026722026310996818,0.2856266760662425,0.0007140666901656062,0.034042126948001274,0.016439998500807015
AVMD,IMF4,background_dynamic_mode,54.08118915159944,441,44100,44499,220.5,222.495,221.5,stable_10deg,stable_10deg,0.0,10.0,0.0,55.0,52.80370661609072,0.017843733915152198,0.1273595360139011,0.00031839884003475276,0.022675633888212587,0.011078203426320453
AVMD,IMF5,background_dynamic_mode,59.97479137691238,441,44100,44499,220.5,222.495,221.5,stable_10deg,stable_10deg,0.0,10.0,0.0,60.0,60.84053049960919,0.020241012495559325,0.1638794347381555,0.00040969858684538875,0.02663255852354937,0.01050104213853978
AVMD,IMF6,background_dynamic_mode,80.04607093184978,441,44100,44499,220.5,222.495,221.5,stable_10deg,stable_10deg,0.0,10.0,0.0,80.0,79.77531072353268,0.04641440254390797,0.8617187054031722,0.0021542967635079305,0.06356940599393857,0.016250649916660392
AVMD,IMF7,background_dynamic_mode,90.29468011126563,441,44100,44499,220.5,222.495,221.5,stable_10deg,stable_10deg,0.0,10.0,0.0,90.0,91.30254989828882,0.018961956020741858,0.14382231045301935,0.0003595557761325484,0.024658972348598898,0.011058728155715803
AVMD,IMF1,angle_position_mode,0.008692628650904,442,44200,44599,221.0,222.995,222.0,stable_10deg,stable_10deg,0.0,10.0,0.0,,,0.12474165020564607,6.224191718411103,0.015560479296027758,0.12577117603290414,0.024476545953199754
AVMD,IMF2,background_dynamic_mode,17.793810848400554,442,44200,44599,221.0,222.995,222.0,stable_10deg,stable_10deg,0.0,10.0,0.0,16.0,17.03452837393346,0.06271795930062338,1.5734169675338605,0.003933542418834651,0.08166205744640419,0.03506764237670735
AVMD,IMF3,background_dynamic_mode,39.90785813630041,442,44200,44599,221.0,222.995,222.0,stable_10deg,stable_10deg,0.0,10.0,0.0,35.5,36.855416465632224,0.025102549687684304,0.2520552003290637,0.0006301380008226592,0.03158792019969764,0.01588882621283535
AVMD,IMF4,background_dynamic_mode,54.08118915159944,442,44200,44599,221.0,222.995,222.0,stable_10deg,stable_10deg,0.0,10.0,0.0,53.0,52.87186648852738,0.01831579078402288,0.13418727681763898,0.00033546819204409743,0.022995072419008836,0.011881542506673887
AVMD,IMF5,background_dynamic_mode,59.97479137691238,442,44200,44599,221.0,222.995,222.0,stable_10deg,stable_10deg,0.0,10.0,0.0,60.0,60.620509259029284,0.02358718924743978,0.22254219863781544,0.0005563554965945386,0.031831385693636055,0.00991515561008297
AVMD,IMF6,background_dynamic_mode,80.04607093184978,442,44200,44599,221.0,222.995,222.0,stable_10deg,stable_10deg,0.0,10.0,0.0,80.0,79.95764010580844,0.04591274847471064,0.8431921890008178,0.0021079804725020446,0.0632827666158286,0.014339061504991535
AVMD,IMF7,background_dynamic_mode,90.29468011126563,442,44200,44599,221.0,222.995,222.0,stable_10deg,stable_10deg,0.0,10.0,0.0,90.0,91.25108737729511,0.01889256597949131,0.142771619715773,0.00035692904928943253,0.023984255405591598,0.012039858775174939
AVMD,IMF1,angle_position_mode,0.008692628650904,443,44300,44699,221.5,223.495,222.5,stable_10deg,stable_10deg,0.0,10.0,0.0,,,0.12128964133624878,5.884470838190348,0.01471117709547587,0.1216337449779001,0.02460014381064832
AVMD,IMF2,background_dynamic_mode,17.793810848400554,443,44300,44699,221.5,223.495,222.5,stable_10deg,stable_10deg,0.0,10.0,0.0,16.0,17.486157201697168,0.06828845307622237,1.8653251294173703,0.0046633128235434255,0.08837469540490192,0.03911163865934962
AVMD,IMF3,background_dynamic_mode,39.90785813630041,443,44300,44699,221.5,223.495,222.5,stable_10deg,stable_10deg,0.0,10.0,0.0,35.0,36.988010912476476,0.025893567484039898,0.2681907348202113,0.0006704768370505282,0.03349009575707217,0.014938004431348061
AVMD,IMF4,background_dynamic_mode,54.08118915159944,443,44300,44699,221.5,223.495,222.5,stable_10deg,stable_10deg,0.0,10.0,0.0,53.0,52.74817285639948,0.01780529274794016,0.1268113799359402,0.0003170284498398505,0.022595344394207056,0.011113209540424248
AVMD,IMF5,background_dynamic_mode,59.97479137691238,443,44300,44699,221.5,223.495,222.5,stable_10deg,stable_10deg,0.0,10.0,0.0,60.0,60.71890218666548,0.023672109276090154,0.22414750303166142,0.0005603687575791536,0.03153432567199438,0.0112828112788228
AVMD,IMF6,background_dynamic_mode,80.04607093184978,443,44300,44699,221.5,223.495,222.5,stable_10deg,stable_10deg,0.0,10.0,0.0,80.0,79.92752582944595,0.045462120038348396,0.8267217433524794,0.0020668043583811986,0.06301096004822286,0.013048517751360086
AVMD,IMF7,background_dynamic_mode,90.29468011126563,443,44300,44699,221.5,223.495,222.5,stable_10deg,stable_10deg,0.0,10.0,0.0,90.0,91.60471411305424,0.021645345092940752,0.18740838567699775,0.00046852096419249434,0.02791298619264307,0.012640700276959332
AVMD,IMF1,angle_position_mode,0.008692628650904,444,44400,44799,222.0,223.995,223.0,stable_10deg,stable_10deg,0.0,10.000000316776216,5.1793123157390783e-05,,,0.12353606439003206,6.10446368199126,0.015261159204978149,0.12379579793795159,0.02428071708778999
AVMD,IMF2,background_dynamic_mode,17.793810848400554,444,44400,44799,222.0,223.995,223.0,stable_10deg,stable_10deg,0.0,10.000000316776216,5.1793123157390783e-05,16.0,17.254489339836844,0.06515637466409446,1.6981412637471403,0.004245353159367851,0.08437374355774885,0.03715454942446457
AVMD,IMF3,background_dynamic_mode,39.90785813630041,444,44400,44799,222.0,223.995,223.0,stable_10deg,stable_10deg,0.0,10.000000316776216,5.1793123157390783e-05,35.0,36.168524494582186,0.022436928478766657,0.20136630382451612,0.0005034157595612903,0.028639994803005043,0.013622806032368161
AVMD,IMF4,background_dynamic_mode,54.08118915159944,444,44400,44799,222.0,223.995,223.0,stable_10deg,stable_10deg,0.0,10.000000316776216,5.1793123157390783e-05,53.5,53.10826066672535,0.01684626362864325,0.11351863929829935,0.00028379659824574836,0.02119670659738493,0.010819663316051872
AVMD,IMF5,background_dynamic_mode,59.97479137691238,444,44400,44799,222.0,223.995,223.0,stable_10deg,stable_10deg,0.0,10.000000316776216,5.1793123157390783e-05,60.0,60.89237921708287,0.023504191424855207,0.2209788058144948,0.000552447014536237,0.031056681685535638,0.011909597565057165
AVMD,IMF6,background_dynamic_mode,80.04607093184978,444,44400,44799,222.0,223.995,223.0,stable_10deg,stable_10deg,0.0,10.000000316776216,5.1793123157390783e-05,80.0,79.89861006137396,0.04744560771459508,0.9004342765628978,0.0022510856914072443,0.06603246087326005,0.012644904733770654
AVMD,IMF7,background_dynamic_mode,90.29468011126563,444,44400,44799,222.0,223.995,223.0,stable_10deg,stable_10deg,0.0,10.000000316776216,5.1793123157390783e-05,90.0,91.76022000338276,0.021181312045979412,0.179459191995661,0.0004486479799891525,0.027850874184751948,0.010946981300714429
AVMD,IMF1,angle_position_mode,0.008692628650904,445,44500,44899,222.5,224.495,223.5,stable_10deg,stable_10deg,0.0,10.000000316776216,5.1793123157390783e-05,,,0.12081025667468961,5.838047247121754,0.014595118117804385,0.12122262548421833,0.02245483565094889
AVMD,IMF2,background_dynamic_mode,17.793810848400554,445,44500,44899,222.5,224.495,223.5,stable_10deg,stable_10deg,0.0,10.000000316776216,5.1793123157390783e-05,16.0,17.082446084502223,0.06869202779502259,1.8874378730368628,0.004718594682592157,0.08894879155448318,0.03904682489832878
AVMD,IMF3,background_dynamic_mode,39.90785813630041,445,44500,44899,222.5,224.495,223.5,stable_10deg,stable_10deg,0.0,10.000000316776216,5.1793123157390783e-05,35.5,35.801894439262234,0.024501934561690735,0.24013791890615,0.000600344797265375,0.03124771236689018,0.015002597539452121
AVMD,IMF4,background_dynamic_mode,54.08118915159944,445,44500,44899,222.5,224.495,223.5,stable_10deg,stable_10deg,0.0,10.000000316776216,5.1793123157390783e-05,55.0,53.63015380654527,0.016526614243530934,0.10925159134179183,0.00027312897835447955,0.020906307085453255,0.0104443108145048
AVMD,IMF5,background_dynamic_mode,59.97479137691238,445,44500,44899,222.5,224.495,223.5,stable_10deg,stable_10deg,0.0,10.000000316776216,5.1793123157390783e-05,60.0,60.9550447508337,0.02401457232514441,0.23067987358383674,0.0005766996839595918,0.031545455664564716,0.012612108747366643
AVMD,IMF6,background_dynamic_mode,80.04607093184978,445,44500,44899,222.5,224.495,223.5,stable_10deg,stable_10deg,0.0,10.000000316776216,5.1793123157390783e-05,80.0,79.98933016163714,0.046067693970637154,0.8488929711089116,0.002122232427772279,0.06399286708527967,0.012628601828966019
AVMD,IMF7,background_dynamic_mode,90.29468011126563,445,44500,44899,222.5,224.495,223.5,stable_10deg,stable_10deg,0.0,10.000000316776216,5.1793123157390783e-05,92.0,91.83382648734629,0.022949624861816505,0.2106741125192425,0.0005266852812981063,0.02930909186565593,0.01306862226224305
AVMD,IMF1,angle_position_mode,0.008692628650904,446,44600,44999,223.0,224.995,224.0,stable_10deg,stable_10deg,0.0,10.000000316776216,5.1793123157390783e-05,,,0.11787899087921173,5.558182596280513,0.013895456490701284,0.11846525277394962,0.02206541498623402
AVMD,IMF2,background_dynamic_mode,17.793810848400554,446,44600,44999,223.0,224.995,224.0,stable_10deg,stable_10deg,0.0,10.000000316776216,5.1793123157390783e-05,16.0,17.146063177749703,0.0719686199541968,2.0717929032446456,0.005179482258111614,0.09487829343494766,0.03663198805005739
AVMD,IMF3,background_dynamic_mode,39.90785813630041,446,44600,44999,223.0,224.995,224.0,stable_10deg,stable_10deg,0.0,10.000000316776216,5.1793123157390783e-05,35.0,36.73806632336768,0.023949204764799385,0.22942576354651578,0.0005735644088662895,0.030603250033042668,0.01455498720860369
AVMD,IMF4,background_dynamic_mode,54.08118915159944,446,44600,44999,223.0,224.995,224.0,stable_10deg,stable_10deg,0.0,10.000000316776216,5.1793123157390783e-05,53.0,52.60028692869417,0.016287661063013312,0.10611516116143996,0.0002652879029035999,0.021356483906815344,0.008702611820164154
AVMD,IMF5,background_dynamic_mode,59.97479137691238,446,44600,44999,223.0,224.995,224.0,stable_10deg,stable_10deg,0.0,10.000000316776216,5.1793123157390783e-05,60.0,60.48535776153023,0.0215765761886028,0.18621945600903256,0.0004655486400225814,0.0282053259608137,0.011678712457996595
AVMD,IMF6,background_dynamic_mode,80.04607093184978,446,44600,44999,223.0,224.995,224.0,stable_10deg,stable_10deg,0.0,10.000000316776216,5.1793123157390783e-05,80.0,79.98743536016032,0.04764399557596194,0.9079801257769122,0.0022699503144422806,0.06654013553903684,0.011245577437424277
AVMD,IMF7,background_dynamic_mode,90.29468011126563,446,44600,44999,223.0,224.995,224.0,stable_10deg,stable_10deg,0.0,10.000000316776216,5.1793123157390783e-05,90.0,91.12616318735911,0.023318940488263162,0.2175091941980636,0.000543772985495159,0.030188947148745923,0.013096977683669174
AVMD,IMF1,angle_position_mode,0.008692628650904,447,44700,45099,223.5,225.495,224.5,stable_10deg,stable_10deg,0.0,10.000000316776216,5.1793123157390783e-05,,,0.11818664816576917,5.587233521863723,0.013968083804659309,0.11844868154438375,0.02184562544800912
AVMD,IMF2,background_dynamic_mode,17.793810848400554,447,44700,45099,223.5,225.495,224.5,stable_10deg,stable_10deg,0.0,10.000000316776216,5.1793123157390783e-05,16.0,17.167304592666014,0.06810807545082412,1.8554839766460602,0.004638709941615151,0.09033944305727591,0.03330751371661378
AVMD,IMF3,background_dynamic_mode,39.90785813630041,447,44700,45099,223.5,225.495,224.5,stable_10deg,stable_10deg,0.0,10.000000316776216,5.1793123157390783e-05,35.0,36.48314094503426,0.02232311611740702,0.1993286052764948,0.0004983215131912369,0.02823614773319327,0.01406245033464945
AVMD,IMF4,background_dynamic_mode,54.08118915159944,447,44700,45099,223.5,225.495,224.5,stable_10deg,stable_10deg,0.0,10.000000316776216,5.1793123157390783e-05,53.5,52.63043334964379,0.014841231390688086,0.08810485967677817,0.00022026214919194543,0.019739864784769575,0.007165239931861937
AVMD,IMF5,background_dynamic_mode,59.97479137691238,447,44700,45099,223.5,225.495,224.5,stable_10deg,stable_10deg,0.0,10.000000316776216,5.1793123157390783e-05,60.0,60.390770932701216,0.020193864340731033,0.16311686280473933,0.0004077921570118483,0.026685495431630755,0.010217004308916654
AVMD,IMF6,background_dynamic_mode,80.04607093184978,447,44700,45099,223.5,225.495,224.5,stable_10deg,stable_10deg,0.0,10.000000316776216,5.1793123157390783e-05,80.0,79.91211587670462,0.048945815477829856,0.9582771411159077,0.002395692852789769,0.06862286417969996,0.009312304768703386
AVMD,IMF7,background_dynamic_mode,90.29468011126563,447,44700,45099,223.5,225.495,224.5,stable_10deg,stable_10deg,0.0,10.000000316776216,5.1793123157390783e-05,90.0,90.69908020917175,0.02216762320922096,0.19656140749839673,0.0004914035187459919,0.02922879812205662,0.011308100240148658
AVMD,IMF1,angle_position_mode,0.008692628650904,448,44800,45199,224.0,225.995,225.0,stable_10deg,stable_10deg,0.0,10.0,0.0,,,0.11354053988341486,5.156581678806928,0.012891454197017321,0.11399566994533332,0.02206662370566084
AVMD,IMF2,background_dynamic_mode,17.793810848400554,448,44800,45199,224.0,225.995,225.0,stable_10deg,stable_10deg,0.0,10.0,0.0,16.0,16.859379296732907,0.06649617933659155,1.7686967465456582,0.004421741866364145,0.08742852028366375,0.03448502352503761
AVMD,IMF3,background_dynamic_mode,39.90785813630041,448,44800,45199,224.0,225.995,225.0,stable_10deg,stable_10deg,0.0,10.0,0.0,35.5,36.48203472330762,0.022874979198833755,0.20930586933883077,0.0005232646733470769,0.029356287268211014,0.013593728446513402
AVMD,IMF4,background_dynamic_mode,54.08118915159944,448,44800,45199,224.0,225.995,225.0,stable_10deg,stable_10deg,0.0,10.0,0.0,53.0,52.42056745617051,0.016083077927342683,0.10346615824679097,0.00025866539561697743,0.021241811962073087,0.008122889438463054
AVMD,IMF5,background_dynamic_mode,59.97479137691238,448,44800,45199,224.0,225.995,225.0,stable_10deg,stable_10deg,0.0,10.0,0.0,60.0,60.65475617447138,0.01901758699298371,0.14466744601428128,0.0003616686150357032,0.024786303112767152,0.010378171470626895
AVMD,IMF6,background_dynamic_mode,80.04607093184978,448,44800,45199,224.0,225.995,225.0,stable_10deg,stable_10deg,0.0,10.0,0.0,80.0,79.8506308069544,0.047960581978461904,0.9200869694851058,0.0023002174237127648,0.06699341213095505,0.010444578058569397
AVMD,IMF7,background_dynamic_mode,90.29468011126563,448,44800,45199,224.0,225.995,225.0,stable_10deg,stable_10deg,0.0,10.0,0.0,90.0,90.38265471331265,0.021936975057998846,0.1924923498781054,0.0004812308746952635,0.027925225409914597,0.013476564282933232
AVMD,IMF1,angle_position_mode,0.008692628650904,449,44900,45299,224.5,226.495,225.5,stable_10deg,stable_10deg,0.0,10.0,0.0,,,0.11863750445914058,5.62994298571704,0.0140748574642926,0.1185451226970132,0.026918497791829525
AVMD,IMF2,background_dynamic_mode,17.793810848400554,449,44900,45299,224.5,226.495,225.5,stable_10deg,stable_10deg,0.0,10.0,0.0,16.0,17.25797325265693,0.06181056378815893,1.5282183183240257,0.003820545795810064,0.08125895413591948,0.03216536600510467
AVMD,IMF3,background_dynamic_mode,39.90785813630041,449,44900,45299,224.5,226.495,225.5,stable_10deg,stable_10deg,0.0,10.0,0.0,35.0,36.33878631652383,0.026017421054203523,0.2707624793246851,0.0006769061983117128,0.03254756603350603,0.01713105163550052
AVMD,IMF4,background_dynamic_mode,54.08118915159944,449,44900,45299,224.5,226.495,225.5,stable_10deg,stable_10deg,0.0,10.0,0.0,53.0,52.92406850336275,0.015927631496194042,0.10147577803142097,0.00025368944507855244,0.02100495094109971,0.008235342350539783
AVMD,IMF5,background_dynamic_mode,59.97479137691238,449,44900,45299,224.5,226.495,225.5,stable_10deg,stable_10deg,0.0,10.0,0.0,60.0,60.71215630605675,0.01745530091527112,0.12187501201706592,0.0003046875300426648,0.022928268655646615,0.009133405770166612
AVMD,IMF6,background_dynamic_mode,80.04607093184978,449,44900,45299,224.5,226.495,225.5,stable_10deg,stable_10deg,0.0,10.0,0.0,80.0,79.81678056028103,0.04759356915824114,0.9060591300881127,0.0022651478252202818,0.0662675510441597,0.011744779509304666
AVMD,IMF7,background_dynamic_mode,90.29468011126563,449,44900,45299,224.5,226.495,225.5,stable_10deg,stable_10deg,0.0,10.0,0.0,90.0,90.73729031745896,0.01991201424900411,0.1585953245810171,0.00039648831145254275,0.025707780488083563,0.012068844997098434
AVMD,IMF1,angle_position_mode,0.008692628650904,450,45000,45399,225.0,226.995,226.0,stable_10deg,stable_10deg,0.0,10.0,0.0,,,0.12199540580871954,5.953151615373664,0.01488287903843416,0.1222967406321768,0.026058236451599198
AVMD,IMF2,background_dynamic_mode,17.793810848400554,450,45000,45399,225.0,226.995,226.0,stable_10deg,stable_10deg,0.0,10.0,0.0,16.0,17.116318739973426,0.06724734577945568,1.8088822057526703,0.004522205514381676,0.08782998967891816,0.036668704683975914
AVMD,IMF3,background_dynamic_mode,39.90785813630041,450,45000,45399,225.0,226.995,226.0,stable_10deg,stable_10deg,0.0,10.0,0.0,35.0,36.24347672955434,0.026453542372174718,0.27991596161457727,0.0006997899040364432,0.03356481269490718,0.016520999132934016
AVMD,IMF4,background_dynamic_mode,54.08118915159944,450,45000,45399,225.0,226.995,226.0,stable_10deg,stable_10deg,0.0,10.0,0.0,53.5,52.88101180321419,0.01887358739306884,0.1424849204335228,0.000356212301083807,0.023245546733463927,0.013043661328513109
AVMD,IMF5,background_dynamic_mode,59.97479137691238,450,45000,45399,225.0,226.995,226.0,stable_10deg,stable_10deg,0.0,10.0,0.0,60.0,61.13937588793195,0.017748449368796854,0.1260029819986982,0.0003150074549967455,0.02332967014761995,0.009305820800221215
AVMD,IMF6,background_dynamic_mode,80.04607093184978,450,45000,45399,225.0,226.995,226.0,stable_10deg,stable_10deg,0.0,10.0,0.0,80.0,79.69797851146183,0.04693450942477484,0.8811392699777113,0.002202848174944278,0.06518712657729403,0.012447043445978084
AVMD,IMF7,background_dynamic_mode,90.29468011126563,450,45000,45399,225.0,226.995,226.0,stable_10deg,stable_10deg,0.0,10.0,0.0,90.0,91.33995201434261,0.018017440939600945,0.12985127120480328,0.00032462817801200817,0.023351061088195384,0.010600619563220445
AVMD,IMF1,angle_position_mode,0.008692628650904,451,45100,45499,225.5,227.495,226.5,stable_10deg,stable_10deg,0.0,10.0,0.0,,,0.12400327215383918,6.150724601943643,0.015376811504859107,0.12441017737319342,0.02484316843659434
AVMD,IMF2,background_dynamic_mode,17.793810848400554,451,45100,45499,225.5,227.495,226.5,stable_10deg,stable_10deg,0.0,10.0,0.0,16.0,16.797983588500003,0.06689550858238907,1.7900036273985964,0.004475009068496491,0.08662034108574806,0.03789186831362559
AVMD,IMF3,background_dynamic_mode,39.90785813630041,451,45100,45499,225.5,227.495,226.5,stable_10deg,stable_10deg,0.0,10.0,0.0,35.5,36.47214067322092,0.02611101827506745,0.27271411014436253,0.0006817852753609064,0.033010959742201196,0.016559607914848628
AVMD,IMF4,background_dynamic_mode,54.08118915159944,451,45100,45499,225.5,227.495,226.5,stable_10deg,stable_10deg,0.0,10.0,0.0,53.0,52.280167191138425,0.019831292230738207,0.15731206061637504,0.0003932801515409376,0.024707716205003186,0.013245320473190863
AVMD,IMF5,background_dynamic_mode,59.97479137691238,451,45100,45499,225.5,227.495,226.5,stable_10deg,stable_10deg,0.0,10.0,0.0,60.0,60.57294925364669,0.019022196654688375,0.14473758622785504,0.00036184396556963763,0.024622029726256444,0.010763908591610735
AVMD,IMF6,background_dynamic_mode,80.04607093184978,451,45100,45499,225.5,227.495,226.5,stable_10deg,stable_10deg,0.0,10.0,0.0,80.0,79.85481646889225,0.04595940581635959,0.8449067931971311,0.002112266982992828,0.06300273480960004,0.01573999194591034
AVMD,IMF7,background_dynamic_mode,90.29468011126563,451,45100,45499,225.5,227.495,226.5,stable_10deg,stable_10deg,0.0,10.0,0.0,90.0,91.45639531326557,0.021425334632557358,0.18361798564682472,0.00045904496411706177,0.026626416655062587,0.014436110214307405
AVMD,IMF1,angle_position_mode,0.008692628650904,452,45200,45599,226.0,227.995,227.0,stable_10deg,stable_10deg,0.0,10.0,0.0,,,0.12669872120530498,6.421026382023839,0.016052565955059595,0.12684499764702048,0.027617460471676344
AVMD,IMF2,background_dynamic_mode,17.793810848400554,452,45200,45599,226.0,227.995,227.0,stable_10deg,stable_10deg,0.0,10.0,0.0,16.0,16.661370991383947,0.06633487555260775,1.760126285831983,0.004400315714579958,0.08640389271288429,0.037028741580967604
AVMD,IMF3,background_dynamic_mode,39.90785813630041,452,45200,45599,226.0,227.995,227.0,stable_10deg,stable_10deg,0.0,10.0,0.0,35.0,36.866119316040304,0.02846141890617815,0.32402094646118196,0.0008100523661529549,0.03646795765585718,0.016889832101011824
AVMD,IMF4,background_dynamic_mode,54.08118915159944,452,45200,45599,226.0,227.995,227.0,stable_10deg,stable_10deg,0.0,10.0,0.0,53.0,52.55118569750821,0.018658434008617723,0.13925486386157696,0.0003481371596539424,0.022510960843394958,0.013797182488799943
AVMD,IMF5,background_dynamic_mode,59.97479137691238,452,45200,45599,226.0,227.995,227.0,stable_10deg,stable_10deg,0.0,10.0,0.0,60.0,61.07218107011551,0.019276805632931073,0.14863809416392126,0.00037159523540980315,0.024652066088618155,0.011639348375340858
AVMD,IMF6,background_dynamic_mode,80.04607093184978,452,45200,45599,226.0,227.995,227.0,stable_10deg,stable_10deg,0.0,10.0,0.0,80.0,79.91878256617441,0.04583809141546102,0.8404522498448642,0.0021011306246121607,0.06293489133178007,0.015311232619103426
AVMD,IMF7,background_dynamic_mode,90.29468011126563,452,45200,45599,226.0,227.995,227.0,stable_10deg,stable_10deg,0.0,10.0,0.0,90.5,91.1552556647913,0.021707982172812827,0.18849459600606383,0.00047123649001515957,0.027744511463917047,0.013233658527815478
AVMD,IMF1,angle_position_mode,0.008692628650904,453,45300,45699,226.5,228.495,227.5,stable_10deg,stable_10deg,0.0,10.0,0.0,,,0.11953277954919142,5.715234154702237,0.014288085386755594,0.11982531019946029,0.02431920794519616
AVMD,IMF2,background_dynamic_mode,17.793810848400554,453,45300,45699,226.5,228.495,227.5,stable_10deg,stable_10deg,0.0,10.0,0.0,16.0,16.876487112328178,0.07056346174800816,1.991680853545044,0.0049792021338626105,0.0921332028688096,0.03837360862432988
AVMD,IMF3,background_dynamic_mode,39.90785813630041,453,45300,45699,226.5,228.495,227.5,stable_10deg,stable_10deg,0.0,10.0,0.0,35.5,36.33916834728371,0.024836990720573417,0.24675044322154,0.00061687610805385,0.03209508392509306,0.014280652505240073
AVMD,IMF4,background_dynamic_mode,54.08118915159944,453,45300,45699,226.5,228.495,227.5,stable_10deg,stable_10deg,0.0,10.0,0.0,53.0,52.568507925917245,0.018222816685061857,0.1328284191749475,0.0003320710479373688,0.021419480033669797,0.014253827185460678
AVMD,IMF5,background_dynamic_mode,59.97479137691238,453,45300,45699,226.5,228.495,227.5,stable_10deg,stable_10deg,0.0,10.0,0.0,59.5,62.70567077773095,0.019492129227733468,0.1519772407322645,0.0003799431018306613,0.02469951199407389,0.012308247384948914
AVMD,IMF6,background_dynamic_mode,80.04607093184978,453,45300,45699,226.5,228.495,227.5,stable_10deg,stable_10deg,0.0,10.0,0.0,80.0,79.7439687365742,0.04603358023030147,0.8476362035278409,0.002119090508819602,0.06339602821819951,0.014685245010669796
AVMD,IMF7,background_dynamic_mode,90.29468011126563,453,45300,45699,226.5,228.495,227.5,stable_10deg,stable_10deg,0.0,10.0,0.0,90.0,91.74327157012236,0.02237540261571045,0.20026345688605685,0.0005006586422151421,0.028824573167720312,0.013001585360345557
AVMD,IMF1,angle_position_mode,0.008692628650904,454,45400,45799,227.0,228.995,228.0,stable_10deg,stable_10deg,0.0,10.0,0.0,,,0.12443923544787322,6.19404932754049,0.015485123318851227,0.12439522838502637,0.02644614151107881
AVMD,IMF2,background_dynamic_mode,17.793810848400554,454,45400,45799,227.0,228.995,228.0,stable_10deg,stable_10deg,0.0,10.0,0.0,16.0,17.11905108490243,0.06460577472857103,1.6695624513115468,0.004173906128278867,0.08390466665580783,0.036195806767454874
AVMD,IMF3,background_dynamic_mode,39.90785813630041,454,45400,45799,227.0,228.995,228.0,stable_10deg,stable_10deg,0.0,10.0,0.0,35.0,35.465228529694194,0.02895984060269002,0.33546894709328534,0.0008386723677332134,0.03699298460827533,0.01752455385105843
AVMD,IMF4,background_dynamic_mode,54.08118915159944,454,45400,45799,227.0,228.995,228.0,stable_10deg,stable_10deg,0.0,10.0,0.0,54.0,52.08011845359983,0.014756566352823339,0.08710250021011116,0.0002177562505252779,0.018528783225640583,0.009725208429602361
AVMD,IMF5,background_dynamic_mode,59.97479137691238,454,45400,45799,227.0,228.995,228.0,stable_10deg,stable_10deg,0.0,10.0,0.0,60.0,63.10270758794135,0.01996613941239412,0.15945868921406314,0.00039864672303515785,0.024971796088833976,0.013130038954851746
AVMD,IMF6,background_dynamic_mode,80.04607093184978,454,45400,45799,227.0,228.995,228.0,stable_10deg,stable_10deg,0.0,10.0,0.0,80.0,79.79804107749737,0.04380503800075123,0.7675525416989036,0.001918881354247259,0.05956996000737888,0.016507856475691387
AVMD,IMF7,background_dynamic_mode,90.29468011126563,454,45400,45799,227.0,228.995,228.0,stable_10deg,stable_10deg,0.0,10.0,0.0,90.0,91.84472480734675,0.02319724097756076,0.21524479558840962,0.0005381119889710241,0.02992880689665708,0.013225592418813027
AVMD,IMF1,angle_position_mode,0.008692628650904,455,45500,45899,227.5,229.495,228.5,stable_10deg,stable_10deg,0.0,10.0,0.0,,,0.1300574617479541,6.765977342528219,0.016914943356320548,0.1299484447288953,0.028401047510673842
AVMD,IMF2,background_dynamic_mode,17.793810848400554,455,45500,45899,227.5,229.495,228.5,stable_10deg,stable_10deg,0.0,10.0,0.0,16.0,17.25334132651406,0.0656915431411526,1.726151536106365,0.004315378840265912,0.08551367454636048,0.03645170316297142
AVMD,IMF3,background_dynamic_mode,39.90785813630041,455,45500,45899,227.5,229.495,228.5,stable_10deg,stable_10deg,0.0,10.0,0.0,35.0,35.25028589157997,0.029148581345801748,0.3398559177891287,0.0008496397944728217,0.037617629487696785,0.016821183859352093
AVMD,IMF4,background_dynamic_mode,54.08118915159944,455,45500,45899,227.5,229.495,228.5,stable_10deg,stable_10deg,0.0,10.0,0.0,53.5,51.89496406044601,0.015181447561056173,0.09219054001963937,0.00023047635004909843,0.018492391050595115,0.011020456962200748
AVMD,IMF5,background_dynamic_mode,59.97479137691238,455,45500,45899,227.5,229.495,228.5,stable_10deg,stable_10deg,0.0,10.0,0.0,63.0,62.67980363314043,0.018772527942800946,0.14096312214529694,0.00035240780536324235,0.023636074159396437,0.012105660481296056
AVMD,IMF6,background_dynamic_mode,80.04607093184978,455,45500,45899,227.5,229.495,228.5,stable_10deg,stable_10deg,0.0,10.0,0.0,80.0,79.74593575760326,0.04592054547921393,0.843478598843422,0.002108696497108555,0.06311917136790317,0.01496553746628153
AVMD,IMF7,background_dynamic_mode,90.29468011126563,455,45500,45899,227.5,229.495,228.5,stable_10deg,stable_10deg,0.0,10.0,0.0,90.0,91.47971494891482,0.020319073197722012,0.165145894245754,0.000412864735614385,0.026508453877865,0.011168486114520457
AVMD,IMF1,angle_position_mode,0.008692628650904,456,45600,45999,228.0,229.995,229.0,stable_10deg,stable_10deg,0.0,10.0,0.0,,,0.1285648545417501,6.611568729336545,0.016528921823341362,0.1286207635408886,0.02492835662666326
AVMD,IMF2,background_dynamic_mode,17.793810848400554,456,45600,45999,228.0,229.995,229.0,stable_10deg,stable_10deg,0.0,10.0,0.0,16.0,17.41749355471155,0.06439709477548929,1.6587943262093399,0.00414698581552335,0.08235743758381658,0.03849056469949634
AVMD,IMF3,background_dynamic_mode,39.90785813630041,456,45600,45999,228.0,229.995,229.0,stable_10deg,stable_10deg,0.0,10.0,0.0,35.0,35.69890352765677,0.030799731193365616,0.3794493766334316,0.000948623441583579,0.038809239966055786,0.01993263681096254
AVMD,IMF4,background_dynamic_mode,54.08118915159944,456,45600,45999,228.0,229.995,229.0,stable_10deg,stable_10deg,0.0,10.0,0.0,53.0,52.11166134206572,0.017580382513595127,0.12362793972972852,0.0003090698493243213,0.02187383168311419,0.011801575375647945
AVMD,IMF5,background_dynamic_mode,59.97479137691238,456,45600,45999,228.0,229.995,229.0,stable_10deg,stable_10deg,0.0,10.0,0.0,60.0,61.97777889379325,0.01870297087364651,0.13992044780018786,0.00034980111950046964,0.024084964104394202,0.010914752261724949
AVMD,IMF6,background_dynamic_mode,80.04607093184978,456,45600,45999,228.0,229.995,229.0,stable_10deg,stable_10deg,0.0,10.0,0.0,80.0,79.89988214418075,0.04569820237191669,0.8353302800098611,0.0020883257000246526,0.062207909891181676,0.0173358885007073
AVMD,IMF7,background_dynamic_mode,90.29468011126563,456,45600,45999,228.0,229.995,229.0,stable_10deg,stable_10deg,0.0,10.0,0.0,90.0,91.37023455909545,0.020628967143381617,0.17022171416108733,0.00042555428540271836,0.026905957884655995,0.011223689130365384
