time,CH1
37:44.163,1549.926989
37:44.164,1549.926188
37:44.165,1549.926989
37:44.166,1549.926989
37:44.167,1549.926188
37:44.168,1549.926989
37:44.168,1549.926989
37:44.169,1549.926188
37:44.170,1549.925387
37:44.171,1549.926188
37:44.171,1549.925387
37:44.172,1549.925387
37:44.173,1549.926188
37:44.178,1549.926188
37:44.182,1549.926989
37:44.191,1549.925387
37:44.326,1549.924585
37:44.350,1549.925387
37:44.356,1549.925387
37:44.357,1549.926989
37:44.358,1549.928592
37:44.358,1549.927791
37:44.359,1549.926989
37:44.360,1549.925387
37:44.361,1549.926188
37:44.361,1549.927791
37:44.362,1549.926989
37:44.363,1549.926989
37:44.364,1549.926989
37:44.365,1549.927791
37:44.367,1549.927791
37:44.368,1549.925387
37:44.368,1549.927791
37:44.369,1549.926989
37:44.370,1549.927791
37:44.370,1549.926188
37:44.371,1549.926188
37:44.372,1549.926188
37:44.373,1549.926989
37:44.374,1549.926989
37:44.374,1549.926188
37:44.375,1549.926989
37:44.375,1549.926188
37:44.375,1549.926989
37:44.409,1549.927791
37:44.414,1549.925387
37:44.414,1549.926188
37:44.414,1549.926989
37:44.415,1549.926989
37:44.415,1549.926989
37:44.415,1549.925387
37:44.415,1549.926989
37:44.415,1549.926989
37:44.416,1549.927791
37:44.416,1549.926989
37:44.416,1549.926188
37:44.416,1549.926188
37:44.417,1549.926989
37:44.417,1549.927791
37:44.417,1549.926188
37:44.417,1549.927791
37:44.418,1549.927791
37:44.423,1549.927791
37:44.427,1549.926989
37:44.433,1549.925387
37:44.438,1549.926188
37:44.472,1549.926188
37:44.474,1549.928592
37:44.474,1549.927791
37:44.475,1549.926989
37:44.475,1549.928592
37:44.475,1549.926989
37:44.475,1549.926989
37:44.477,1549.924585
37:44.482,1549.926188
37:44.487,1549.927791
37:44.492,1549.927791
37:44.497,1549.927791
37:44.522,1549.925387
37:44.524,1549.926989
37:44.525,1549.926188
37:44.525,1549.926989
37:44.525,1549.927791
37:44.527,1549.926188
37:44.532,1549.926989
37:44.537,1549.926188
37:44.543,1549.926989
37:44.547,1549.926188
37:44.552,1549.926989
37:44.576,1549.926989
37:44.577,1549.926188
37:44.582,1549.927791
37:44.582,1549.926989
37:44.583,1549.926188
37:44.583,1549.926188
37:44.587,1549.925387
37:44.593,1549.926989
37:44.597,1549.926188
37:44.602,1549.927791
37:44.608,1549.926989
37:44.632,1549.926989
37:44.635,1549.926989
37:44.635,1549.928592
37:44.635,1549.927791
37:44.635,1549.926989
37:44.637,1549.926188
37:44.643,1549.925387
37:44.648,1549.927791
37:44.653,1549.926188
37:44.657,1549.926188
37:44.662,1549.926989
37:44.686,1549.926188
37:44.693,1549.926188
37:44.694,1549.926188
37:44.694,1549.926989
37:44.694,1549.926188
37:44.695,1549.927791
37:44.697,1549.926989
37:44.703,1549.926188
37:44.707,1549.925387
37:44.712,1549.926188
37:44.717,1549.926989
37:44.739,1549.926188
37:44.740,1549.926989
37:44.741,1549.926989
37:44.741,1549.926188
37:44.746,1549.926989
37:44.748,1549.925387
37:44.752,1549.926989
37:44.758,1549.926989
37:44.763,1549.926989
37:44.767,1549.927791
37:44.792,1549.925387
37:44.798,1549.926188
37:44.798,1549.925387
37:44.799,1549.926188
37:44.799,1549.926188
37:44.800,1549.926989
37:44.802,1549.927791
37:44.808,1549.926188
37:44.812,1549.926989
37:44.818,1549.926188
37:44.822,1549.926188
37:44.848,1549.925387
37:44.849,1549.926188
37:44.850,1549.926188
37:44.850,1549.926188
37:44.850,1549.926188
37:44.853,1549.926188
37:44.858,1549.926188
37:44.862,1549.926188
37:44.868,1549.925387
37:44.872,1549.926989
37:44.894,1549.926989
37:44.896,1549.926989
37:44.897,1549.926989
37:44.897,1549.926989
37:44.897,1549.925387
37:44.903,1549.926188
37:44.908,1549.925387
37:44.913,1549.925387
37:44.918,1549.926188
37:44.946,1549.926188
37:44.948,1549.926989
37:44.948,1549.926188
37:44.948,1549.926188
37:44.949,1549.926188
37:44.949,1549.926188
37:44.953,1549.926989
37:44.957,1549.926989
37:44.963,1549.926989
37:44.968,1549.926188
37:44.972,1549.927791
37:45.002,1549.926188
37:45.010,1549.926188
37:45.010,1549.924585
37:45.010,1549.925387
37:45.011,1549.926188
37:45.011,1549.926989
37:45.011,1549.928592
37:45.012,1549.926989
37:45.017,1549.926989
37:45.022,1549.926188
37:45.027,1549.926188
37:45.032,1549.927791
37:45.037,1549.926989
37:45.060,1549.926188
37:45.061,1549.925387
37:45.061,1549.926188
37:45.062,1549.926989
37:45.062,1549.926989
37:45.067,1549.926989
37:45.072,1549.926188
37:45.078,1549.926188
37:45.082,1549.927791
37:45.106,1549.926989
37:45.108,1549.925387
37:45.109,1549.926188
37:45.109,1549.926188
37:45.110,1549.926188
37:45.112,1549.925387
37:45.117,1549.926989
37:45.123,1549.927791
37:45.128,1549.927791
37:45.133,1549.926989
37:45.153,1549.926188
37:45.155,1549.926989
37:45.156,1549.926989
37:45.156,1549.927791
37:45.157,1549.926989
37:45.163,1549.926989
37:45.167,1549.926188
37:45.173,1549.926188
37:45.178,1549.924585
37:45.202,1549.926989
37:45.202,1549.926989
37:45.205,1549.926989
37:45.210,1549.926989
37:45.211,1549.926188
37:45.211,1549.926989
37:45.213,1549.925387
37:45.217,1549.924585
37:45.223,1549.925387
37:45.228,1549.925387
37:45.232,1549.926188
37:45.237,1549.926188
37:45.258,1549.927791
37:45.261,1549.926188
37:45.261,1549.926188
37:45.261,1549.926188
37:45.263,1549.925387
37:45.268,1549.924585
37:45.272,1549.926188
37:45.277,1549.926989
37:45.282,1549.926188
37:45.293,1549.926989
37:45.306,1549.926188
37:45.308,1549.926188
37:45.309,1549.925387
37:45.310,1549.926188
37:45.312,1549.927791
37:45.318,1549.926989
37:45.322,1549.926188
37:45.328,1549.926188
37:45.332,1549.925387
37:45.352,1549.926188
37:45.353,1549.925387
37:45.354,1549.926188
37:45.354,1549.926188
37:45.357,1549.926188
37:45.363,1549.926989
37:45.367,1549.926989
37:45.372,1549.926989
37:45.377,1549.926188
37:45.397,1549.925387
37:45.399,1549.924585
37:45.400,1549.925387
37:45.400,1549.927791
37:45.402,1549.926188
37:45.408,1549.926989
37:45.412,1549.926989
37:45.418,1549.925387
37:45.423,1549.924585
37:45.427,1549.925387
37:45.447,1549.927791
37:45.451,1549.926188
37:45.451,1549.926188
37:45.451,1549.926188
37:45.452,1549.926188
37:45.458,1549.925387
37:45.463,1549.925387
37:45.468,1549.925387
37:45.472,1549.924585
37:45.477,1549.926188
37:45.496,1549.927791
37:45.498,1549.926188
37:45.499,1549.925387
37:45.500,1549.925387
37:45.502,1549.926989
37:45.523,1549.924585
37:45.524,1549.925387
37:45.548,1549.925387
37:45.549,1549.926989
37:45.549,1549.927791
37:45.550,1549.924585
37:45.550,1549.925387
37:45.550,1549.925387
37:45.552,1549.926989
37:45.553,1549.926188
37:45.558,1549.926188
37:45.589,1549.926989
37:45.590,1549.926989
37:45.590,1549.926989
37:45.591,1549.925387
37:45.591,1549.926989
37:45.591,1549.928592
37:45.592,1549.929393
37:45.598,1549.927791
37:45.603,1549.926188
37:45.607,1549.926989
37:45.612,1549.926188
37:45.617,1549.926188
37:45.642,1549.925387
37:45.642,1549.926989
37:45.642,1549.927791
37:45.643,1549.928592
37:45.643,1549.927791
37:45.647,1549.926989
37:45.653,1549.926188
37:45.658,1549.926188
37:45.662,1549.926989
37:45.688,1549.926989
37:45.694,1549.926188
37:45.695,1549.927791
37:45.695,1549.927791
37:45.697,1549.926989
37:45.697,1549.926188
37:45.698,1549.924585
37:45.703,1549.925387
37:45.708,1549.928592
37:45.712,1549.929393
37:45.717,1549.926989
37:45.741,1549.926989
37:45.742,1549.926989
37:45.742,1549.927791
37:45.742,1549.925387
37:45.742,1549.925387
37:45.748,1549.926989
37:45.753,1549.926989
37:45.757,1549.928592
37:45.763,1549.927791
37:45.772,1549.926989
37:45.787,1549.927791
37:45.788,1549.927791
37:45.788,1549.926989
37:45.788,1549.926188
37:45.792,1549.925387
37:45.798,1549.926989
37:45.802,1549.926989
37:45.808,1549.925387
37:45.818,1549.924585
37:45.831,1549.926188
37:45.833,1549.926188
37:45.833,1549.926989
37:45.833,1549.926989
37:45.837,1549.926188
37:45.843,1549.926989
37:45.848,1549.926989
37:45.853,1549.926989
37:45.857,1549.926989
37:45.877,1549.926989
37:45.878,1549.926188
37:45.878,1549.927791
37:45.878,1549.926989
37:45.882,1549.927791
37:45.888,1549.926989
37:45.893,1549.926989
37:45.898,1549.927791
37:45.907,1549.926989
37:45.921,1549.927791
37:45.921,1549.926188
37:45.921,1549.926188
37:45.923,1549.926188
37:45.928,1549.926989
37:45.932,1549.928592
37:45.937,1549.926989
37:45.942,1549.925387
37:45.964,1549.926989
37:45.966,1549.926989
37:45.966,1549.928592
37:45.966,1549.926989
37:45.967,1549.926188
37:45.973,1549.926989
37:45.977,1549.926989
37:45.983,1549.926989
37:45.987,1549.926188
37:46.011,1549.926989
37:46.012,1549.926989
37:46.014,1549.926989
37:46.014,1549.927791
37:46.014,1549.926989
37:46.018,1549.926989
37:46.022,1549.926188
37:46.027,1549.926989
37:46.033,1549.926188
37:46.037,1549.926188
37:46.058,1549.927791
37:46.058,1549.927791
37:46.058,1549.926188
37:46.058,1549.926188
37:46.063,1549.926989
37:46.067,1549.926188
37:46.072,1549.926989
37:46.078,1549.928592
37:46.087,1549.927791
37:46.100,1549.926989
37:46.101,1549.926188
37:46.101,1549.925387
37:46.103,1549.926989
37:46.108,1549.927791
37:46.112,1549.928592
37:46.118,1549.927791
37:46.123,1549.926989
37:46.132,1549.926188
37:46.145,1549.927791
37:46.145,1549.926989
37:46.146,1549.926188
37:46.148,1549.926989
37:46.153,1549.927791
37:46.158,1549.926989
37:46.162,1549.926188
37:46.167,1549.926989
37:46.178,1549.926989
37:46.190,1549.927791
37:46.191,1549.926989
37:46.191,1549.926188
37:46.192,1549.926188
37:46.197,1549.926989
37:46.203,1549.927791
37:46.208,1549.927791
37:46.213,1549.927791
37:46.223,1549.926188
37:46.236,1549.926989
37:46.237,1549.926188
37:46.237,1549.927791
37:46.237,1549.926989
37:46.242,1549.927791
37:46.247,1549.927791
37:46.252,1549.926989
37:46.257,1549.926989
37:46.268,1549.926989
37:46.280,1549.926989
37:46.281,1549.926989
37:46.281,1549.928592
37:46.283,1549.926989
37:46.287,1549.927791
37:46.293,1549.926989
37:46.297,1549.926188
37:46.302,1549.925387
37:46.324,1549.926188
37:46.324,1549.927791
37:46.324,1549.926989
37:46.324,1549.926188
37:46.328,1549.926188
37:46.332,1549.925387
37:46.338,1549.925387
37:46.343,1549.924585
37:46.347,1549.926188
37:46.367,1549.926989
37:46.367,1549.926989
37:46.368,1549.927791
37:46.368,1549.924585
37:46.373,1549.926188
37:46.378,1549.926188
37:46.383,1549.926989
37:46.388,1549.927791
37:46.397,1549.926989
37:46.410,1549.927791
37:46.410,1549.925387
37:46.411,1549.926188
37:46.412,1549.926989
37:46.418,1549.925387
37:46.423,1549.926188
37:46.427,1549.926188
37:46.433,1549.926989
37:46.443,1549.925387
37:46.456,1549.926188
37:46.456,1549.927791
37:46.457,1549.927791
37:46.457,1549.926188
37:46.463,1549.926188
37:46.468,1549.926989
37:46.472,1549.926989
37:46.478,1549.927791
37:46.487,1549.927791
37:46.500,1549.926188
37:46.500,1549.926188
37:46.500,1549.926188
37:46.503,1549.926188
37:46.508,1549.926188
37:46.513,1549.926989
37:46.518,1549.927791
37:46.523,1549.926989
37:46.533,1549.924585
37:46.546,1549.924585
37:46.546,1549.926188
37:46.546,1549.926188
37:46.547,1549.924585
37:46.553,1549.926188
37:46.558,1549.926989
37:46.563,1549.926989
37:46.567,1549.926989
37:46.589,1549.925387
37:46.589,1549.925387
37:46.590,1549.926989
37:46.590,1549.926188
37:46.592,1549.927791
37:46.597,1549.926989
37:46.602,1549.927791
37:46.608,1549.926188
37:46.612,1549.926188
37:46.622,1549.926188
37:46.637,1549.926989
37:46.637,1549.927791
37:46.637,1549.927791
37:46.638,1549.926989
37:46.642,1549.926188
37:46.647,1549.926188
37:46.652,1549.926989
37:46.657,1549.926989
37:46.662,1549.926989
37:46.682,1549.925387
37:46.682,1549.926989
37:46.682,1549.927791
37:46.682,1549.926989
37:46.687,1549.926989
37:46.693,1549.926188
37:46.698,1549.926989
37:46.703,1549.926188
37:46.712,1549.926989
37:46.725,1549.926989
37:46.725,1549.927791
37:46.726,1549.927791
37:46.728,1549.926989
37:46.733,1549.925387
37:46.737,1549.926188
37:46.743,1549.927791
37:46.748,1549.926989
37:46.757,1549.926188
37:46.771,1549.926989
37:46.771,1549.926989
37:46.772,1549.926989
37:46.773,1549.925387
37:46.777,1549.926989
37:46.782,1549.926188
37:46.787,1549.927791
37:46.792,1549.926989
37:46.803,1549.927791
37:46.816,1549.927791
37:46.816,1549.926188
37:46.816,1549.927791
37:46.817,1549.926188
37:46.822,1549.926188
37:46.828,1549.926188
37:46.833,1549.927791
37:46.838,1549.927791
37:46.848,1549.926989
37:46.861,1549.925387
37:46.861,1549.925387
37:46.861,1549.926188
37:46.863,1549.926188
37:46.868,1549.926989
37:46.873,1549.926989
37:46.878,1549.926188
37:46.883,1549.926188
37:46.893,1549.926188
37:46.905,1549.925387
37:46.906,1549.926188
37:46.906,1549.928592
37:46.908,1549.928592
37:46.913,1549.926989
37:46.918,1549.927791
37:46.923,1549.926188
37:46.927,1549.926188
37:46.938,1549.926188
37:46.951,1549.927791
37:46.951,1549.926188
37:46.952,1549.925387
37:46.952,1549.925387
37:46.958,1549.926989
37:46.963,1549.926989
37:46.968,1549.926188
37:46.972,1549.926188
37:46.994,1549.926989
37:46.995,1549.926989
37:46.995,1549.926989
37:46.995,1549.926989
37:46.998,1549.926188
37:47.002,1549.926989
37:47.008,1549.926989
37:47.013,1549.926188
37:47.017,1549.925387
37:47.041,1549.926989
37:47.042,1549.928592
37:47.042,1549.926989
37:47.042,1549.926989
37:47.043,1549.926188
37:47.047,1549.926188
37:47.052,1549.926188
37:47.058,1549.926989
37:47.063,1549.926188
37:47.072,1549.926989
37:47.086,1549.927791
37:47.086,1549.926989
37:47.086,1549.926989
37:47.087,1549.926989
37:47.093,1549.926989
37:47.097,1549.926989
37:47.103,1549.926188
37:47.108,1549.926188
37:47.117,1549.926989
37:47.131,1549.926989
37:47.131,1549.926188
37:47.132,1549.926989
37:47.133,1549.924585
37:47.138,1549.926188
37:47.142,1549.926188
37:47.148,1549.928592
37:47.153,1549.928592
37:47.162,1549.926188
37:47.176,1549.926989
37:47.176,1549.926188
37:47.177,1549.925387
37:47.178,1549.926188
37:47.183,1549.926989
37:47.188,1549.927791
37:47.193,1549.926989
37:47.198,1549.927791
37:47.208,1549.926188
37:47.221,1549.924585
37:47.221,1549.925387
37:47.223,1549.927791
37:47.223,1549.927791
37:47.228,1549.926188
37:47.233,1549.926989
37:47.237,1549.926989
37:47.243,1549.927791
37:47.252,1549.927791
37:47.266,1549.926989
37:47.266,1549.926188
37:47.267,1549.927791
37:47.267,1549.928592
37:47.273,1549.926989
37:47.277,1549.926188
37:47.283,1549.925387
37:47.288,1549.926989
37:47.297,1549.926188
37:47.311,1549.926188
37:47.312,1549.926188
37:47.312,1549.927791
37:47.314,1549.926989
37:47.317,1549.926989
37:47.323,1549.926188
37:47.328,1549.925387
37:47.333,1549.925387
37:47.343,1549.925387
37:47.356,1549.925387
37:47.356,1549.926188
37:47.356,1549.925387
37:47.358,1549.926989
37:47.363,1549.926989
37:47.368,1549.924585
37:47.373,1549.926188
37:47.377,1549.926989
37:47.400,1549.927791
37:47.400,1549.926989
37:47.400,1549.926989
37:47.400,1549.926989
37:47.402,1549.926188
37:47.407,1549.926989
37:47.412,1549.926188
37:47.417,1549.926188
37:47.422,1549.927791
37:47.445,1549.928592
37:47.445,1549.926188
37:47.446,1549.925387
37:47.446,1549.926989
37:47.448,1549.926989
37:47.452,1549.926989
37:47.457,1549.926188
37:47.463,1549.926188
37:47.468,1549.926989
37:47.472,1549.926188
37:47.492,1549.926989
37:47.492,1549.925387
37:47.493,1549.926989
37:47.493,1549.926989
37:47.498,1549.927791
37:47.502,1549.926188
37:47.507,1549.924585
37:47.512,1549.926989
37:47.522,1549.926989
37:47.535,1549.926989
37:47.535,1549.926989
37:47.536,1549.926989
37:47.537,1549.926188
37:47.542,1549.926989
37:47.547,1549.927791
37:47.552,1549.926989
37:47.557,1549.926989
37:47.567,1549.926989
37:47.581,1549.926989
37:47.583,1549.925387
37:47.583,1549.925387
37:47.583,1549.926989
37:47.587,1549.927791
37:47.593,1549.927791
37:47.598,1549.927791
37:47.603,1549.926188
37:47.607,1549.925387
37:47.628,1549.926188
37:47.629,1549.926989
37:47.629,1549.926989
37:47.629,1549.926989
37:47.632,1549.926188
37:47.638,1549.926188
37:47.643,1549.925387
37:47.648,1549.926188
37:47.657,1549.927791
37:47.671,1549.927791
37:47.671,1549.926989
37:47.672,1549.927791
37:47.673,1549.926989
37:47.678,1549.926989
37:47.682,1549.926188
37:47.687,1549.926989
37:47.692,1549.926188
37:47.703,1549.926989
37:47.715,1549.926989
37:47.716,1549.926989
37:47.716,1549.926188
37:47.717,1549.926188
37:47.723,1549.926989
37:47.727,1549.926989
37:47.733,1549.928592
37:47.738,1549.924585
37:47.747,1549.927791
37:47.761,1549.926989
37:47.761,1549.927791
37:47.762,1549.926989
37:47.762,1549.925387
37:47.768,1549.925387
37:47.773,1549.928592
37:47.778,1549.927791
37:47.783,1549.926188
37:47.793,1549.926188
37:47.805,1549.927791
37:47.806,1549.927791
37:47.807,1549.927791
37:47.807,1549.926188
37:47.813,1549.926188
37:47.818,1549.926188
37:47.823,1549.926188
37:47.827,1549.926989
37:47.850,1549.926989
37:47.851,1549.926989
37:47.851,1549.925387
37:47.851,1549.926989
37:47.853,1549.926989
37:47.857,1549.926989
37:47.863,1549.927791
37:47.868,1549.926989
37:47.873,1549.926989
37:47.882,1549.926989
37:47.895,1549.926188
37:47.897,1549.925387
37:47.897,1549.926188
37:47.898,1549.926989
37:47.903,1549.926989
37:47.908,1549.925387
37:47.913,1549.926989
37:47.918,1549.926989
37:47.922,1549.926188
37:47.942,1549.925387
37:47.942,1549.925387
37:47.943,1549.925387
37:47.943,1549.925387
37:47.948,1549.926188
37:47.953,1549.926989
37:47.957,1549.925387
37:47.962,1549.926188
37:47.972,1549.926188
37:47.985,1549.927791
37:47.986,1549.926188
37:47.986,1549.926989
37:47.987,1549.927791
37:47.992,1549.926989
37:47.998,1549.926989
37:48.003,1549.926188
37:48.008,1549.926188
37:48.018,1549.926188
37:48.031,1549.926188
37:48.031,1549.926989
37:48.031,1549.926188
37:48.032,1549.926989
37:48.038,1549.926989
37:48.043,1549.926989
37:48.048,1549.926188
37:48.053,1549.926188
37:48.062,1549.926188
37:48.076,1549.926188
37:48.076,1549.927791
37:48.077,1549.926989
37:48.077,1549.927791
37:48.082,1549.926188
37:48.087,1549.926188
37:48.092,1549.926188
37:48.097,1549.926188
37:48.108,1549.927791
37:48.121,1549.926989
37:48.121,1549.927791
37:48.121,1549.926188
37:48.123,1549.925387
37:48.128,1549.926188
37:48.133,1549.926989
37:48.138,1549.927791
37:48.143,1549.926989
37:48.152,1549.927791
37:48.166,1549.925387
37:48.166,1549.926188
37:48.166,1549.927791
37:48.167,1549.927791
37:48.172,1549.927791
37:48.178,1549.926989
37:48.183,1549.927791
37:48.187,1549.925387
37:48.211,1549.926188
37:48.211,1549.925387
37:48.211,1549.926188
37:48.212,1549.926188
37:48.213,1549.925387
37:48.217,1549.927791
37:48.223,1549.926989
37:48.228,1549.926989
37:48.233,1549.929393
37:48.237,1549.926989
37:48.290,1549.926989
37:48.290,1549.926188
37:48.290,1549.926989
37:48.291,1549.925387
37:48.291,1549.926188
37:48.291,1549.926188
37:48.292,1549.926989
37:48.292,1549.926188
37:48.292,1549.925387
37:48.293,1549.926989
37:48.293,1549.926188
37:48.297,1549.926989
37:48.303,1549.926989
37:48.308,1549.926989
37:48.312,1549.925387
37:48.337,1549.926188
37:48.337,1549.927791
37:48.338,1549.926188
37:48.338,1549.925387
37:48.338,1549.926989
37:48.342,1549.926989
37:48.348,1549.928592
37:48.353,1549.926989
37:48.357,1549.926989
37:48.368,1549.926188
37:48.380,1549.925387
37:48.381,1549.926989
37:48.381,1549.926188
37:48.383,1549.926989
37:48.388,1549.926989
37:48.393,1549.926188
37:48.398,1549.926989
37:48.403,1549.925387
37:48.407,1549.926188
37:48.427,1549.926188
37:48.427,1549.927791
37:48.427,1549.928592
37:48.428,1549.926188
37:48.433,1549.924585
37:48.437,1549.926188
37:48.442,1549.926188
37:48.447,1549.925387
37:48.457,1549.926989
37:48.471,1549.927791
37:48.472,1549.926989
37:48.472,1549.926989
37:48.473,1549.925387
37:48.477,1549.926989
37:48.482,1549.926989
37:48.487,1549.927791
37:48.493,1549.925387
37:48.502,1549.926188
37:48.516,1549.926989
37:48.516,1549.926989
37:48.517,1549.926989
37:48.517,1549.926188
37:48.522,1549.925387
37:48.527,1549.926989
37:48.533,1549.926989
37:48.538,1549.926989
37:48.548,1549.926188
37:48.561,1549.927791
37:48.561,1549.926989
37:48.561,1549.926188
37:48.562,1549.926188
37:48.568,1549.926188
37:48.573,1549.926989
37:48.577,1549.927791
37:48.582,1549.927791
37:48.593,1549.926989
37:48.606,1549.926188
37:48.606,1549.926188
37:48.607,1549.926989
37:48.608,1549.926188
37:48.613,1549.926188
37:48.617,1549.926188
37:48.622,1549.926188
37:48.627,1549.926188
37:48.638,1549.926989
37:48.651,1549.926989
37:48.651,1549.925387
37:48.652,1549.925387
37:48.652,1549.926989
37:48.658,1549.927791
37:48.663,1549.926989
37:48.668,1549.926989
37:48.672,1549.926989
37:48.695,1549.926188
37:48.695,1549.926188
37:48.695,1549.926188
37:48.696,1549.926188
37:48.697,1549.926188
37:48.702,1549.927791
37:48.707,1549.926989
37:48.713,1549.926188
37:48.717,1549.926188
37:48.722,1549.926989
37:48.741,1549.928592
37:48.742,1549.926188
37:48.742,1549.926989
37:48.742,1549.926989
37:48.748,1549.926188
37:48.753,1549.927791
37:48.758,1549.925387
37:48.763,1549.926989
37:48.772,1549.926188
37:48.785,1549.926989
37:48.786,1549.926989
37:48.786,1549.925387
37:48.787,1549.926188
37:48.793,1549.925387
37:48.798,1549.926188
37:48.803,1549.927791
37:48.808,1549.926188
37:48.817,1549.926188
37:48.831,1549.925387
37:48.832,1549.926989
37:48.832,1549.926989
37:48.833,1549.926989
37:48.838,1549.926989
37:48.842,1549.926188
37:48.847,1549.927791
37:48.852,1549.924585
37:48.857,1549.927791
37:48.877,1549.927791
37:48.878,1549.926989
37:48.878,1549.926989
37:48.878,1549.925387
37:48.882,1549.925387
37:48.888,1549.925387
37:48.893,1549.926989
37:48.898,1549.926989
37:48.907,1549.926989
37:48.921,1549.926188
37:48.921,1549.926989
37:48.921,1549.926188
37:48.922,1549.926989
37:48.927,1549.926989
37:48.932,1549.926989
37:48.938,1549.927791
37:48.943,1549.926188
37:48.947,1549.926188
37:48.967,1549.926188
37:48.967,1549.925387
37:48.967,1549.926188
37:48.968,1549.926989
37:48.973,1549.926188
37:48.978,1549.926188
37:48.983,1549.926989
37:48.988,1549.926989
37:48.997,1549.924585
37:49.011,1549.924585
37:49.011,1549.926188
37:49.011,1549.927791
37:49.013,1549.926989
37:49.018,1549.926188
37:49.023,1549.926989
37:49.028,1549.925387
37:49.032,1549.926989
37:49.061,1549.926188
37:49.061,1549.926989
37:49.061,1549.926188
37:49.062,1549.926188
37:49.062,1549.926188
37:49.062,1549.926188
37:49.068,1549.925387
37:49.073,1549.927791
37:49.078,1549.926188
37:49.083,1549.926989
37:49.087,1549.926989
37:49.107,1549.926989
37:49.107,1549.927791
37:49.107,1549.927791
37:49.110,1549.926188
37:49.113,1549.926188
37:49.117,1549.925387
37:49.123,1549.926188
37:49.128,1549.926989
37:49.137,1549.926188
37:49.152,1549.926188
37:49.152,1549.926188
37:49.153,1549.926989
37:49.153,1549.926989
37:49.158,1549.926989
37:49.163,1549.925387
37:49.168,1549.926188
37:49.173,1549.926989
37:49.177,1549.928592
37:49.197,1549.926188
37:49.198,1549.925387
37:49.198,1549.925387
37:49.198,1549.926188
37:49.202,1549.927791
37:49.208,1549.926989
37:49.213,1549.927791
37:49.217,1549.926188
37:49.241,1549.926188
37:49.242,1549.926188
37:49.242,1549.925387
37:49.242,1549.926989
37:49.243,1549.926989
37:49.247,1549.927791
37:49.253,1549.926188
37:49.258,1549.925387
37:49.263,1549.926989
37:49.267,1549.926989
37:49.287,1549.926989
37:49.288,1549.926188
37:49.288,1549.926989
37:49.289,1549.926989
37:49.293,1549.925387
37:49.298,1549.925387
37:49.303,1549.926188
37:49.308,1549.926989
37:49.317,1549.927791
37:49.330,1549.926188
37:49.331,1549.926188
37:49.331,1549.925387
37:49.333,1549.927791
37:49.338,1549.927791
37:49.342,1549.926989
37:49.348,1549.925387
37:49.352,1549.926188
37:49.362,1549.926188
37:49.376,1549.926188
37:49.377,1549.926188
37:49.377,1549.926989
37:49.377,1549.926989
37:49.382,1549.927791
37:49.388,1549.926989
37:49.393,1549.926989
37:49.398,1549.926188
37:49.407,1549.926188
37:49.421,1549.927791
37:49.421,1549.926188
37:49.421,1549.926188
37:49.422,1549.927791
37:49.428,1549.926188
37:49.433,1549.925387
37:49.437,1549.926989
37:49.443,1549.926188
37:49.453,1549.926989
37:49.466,1549.926989
37:49.466,1549.927791
37:49.467,1549.927791
37:49.467,1549.925387
37:49.473,1549.926188
37:49.477,1549.926989
37:49.483,1549.926989
37:49.488,1549.926989
37:49.498,1549.926989
37:49.511,1549.926188
37:49.511,1549.926188
37:49.511,1549.925387
37:49.512,1549.927791
37:49.517,1549.926188
37:49.523,1549.926989
37:49.528,1549.926188
37:49.532,1549.926188
37:49.537,1549.926989
37:49.558,1549.926989
37:49.558,1549.926989
37:49.558,1549.926989
37:49.559,1549.925387
37:49.562,1549.927791
37:49.568,1549.925387
37:49.573,1549.926989
37:49.578,1549.926989
37:49.587,1549.927791
37:49.601,1549.926188
37:49.601,1549.925387
37:49.602,1549.925387
37:49.602,1549.925387
37:49.607,1549.927791
37:49.612,1549.929393
37:49.618,1549.926989
37:49.622,1549.925387
37:49.645,1549.925387
37:49.645,1549.926989
37:49.645,1549.927791
37:49.646,1549.926188
37:49.647,1549.926989
37:49.652,1549.927791
37:49.657,1549.926989
37:49.662,1549.927791
37:49.667,1549.926989
37:49.672,1549.926989
37:49.692,1549.925387
37:49.693,1549.926989
37:49.693,1549.926989
37:49.693,1549.926989
37:49.698,1549.926188
37:49.703,1549.926989
37:49.708,1549.926989
37:49.713,1549.926989
37:49.722,1549.925387
37:49.735,1549.926188
37:49.736,1549.926188
37:49.736,1549.928592
37:49.737,1549.927791
37:49.743,1549.926989
37:49.747,1549.926989
37:49.752,1549.926188
37:49.757,1549.926188
37:49.767,1549.926989
37:49.781,1549.926989
37:49.781,1549.926989
37:49.781,1549.926989
37:49.782,1549.925387
37:49.787,1549.926188
37:49.793,1549.926188
37:49.798,1549.926188
37:49.802,1549.926989
37:49.813,1549.927791
37:49.826,1549.927791
37:49.826,1549.926989
37:49.826,1549.926989
37:49.827,1549.926188
37:49.833,1549.926989
37:49.837,1549.926989
37:49.842,1549.925387
37:49.847,1549.926188
37:49.858,1549.927791
37:49.870,1549.927791
37:49.871,1549.927791
37:49.871,1549.926188
37:49.872,1549.925387
37:49.878,1549.926188
37:49.882,1549.926989
37:49.887,1549.926989
37:49.892,1549.926989
37:49.903,1549.927791
37:49.915,1549.926989
37:49.916,1549.926188
37:49.916,1549.926188
37:49.917,1549.925387
37:49.923,1549.926188
37:49.927,1549.926188
37:49.932,1549.928592
37:49.938,1549.926188
37:49.959,1549.926188
37:49.959,1549.926188
37:49.959,1549.926188
37:49.961,1549.926188
37:49.963,1549.926188
37:49.967,1549.926989
37:49.972,1549.926989
37:49.977,1549.927791
37:49.983,1549.927791
37:50.005,1549.925387
37:50.006,1549.926188
37:50.006,1549.926989
37:50.006,1549.926989
37:50.007,1549.926989
37:50.012,1549.926989
37:50.018,1549.928592
37:50.022,1549.926188
37:50.027,1549.924585
37:50.038,1549.925387
37:50.051,1549.926188
37:50.052,1549.926989
37:50.052,1549.927791
37:50.052,1549.926989
37:50.057,1549.926188
37:50.063,1549.926188
37:50.067,1549.926188
37:50.073,1549.925387
37:50.082,1549.925387
37:50.096,1549.926188
37:50.096,1549.927791
37:50.097,1549.926989
37:50.097,1549.925387
37:50.102,1549.926188
37:50.107,1549.926989
37:50.112,1549.926989
37:50.118,1549.926188
37:50.128,1549.926188
37:50.141,1549.926989
37:50.141,1549.926188
37:50.141,1549.926188
37:50.142,1549.926989
37:50.148,1549.926989
37:50.153,1549.926989
37:50.158,1549.926188
37:50.163,1549.926188
37:50.172,1549.926188
37:50.186,1549.926188
37:50.186,1549.926188
37:50.186,1549.927791
37:50.187,1549.926188
37:50.192,1549.926188
37:50.198,1549.924585
37:50.202,1549.925387
37:50.207,1549.928592
37:50.218,1549.927791
37:50.231,1549.926989
37:50.231,1549.926188
37:50.231,1549.926188
37:50.232,1549.926989
37:50.238,1549.925387
37:50.243,1549.926989
37:50.247,1549.927791
37:50.253,1549.927791
37:50.263,1549.926989
37:50.275,1549.925387
37:50.277,1549.926989
37:50.277,1549.925387
37:50.278,1549.927791
37:50.282,1549.926989
37:50.288,1549.926188
37:50.293,1549.926188
37:50.298,1549.926188
37:50.320,1549.926188
37:50.320,1549.924585
37:50.320,1549.926989
37:50.320,1549.927791
37:50.322,1549.926989
37:50.327,1549.926989
37:50.333,1549.924585
37:50.338,1549.926989
37:50.343,1549.926188
37:50.366,1549.926989
37:50.366,1549.926989
37:50.366,1549.926188
37:50.367,1549.926989
37:50.367,1549.924585
37:50.373,1549.927791
37:50.378,1549.925387
37:50.383,1549.926188
37:50.388,1549.927791
37:50.397,1549.926188
37:50.411,1549.925387
37:50.411,1549.926989
37:50.412,1549.926989
37:50.413,1549.926989
37:50.418,1549.926989
37:50.422,1549.926989
37:50.427,1549.926188
37:50.433,1549.926989
37:50.437,1549.925387
37:50.458,1549.926989
37:50.458,1549.926989
37:50.458,1549.926188
37:50.458,1549.926989
37:50.463,1549.926188
37:50.468,1549.927791
37:50.473,1549.926188
37:50.478,1549.926188
37:50.487,1549.926188
37:50.500,1549.928592
37:50.502,1549.927791
37:50.502,1549.926188
37:50.503,1549.925387
37:50.508,1549.925387
37:50.513,1549.926188
37:50.517,1549.926188
37:50.522,1549.926989
37:50.528,1549.927791
37:50.547,1549.927791
37:50.548,1549.926989
37:50.548,1549.926188
37:50.548,1549.926188
37:50.553,1549.925387
37:50.558,1549.927791
37:50.562,1549.928592
37:50.568,1549.924585
37:50.577,1549.926989
37:50.590,1549.927791
37:50.590,1549.927791
37:50.590,1549.926989
37:50.592,1549.926188
37:50.597,1549.926989
37:50.603,1549.926989
37:50.608,1549.926188
37:50.613,1549.926989
37:50.622,1549.926989
37:50.636,1549.926188
37:50.637,1549.926989
37:50.637,1549.926188
37:50.638,1549.926188
37:50.643,1549.926989
37:50.647,1549.926188
37:50.652,1549.928592
37:50.657,1549.927791
37:50.667,1549.926188
37:50.681,1549.926188
37:50.681,1549.925387
37:50.681,1549.926188
37:50.682,1549.926188
37:50.687,1549.928592
37:50.692,1549.926989
37:50.697,1549.926989
37:50.703,1549.926989
37:50.726,1549.926989
37:50.726,1549.926188
37:50.726,1549.926188
37:50.727,1549.926989
37:50.727,1549.927791
37:50.732,1549.926989
37:50.738,1549.926188
37:50.742,1549.924585
37:50.747,1549.925387
37:50.758,1549.926989
37:50.771,1549.927791
37:50.772,1549.927791
37:50.772,1549.926989
37:50.772,1549.927791
37:50.777,1549.926989
37:50.783,1549.925387
37:50.788,1549.926188
37:50.792,1549.926989
37:50.803,1549.926188
37:50.817,1549.926989
37:50.817,1549.926989
37:50.817,1549.926989
37:50.818,1549.926989
37:50.823,1549.926188
37:50.828,1549.926188
37:50.833,1549.926188
37:50.838,1549.926989
37:50.842,1549.927791
37:50.863,1549.926188
37:50.863,1549.926188
37:50.863,1549.926989
37:50.864,1549.926989
37:50.868,1549.926989
37:50.872,1549.926188
37:50.878,1549.926989
37:50.883,1549.926188
37:50.892,1549.926989
37:50.906,1549.926989
37:50.906,1549.927791
37:50.906,1549.925387
37:50.908,1549.925387
37:50.913,1549.926188
37:50.918,1549.925387
37:50.923,1549.927791
37:50.928,1549.927791
37:50.938,1549.926188
37:50.952,1549.926989
37:50.952,1549.926188
37:50.952,1549.926989
37:50.952,1549.925387
37:50.958,1549.926188
37:50.963,1549.927791
37:50.968,1549.926989
37:50.973,1549.927791
37:50.983,1549.926188
37:50.996,1549.926188
37:50.996,1549.926989
37:50.996,1549.926188
37:50.997,1549.926989
37:51.003,1549.926989
37:51.008,1549.926989
37:51.013,1549.926989
37:51.018,1549.926188
37:51.028,1549.925387
37:51.040,1549.926188
37:51.042,1549.926188
37:51.042,1549.926989
37:51.042,1549.927791
37:51.048,1549.926989
37:51.053,1549.927791
37:51.058,1549.926188
37:51.062,1549.925387
37:51.072,1549.926188
37:51.086,1549.926989
37:51.087,1549.926188
37:51.087,1549.926188
37:51.087,1549.926188
37:51.092,1549.926188
37:51.098,1549.926188
37:51.103,1549.926188
37:51.107,1549.926989
37:51.130,1549.926188
37:51.131,1549.926989
37:51.131,1549.926989
37:51.131,1549.925387
37:51.133,1549.926188
37:51.137,1549.926188
37:51.143,1549.926188
37:51.148,1549.926989
37:51.153,1549.926989
37:51.157,1549.926989
37:51.178,1549.926188
37:51.178,1549.927791
37:51.178,1549.927791
37:51.179,1549.926989
37:51.183,1549.926188
37:51.188,1549.925387
37:51.193,1549.926989
37:51.198,1549.926188
37:51.208,1549.926188
37:51.222,1549.926989
37:51.222,1549.926989
37:51.223,1549.926989
37:51.223,1549.926188
37:51.228,1549.926989
37:51.232,1549.926188
37:51.237,1549.927791
37:51.242,1549.926989
37:51.248,1549.925387
37:51.270,1549.926188
37:51.271,1549.926989
37:51.271,1549.927791
37:51.271,1549.926188
37:51.272,1549.926989
37:51.277,1549.926188
37:51.283,1549.926188
37:51.288,1549.926989
37:51.293,1549.926188
37:51.298,1549.926989
37:51.318,1549.926188
37:51.318,1549.925387
37:51.318,1549.925387
37:51.319,1549.926188
37:51.323,1549.926989
37:51.328,1549.927791
37:51.333,1549.927791
37:51.338,1549.925387
37:51.342,1549.926188
37:51.363,1549.926989
37:51.363,1549.927791
37:51.363,1549.927791
37:51.364,1549.926989
37:51.368,1549.927791
37:51.373,1549.926188
37:51.377,1549.925387
37:51.383,1549.926989
37:51.392,1549.926989
37:51.406,1549.927791
37:51.406,1549.926188
37:51.407,1549.927791
37:51.407,1549.926188
37:51.412,1549.926989
37:51.418,1549.927791
37:51.423,1549.926989
37:51.428,1549.926989
37:51.438,1549.924585
37:51.452,1549.926989
37:51.453,1549.926188
37:51.453,1549.926989
37:51.453,1549.926989
37:51.458,1549.926989
37:51.463,1549.926188
37:51.467,1549.926188
37:51.473,1549.927791
37:51.482,1549.926188
37:51.496,1549.925387
37:51.496,1549.926989
37:51.496,1549.926188
37:51.497,1549.926188
37:51.502,1549.925387
37:51.508,1549.926989
37:51.513,1549.926188
37:51.518,1549.926989
37:51.527,1549.927791
37:51.542,1549.926989
37:51.542,1549.926188
37:51.542,1549.926188
37:51.542,1549.926188
37:51.547,1549.925387
37:51.553,1549.926188
37:51.557,1549.926188
37:51.563,1549.926989
37:51.572,1549.926188
37:51.587,1549.926188
37:51.587,1549.926188
37:51.588,1549.925387
37:51.588,1549.926188
37:51.593,1549.926989
37:51.598,1549.927791
37:51.603,1549.926989
37:51.608,1549.927791
37:51.617,1549.926188
37:51.631,1549.926188
37:51.632,1549.925387
37:51.632,1549.926989
37:51.633,1549.927791
37:51.638,1549.926188
37:51.643,1549.926188
37:51.648,1549.927791
37:51.653,1549.926188
37:51.675,1549.926188
37:51.675,1549.926989
37:51.675,1549.926989
37:51.675,1549.926989
37:51.678,1549.926188
37:51.683,1549.927791
37:51.688,1549.926188
37:51.693,1549.925387
37:51.697,1549.926989
37:51.702,1549.926989
37:51.722,1549.927791
37:51.722,1549.925387
37:51.723,1549.926989
37:51.723,1549.926188
37:51.727,1549.926989
37:51.732,1549.926989
37:51.737,1549.926188
37:51.743,1549.925387
37:51.753,1549.926188
37:51.766,1549.926989
37:51.767,1549.926989
37:51.767,1549.926989
37:51.767,1549.927791
37:51.772,1549.926989
37:51.777,1549.926188
37:51.782,1549.924585
37:51.787,1549.926989
37:51.793,1549.926188
37:51.815,1549.927791
37:51.816,1549.926989
37:51.816,1549.926989
37:51.817,1549.926188
37:51.817,1549.925387
37:51.823,1549.925387
37:51.828,1549.926188
37:51.833,1549.926989
37:51.837,1549.926989
37:51.858,1549.926188
37:51.858,1549.926989
37:51.858,1549.925387
37:51.859,1549.926989
37:51.863,1549.926989
37:51.868,1549.926989
37:51.873,1549.927791
37:51.878,1549.927791
37:51.882,1549.926188
37:51.901,1549.926188
37:51.902,1549.926989
37:51.902,1549.926989
37:51.902,1549.926989
37:51.908,1549.927791
37:51.913,1549.926989
37:51.918,1549.926188
37:51.923,1549.925387
37:51.932,1549.926989
37:51.946,1549.927791
37:51.946,1549.927791
37:51.946,1549.926188
37:51.947,1549.926989
37:51.953,1549.926188
37:51.958,1549.926989
37:51.962,1549.926989
37:51.968,1549.925387
37:51.972,1549.926989
37:51.992,1549.927791
37:51.993,1549.926188
37:51.993,1549.925387
37:51.993,1549.926188
37:51.998,1549.927791
37:52.003,1549.926989
37:52.008,1549.926989
37:52.012,1549.926989
37:52.022,1549.926188
37:52.035,1549.926989
37:52.037,1549.926188
37:52.037,1549.926989
37:52.038,1549.926989
37:52.043,1549.926989
37:52.048,1549.926989
37:52.053,1549.926188
37:52.057,1549.925387
37:52.080,1549.926989
37:52.080,1549.926188
37:52.080,1549.926989
37:52.080,1549.926989
37:52.083,1549.926989
37:52.088,1549.926188
37:52.093,1549.925387
37:52.097,1549.925387
37:52.102,1549.927791
37:52.126,1549.926188
37:52.126,1549.926188
37:52.126,1549.926188
37:52.128,1549.926188
37:52.128,1549.926989
37:52.133,1549.927791
37:52.138,1549.926989
37:52.143,1549.925387
37:52.148,1549.926188
37:52.157,1549.926989
37:52.171,1549.926188
37:52.172,1549.926989
37:52.172,1549.925387
37:52.172,1549.927791
37:52.177,1549.926989
37:52.183,1549.926188
37:52.188,1549.925387
37:52.193,1549.926989
37:52.197,1549.926989
37:52.217,1549.927791
37:52.217,1549.926188
37:52.218,1549.925387
37:52.218,1549.925387
37:52.223,1549.926989
37:52.227,1549.926989
37:52.233,1549.926989
37:52.238,1549.926188
37:52.248,1549.927791
37:52.261,1549.927791
37:52.261,1549.926989
37:52.261,1549.926188
37:52.263,1549.925387
37:52.268,1549.925387
37:52.273,1549.926989
37:52.277,1549.927791
37:52.282,1549.926989
37:52.293,1549.925387
37:52.306,1549.926989
37:52.307,1549.926188
37:52.308,1549.926188
37:52.308,1549.926188
37:52.312,1549.927791
37:52.317,1549.928592
37:52.323,1549.926989
37:52.327,1549.926188
37:52.338,1549.924585
37:52.353,1549.925387
37:52.353,1549.926989
37:52.353,1549.926989
37:52.354,1549.927791
37:52.357,1549.926188
37:52.362,1549.927791
37:52.367,1549.926188
37:52.372,1549.926188
37:52.377,1549.925387
37:52.397,1549.927791
37:52.397,1549.926989
37:52.397,1549.926188
37:52.398,1549.926989
37:52.402,1549.926188
37:52.407,1549.926188
37:52.413,1549.925387
37:52.418,1549.926188
37:52.427,1549.927791
37:52.441,1549.926188
37:52.441,1549.926989
37:52.441,1549.926989
37:52.442,1549.926188
37:52.448,1549.927791
37:52.453,1549.926188
37:52.458,1549.925387
37:52.462,1549.924585
37:52.485,1549.927791
37:52.485,1549.928592
37:52.486,1549.927791
37:52.486,1549.926989
37:52.488,1549.926188
37:52.492,1549.926188
37:52.498,1549.926989
37:52.503,1549.926188
37:52.507,1549.926989
37:52.512,1549.927791
37:52.532,1549.926989
37:52.532,1549.926188
37:52.532,1549.925387
37:52.533,1549.926188
37:52.537,1549.926188
37:52.543,1549.926989
37:52.548,1549.926989
37:52.553,1549.926989
37:52.562,1549.926989
37:52.576,1549.926989
37:52.576,1549.926188
37:52.576,1549.926188
37:52.578,1549.926188
37:52.583,1549.926989
37:52.588,1549.926188
37:52.593,1549.926989
37:52.598,1549.927791
37:52.602,1549.926989
37:52.622,1549.926989
37:52.622,1549.925387
37:52.622,1549.925387
37:52.623,1549.926188
37:52.628,1549.927791
37:52.633,1549.927791
37:52.638,1549.926989
37:52.643,1549.926188
37:52.653,1549.926989
37:52.667,1549.926188
37:52.667,1549.926188
37:52.667,1549.926188
37:52.668,1549.926989
37:52.672,1549.926188
37:52.677,1549.926188
37:52.683,1549.926188
37:52.688,1549.926188
37:52.692,1549.926188
37:52.713,1549.926989
37:52.713,1549.926188
37:52.713,1549.926989
37:52.713,1549.926989
37:52.718,1549.926989
37:52.723,1549.926989
37:52.728,1549.926188
37:52.733,1549.926188
37:52.742,1549.924585
37:52.756,1549.926188
37:52.756,1549.927791
37:52.757,1549.927791
37:52.757,1549.926989
37:52.763,1549.926989
37:52.768,1549.927791
37:52.772,1549.925387
37:52.778,1549.926989
37:52.787,1549.926989
37:52.801,1549.926989
37:52.801,1549.926188
37:52.802,1549.925387
37:52.803,1549.926188
37:52.808,1549.926188
37:52.813,1549.926188
37:52.818,1549.925387
37:52.823,1549.926989
37:52.832,1549.926989
37:52.846,1549.927791
37:52.846,1549.926989
37:52.847,1549.926188
37:52.847,1549.926989
37:52.852,1549.926188
37:52.858,1549.927791
37:52.863,1549.926188
37:52.867,1549.925387
37:52.872,1549.926989
37:52.892,1549.926989
37:52.893,1549.927791
37:52.893,1549.926188
37:52.893,1549.925387
37:52.898,1549.926188
37:52.903,1549.926989
37:52.907,1549.927791
37:52.913,1549.926188
37:52.922,1549.925387
37:52.936,1549.926188
37:52.936,1549.926989
37:52.936,1549.927791
37:52.938,1549.926188
37:52.942,1549.926989
37:52.948,1549.926188
37:52.953,1549.926188
37:52.957,1549.926989
37:52.981,1549.925387
37:52.981,1549.926188
37:52.981,1549.926989
37:52.982,1549.927791
37:52.982,1549.926989
37:52.988,1549.926188
37:52.992,1549.926989
37:52.998,1549.926989
37:53.003,1549.926989
37:53.007,1549.926989
37:53.027,1549.926989
37:53.028,1549.926188
37:53.028,1549.926989
37:53.028,1549.926188
37:53.033,1549.926989
37:53.038,1549.926989
37:53.043,1549.926188
37:53.048,1549.926188
37:53.058,1549.926989
37:53.071,1549.926188
37:53.072,1549.926188
37:53.073,1549.927791
37:53.073,1549.926188
37:53.078,1549.926989
37:53.083,1549.926989
37:53.088,1549.926188
37:53.093,1549.926188
37:53.097,1549.925387
37:53.117,1549.926989
37:53.120,1549.926188
37:53.120,1549.927791
37:53.120,1549.927791
37:53.123,1549.925387
37:53.128,1549.926188
37:53.133,1549.925387
37:53.138,1549.926989
37:53.142,1549.927791
37:53.162,1549.925387
37:53.163,1549.927791
37:53.163,1549.925387
37:53.163,1549.926989
37:53.168,1549.926188
37:53.173,1549.924585
37:53.178,1549.926989
37:53.183,1549.926188
37:53.192,1549.928592
37:53.206,1549.925387
37:53.206,1549.926188
37:53.206,1549.926188
37:53.208,1549.926188
37:53.213,1549.926188
37:53.217,1549.926188
37:53.222,1549.928592
37:53.227,1549.926188
37:53.237,1549.926989
37:53.251,1549.925387
37:53.251,1549.926188
37:53.252,1549.927791
37:53.252,1549.926188
37:53.258,1549.926989
37:53.263,1549.926989
37:53.268,1549.926188
37:53.273,1549.926188
37:53.277,1549.926989
37:53.297,1549.926989
37:53.298,1549.925387
37:53.298,1549.926989
37:53.299,1549.926188
37:53.302,1549.926188
37:53.307,1549.927791
37:53.312,1549.927791
37:53.318,1549.928592
37:53.327,1549.925387
37:53.340,1549.925387
37:53.340,1549.924585
37:53.340,1549.924585
37:53.342,1549.926188
37:53.348,1549.925387
37:53.353,1549.926188
37:53.358,1549.926188
37:53.362,1549.926989
37:53.385,1549.925387
37:53.386,1549.924585
37:53.386,1549.926188
37:53.386,1549.926989
37:53.388,1549.928592
37:53.392,1549.926989
37:53.398,1549.926989
37:53.403,1549.925387
37:53.408,1549.925387
37:53.413,1549.926989
37:53.433,1549.926989
37:53.434,1549.926989
37:53.434,1549.926188
37:53.434,1549.929393
37:53.438,1549.926188
37:53.442,1549.925387
37:53.447,1549.925387
37:53.452,1549.926188
37:53.457,1549.928592
37:53.479,1549.926989
37:53.480,1549.926188
37:53.480,1549.926989
37:53.480,1549.925387
37:53.483,1549.926989
37:53.487,1549.925387
37:53.493,1549.926989
37:53.497,1549.926188
37:53.502,1549.926989
37:53.526,1549.927791
37:53.526,1549.926188
37:53.527,1549.926989
37:53.527,1549.926989
37:53.527,1549.926188
37:53.532,1549.926989
37:53.538,1549.926989
37:53.543,1549.926188
37:53.548,1549.925387
37:53.552,1549.927791
37:53.572,1549.927791
37:53.572,1549.926188
37:53.573,1549.926188
37:53.573,1549.924585
37:53.578,1549.926989
37:53.583,1549.927791
37:53.588,1549.928592
37:53.593,1549.925387
37:53.602,1549.924585
37:53.616,1549.926188
37:53.617,1549.926188
37:53.617,1549.926188
37:53.617,1549.925387
37:53.623,1549.926188
37:53.627,1549.926989
37:53.632,1549.926989
37:53.637,1549.926989
37:53.647,1549.926989
37:53.661,1549.926188
37:53.661,1549.925387
37:53.662,1549.926188
37:53.662,1549.927791
37:53.667,1549.926989
37:53.672,1549.926989
37:53.677,1549.926188
37:53.682,1549.925387
37:53.693,1549.925387
37:53.706,1549.926188
37:53.707,1549.927791
37:53.707,1549.926188
37:53.707,1549.926989
37:53.712,1549.926989
37:53.718,1549.926188
37:53.722,1549.926989
37:53.728,1549.925387
37:53.738,1549.926188
37:53.751,1549.926989
37:53.751,1549.926989
37:53.751,1549.926188
37:53.752,1549.926188
37:53.758,1549.926188
37:53.762,1549.927791
37:53.767,1549.926989
37:53.773,1549.925387
37:53.783,1549.926188
37:53.796,1549.928592
37:53.797,1549.927791
37:53.797,1549.926188
37:53.798,1549.926188
37:53.803,1549.926188
37:53.807,1549.925387
37:53.813,1549.926188
37:53.817,1549.926188
37:53.827,1549.926188
37:53.841,1549.926188
37:53.841,1549.927791
37:53.842,1549.927791
37:53.842,1549.925387
37:53.847,1549.925387
37:53.852,1549.926989
37:53.858,1549.926188
37:53.862,1549.926989
37:53.885,1549.926989
37:53.885,1549.926989
37:53.886,1549.926188
37:53.886,1549.926989
37:53.887,1549.927791
37:53.892,1549.926188
37:53.897,1549.926989
37:53.902,1549.926188
37:53.907,1549.927791
37:53.912,1549.926188
37:53.931,1549.926989
37:53.932,1549.926188
37:53.932,1549.925387
37:53.932,1549.926188
37:53.937,1549.926188
37:53.942,1549.926989
37:53.947,1549.927791
37:53.952,1549.926188
37:53.963,1549.926989
37:53.977,1549.926188
37:53.977,1549.926188
37:53.978,1549.926188
37:53.978,1549.926989
37:53.982,1549.926989
37:53.988,1549.926989
37:53.992,1549.926989
37:53.997,1549.926188
37:54.002,1549.926188
37:54.022,1549.926188
37:54.022,1549.926989
37:54.023,1549.927791
37:54.023,1549.925387
37:54.028,1549.926989
37:54.033,1549.926989
37:54.037,1549.926188
37:54.042,1549.924585
37:54.053,1549.926188
37:54.066,1549.925387
37:54.066,1549.925387
37:54.066,1549.926989
37:54.067,1549.927791
37:54.072,1549.926989
37:54.078,1549.927791
37:54.083,1549.926989
37:54.087,1549.925387
37:54.092,1549.926989
37:54.112,1549.926188
37:54.112,1549.926989
37:54.115,1549.925387
37:54.115,1549.926188
37:54.118,1549.926188
37:54.123,1549.926989
37:54.128,1549.926989
37:54.133,1549.926989
37:54.143,1549.926188
37:54.157,1549.926188
37:54.157,1549.926989
37:54.157,1549.926989
37:54.158,1549.926989
37:54.163,1549.925387
37:54.168,1549.926989
37:54.173,1549.925387
37:54.178,1549.925387
37:54.188,1549.926989
37:54.201,1549.926989
37:54.201,1549.927791
37:54.202,1549.927791
37:54.202,1549.927791
37:54.207,1549.924585
37:54.213,1549.926989
37:54.218,1549.926989
37:54.222,1549.927791
37:54.245,1549.926989
37:54.246,1549.925387
37:54.246,1549.925387
37:54.246,1549.926188
37:54.248,1549.926989
37:54.253,1549.927791
37:54.258,1549.926989
37:54.263,1549.926188
37:54.268,1549.926989
37:54.272,1549.926188
37:54.292,1549.925387
37:54.293,1549.924585
37:54.293,1549.926188
37:54.293,1549.926989
37:54.298,1549.926989
37:54.302,1549.926989
37:54.308,1549.927791
37:54.313,1549.926989
37:54.322,1549.926188
37:54.336,1549.927791
37:54.337,1549.926188
37:54.337,1549.926188
37:54.338,1549.926989
37:54.343,1549.927791
37:54.347,1549.926188
37:54.353,1549.925387
37:54.358,1549.926188
37:54.362,1549.926188
37:54.382,1549.927791
37:54.382,1549.926989
37:54.383,1549.926989
37:54.383,1549.927791
37:54.388,1549.927791
37:54.393,1549.927791
37:54.397,1549.925387
37:54.402,1549.925387
37:54.413,1549.926188
37:54.425,1549.926989
37:54.427,1549.927791
37:54.427,1549.926989
37:54.428,1549.927791
37:54.433,1549.926989
37:54.438,1549.926188
37:54.442,1549.926188
37:54.447,1549.925387
37:54.458,1549.926188
37:54.471,1549.926188
37:54.472,1549.927791
37:54.472,1549.926989
37:54.472,1549.926188
37:54.478,1549.926188
37:54.483,1549.925387
37:54.487,1549.926188
37:54.492,1549.926188
37:54.498,1549.926989
37:54.518,1549.927791
37:54.519,1549.926989
37:54.519,1549.924585
37:54.520,1549.926188
37:54.522,1549.924585
37:54.527,1549.926989
37:54.533,1549.927791
37:54.538,1549.927791
37:54.543,1549.926989
37:54.553,1549.926188
37:54.567,1549.926188
37:54.567,1549.926188
37:54.567,1549.926188
37:54.568,1549.926989
37:54.573,1549.926188
37:54.577,1549.926989
37:54.582,1549.926188
37:54.587,1549.926989
37:54.598,1549.925387
37:54.611,1549.926188
37:54.612,1549.926188
37:54.613,1549.927791
37:54.613,1549.926989
37:54.617,1549.926989
37:54.622,1549.926989
37:54.627,1549.927791
37:54.633,1549.926989
37:54.643,1549.926188
37:54.656,1549.925387
37:54.657,1549.924585
37:54.657,1549.926188
37:54.657,1549.928592
37:54.663,1549.926188
37:54.668,1549.928592
37:54.673,1549.927791
37:54.678,1549.925387
37:54.682,1549.925387
37:54.702,1549.925387
37:54.702,1549.927791
37:54.703,1549.926989
37:54.703,1549.926989
37:54.707,1549.926989
37:54.713,1549.926989
37:54.718,1549.925387
37:54.722,1549.925387
37:54.745,1549.927791
37:54.746,1549.927791
37:54.746,1549.926188
37:54.746,1549.926188
37:54.748,1549.926188
37:54.752,1549.926188
37:54.758,1549.925387
37:54.763,1549.925387
37:54.768,1549.926989
37:54.772,1549.926989
37:54.793,1549.927791
37:54.793,1549.926989
37:54.793,1549.925387
37:54.793,1549.927791
37:54.798,1549.926989
37:54.803,1549.926188
37:54.808,1549.926188
37:54.813,1549.926188
37:54.822,1549.926989
37:54.835,1549.926188
37:54.837,1549.926989
37:54.837,1549.926188
37:54.837,1549.925387
37:54.843,1549.926989
37:54.848,1549.926188
37:54.853,1549.927791
37:54.858,1549.925387
37:54.862,1549.926989
37:54.882,1549.926989
37:54.883,1549.926989
37:54.883,1549.926989
37:54.883,1549.925387
37:54.888,1549.926989
37:54.892,1549.926188
37:54.898,1549.926989
37:54.903,1549.926989
37:54.912,1549.926188
37:54.926,1549.926989
37:54.926,1549.926989
37:54.927,1549.926188
37:54.928,1549.925387
37:54.933,1549.926188
37:54.938,1549.928592
37:54.943,1549.927791
37:54.948,1549.926989
37:54.958,1549.925387
37:54.971,1549.926188
37:54.971,1549.926188
37:54.972,1549.927791
37:54.972,1549.926989
37:54.978,1549.926989
37:54.983,1549.926188
37:54.988,1549.926989
37:54.992,1549.926989
37:55.003,1549.925387
37:55.016,1549.926188
37:55.016,1549.926989
37:55.017,1549.927791
37:55.018,1549.926989
37:55.022,1549.926188
37:55.027,1549.926989
37:55.032,1549.926188
37:55.037,1549.925387
37:55.042,1549.926989
37:55.063,1549.926989
37:55.064,1549.927791
37:55.064,1549.926989
37:55.064,1549.926188
37:55.068,1549.926188
37:55.072,1549.926188
37:55.078,1549.926188
37:55.082,1549.926188
37:55.106,1549.925387
37:55.106,1549.927791
37:55.106,1549.926989
37:55.106,1549.926989
37:55.108,1549.925387
37:55.113,1549.926188
37:55.117,1549.926989
37:55.123,1549.926989
37:55.127,1549.926989
37:55.132,1549.926188
37:55.152,1549.926188
37:55.152,1549.926989
37:55.153,1549.927791
37:55.153,1549.926989
37:55.158,1549.926188
37:55.163,1549.925387
37:55.168,1549.926989
37:55.173,1549.926989
37:55.182,1549.927791
37:55.196,1549.927791
37:55.196,1549.926188
37:55.197,1549.925387
37:55.197,1549.926188
37:55.202,1549.925387
37:55.208,1549.926188
37:55.213,1549.926188
37:55.218,1549.928592
37:55.222,1549.927791
37:55.242,1549.926188
37:55.243,1549.925387
37:55.243,1549.926188
37:55.243,1549.926989
37:55.247,1549.927791
37:55.252,1549.927791
37:55.258,1549.926188
37:55.262,1549.926989
37:55.272,1549.926188
37:55.286,1549.925387
37:55.286,1549.926989
37:55.287,1549.925387
37:55.287,1549.927791
37:55.293,1549.924585
37:55.298,1549.926989
37:55.303,1549.927791
37:55.308,1549.925387
37:55.318,1549.926188
37:55.331,1549.926989
37:55.331,1549.927791
37:55.332,1549.925387
37:55.332,1549.926188
37:55.338,1549.926989
37:55.343,1549.926989
37:55.348,1549.926989
37:55.353,1549.925387
37:55.357,1549.925387
37:55.377,1549.926188
37:55.378,1549.925387
37:55.378,1549.927791
37:55.378,1549.927791
37:55.383,1549.926989
37:55.387,1549.925387
37:55.393,1549.926188
37:55.398,1549.926989
37:55.407,1549.926989
37:55.420,1549.927791
37:55.422,1549.926989
37:55.422,1549.926989
37:55.423,1549.926188
37:55.428,1549.926188
37:55.432,1549.926188
37:55.438,1549.926188
37:55.442,1549.926989
37:55.465,1549.926989
37:55.465,1549.926188
37:55.465,1549.926989
37:55.466,1549.927791
37:55.468,1549.926989
37:55.473,1549.926188
37:55.478,1549.926188
37:55.483,1549.924585
37:55.488,1549.926188
37:55.512,1549.926989
37:55.512,1549.927791
37:55.512,1549.926989
37:55.513,1549.925387
37:55.513,1549.926989
37:55.518,1549.926188
37:55.523,1549.926989
37:55.528,1549.927791
37:55.533,1549.926989
37:55.538,1549.926989
37:55.558,1549.926188
37:55.558,1549.925387
37:55.559,1549.926188
37:55.559,1549.926188
37:55.563,1549.926188
37:55.568,1549.926989
37:55.572,1549.927791
37:55.577,1549.926989
37:55.583,1549.928592
37:55.605,1549.926188
37:55.605,1549.926188
37:55.606,1549.926989
37:55.606,1549.926989
37:55.607,1549.925387
37:55.613,1549.926188
37:55.618,1549.926989
37:55.623,1549.927791
37:55.628,1549.927791
37:55.632,1549.926188
37:55.652,1549.926989
37:55.654,1549.926989
37:55.654,1549.926989
37:55.654,1549.926989
37:55.658,1549.926989
37:55.663,1549.926989
37:55.668,1549.925387
37:55.673,1549.926989
37:55.677,1549.926188
37:55.697,1549.926188
37:55.698,1549.926989
37:55.698,1549.926989
37:55.698,1549.927791
37:55.703,1549.926989
37:55.708,1549.926989
37:55.713,1549.926188
37:55.718,1549.926188
37:55.728,1549.926989
37:55.741,1549.926989
37:55.743,1549.926188
37:55.743,1549.926188
37:55.743,1549.926989
37:55.748,1549.928592
37:55.753,1549.926989
37:55.758,1549.926188
37:55.763,1549.926188
37:55.773,1549.926989
37:55.787,1549.926989
37:55.787,1549.928592
37:55.787,1549.926188
37:55.787,1549.926188
37:55.793,1549.926188
37:55.798,1549.926989
37:55.802,1549.927791
37:55.807,1549.926989
37:55.818,1549.928592
37:55.831,1549.927791
37:55.831,1549.925387
37:55.832,1549.927791
37:55.832,1549.926188
37:55.838,1549.926989
37:55.843,1549.926188
37:55.848,1549.926989
37:55.853,1549.926989
37:55.857,1549.927791
37:55.877,1549.926188
37:55.878,1549.926989
37:55.878,1549.926188
37:55.878,1549.926188
37:55.882,1549.926989
37:55.888,1549.926188
37:55.893,1549.926188
37:55.898,1549.926989
37:55.907,1549.926989
37:55.921,1549.926989
37:55.921,1549.926989
37:55.922,1549.926989
37:55.923,1549.926188
37:55.927,1549.926188
37:55.933,1549.927791
37:55.938,1549.926989
37:55.942,1549.926989
37:55.966,1549.926188
37:55.966,1549.926188
37:55.967,1549.926989
37:55.967,1549.926188
37:55.967,1549.927791
37:55.973,1549.926989
37:55.978,1549.926989
37:55.983,1549.926989
37:55.988,1549.926989
37:55.992,1549.926989
37:56.013,1549.926989
37:56.013,1549.926188
37:56.013,1549.926188
37:56.013,1549.926188
37:56.018,1549.926989
37:56.022,1549.927791
37:56.027,1549.927791
37:56.033,1549.926989
37:56.042,1549.926188
37:56.056,1549.926188
37:56.056,1549.926989
37:56.056,1549.927791
37:56.057,1549.926989
37:56.063,1549.926188
37:56.068,1549.924585
37:56.073,1549.926188
37:56.078,1549.928592
37:56.088,1549.927791
37:56.101,1549.926188
37:56.102,1549.926989
37:56.102,1549.926188
37:56.102,1549.925387
37:56.107,1549.926188
37:56.112,1549.926188
37:56.117,1549.926188
37:56.122,1549.926989
37:56.127,1549.926989
37:56.148,1549.926188
37:56.149,1549.926188
37:56.149,1549.926188
37:56.149,1549.927791
37:56.152,1549.926989
37:56.158,1549.925387
37:56.163,1549.926989
37:56.167,1549.926188
37:56.172,1549.925387
37:56.193,1549.926188
37:56.193,1549.926188
37:56.193,1549.926188
37:56.194,1549.926989
37:56.198,1549.926989
37:56.203,1549.926989
37:56.208,1549.926188
37:56.213,1549.927791
37:56.223,1549.926188
37:56.236,1549.926188
37:56.236,1549.925387
37:56.236,1549.926989
37:56.237,1549.926989
37:56.243,1549.925387
37:56.248,1549.926188
37:56.253,1549.926989
37:56.258,1549.927791
37:56.268,1549.926989
37:56.281,1549.925387
37:56.282,1549.926188
37:56.282,1549.926989
37:56.282,1549.928592
37:56.288,1549.926989
37:56.293,1549.926188
37:56.298,1549.925387
37:56.302,1549.925387
37:56.325,1549.927791
37:56.325,1549.926188
37:56.325,1549.926989
37:56.325,1549.926989
37:56.328,1549.927791
37:56.333,1549.927791
37:56.337,1549.926989
37:56.342,1549.925387
37:56.348,1549.925387
37:56.372,1549.927791
37:56.372,1549.926188
37:56.372,1549.926188
37:56.373,1549.926188
37:56.373,1549.928592
37:56.378,1549.926989
37:56.383,1549.926989
37:56.388,1549.926188
37:56.393,1549.926188
37:56.397,1549.926989
37:56.417,1549.926989
37:56.418,1549.926989
37:56.418,1549.926188
37:56.418,1549.926188
37:56.422,1549.926188
37:56.427,1549.926188
37:56.432,1549.927791
37:56.438,1549.926188
37:56.448,1549.926188
37:56.462,1549.927791
37:56.462,1549.927791
37:56.462,1549.926989
37:56.463,1549.925387
37:56.468,1549.926188
37:56.473,1549.926188
37:56.478,1549.925387
37:56.483,1549.925387
37:56.487,1549.926188
37:56.508,1549.928592
37:56.509,1549.926989
37:56.509,1549.926989
37:56.509,1549.925387
37:56.512,1549.925387
37:56.518,1549.926989
37:56.523,1549.926989
37:56.528,1549.927791
37:56.532,1549.927791
37:56.552,1549.926989
37:56.552,1549.925387
37:56.553,1549.924585
37:56.553,1549.926989
37:56.557,1549.927791
37:56.563,1549.928592
37:56.567,1549.926989
37:56.573,1549.926989
37:56.584,1549.926989
37:56.597,1549.926188
37:56.597,1549.926188
37:56.598,1549.925387
37:56.598,1549.926989
37:56.603,1549.927791
37:56.608,1549.926989
37:56.612,1549.925387
37:56.618,1549.926989
37:56.628,1549.927791
37:56.641,1549.926188
37:56.641,1549.926989
37:56.641,1549.926188
37:56.642,1549.925387
37:56.647,1549.925387
37:56.652,1549.926989
37:56.657,1549.926989
37:56.662,1549.926989
37:56.667,1549.926188
37:56.688,1549.926188
37:56.688,1549.926188
37:56.688,1549.926188
37:56.689,1549.927791
37:56.693,1549.927791
37:56.698,1549.926989
37:56.703,1549.926188
37:56.708,1549.926188
37:56.718,1549.926188
37:56.731,1549.925387
37:56.732,1549.926188
37:56.732,1549.927791
37:56.732,1549.926989
37:56.738,1549.927791
37:56.743,1549.926188
37:56.748,1549.924585
37:56.752,1549.926188
37:56.777,1549.927791
37:56.778,1549.928592
37:56.778,1549.927791
37:56.778,1549.926188
37:56.778,1549.926188
37:56.783,1549.925387
37:56.788,1549.926188
37:56.793,1549.926989
37:56.798,1549.926188
37:56.802,1549.927791
37:56.849,1549.927791
37:56.849,1549.927791
37:56.849,1549.926188
37:56.850,1549.924585
37:56.850,1549.926188
37:56.850,1549.926989
37:56.851,1549.927791
37:56.851,1549.926989
37:56.851,1549.926188
37:56.852,1549.926188
37:56.858,1549.926989
37:56.863,1549.926188
37:56.868,1549.926989
37:56.872,1549.926188
37:56.895,1549.926989
37:56.895,1549.926989
37:56.896,1549.926188
37:56.896,1549.926188
37:56.898,1549.926989
37:56.903,1549.926188
37:56.907,1549.926188
37:56.913,1549.926188
37:56.918,1549.926188
37:56.927,1549.926188
37:56.941,1549.926989
37:56.942,1549.927791
37:56.942,1549.926188
37:56.942,1549.925387
37:56.948,1549.926188
37:56.953,1549.926188
37:56.957,1549.925387
37:56.963,1549.927791
37:56.967,1549.927791
37:56.988,1549.926989
37:56.988,1549.926188
37:56.988,1549.926188
37:56.988,1549.926989
37:56.993,1549.926188
37:56.998,1549.926188
37:57.003,1549.926989
37:57.008,1549.927791
37:57.018,1549.926989
37:57.030,1549.925387
37:57.032,1549.924585
37:57.032,1549.926188
37:57.032,1549.926188
37:57.038,1549.926989
37:57.043,1549.926989
37:57.048,1549.926188
37:57.052,1549.926188
37:57.074,1549.925387
37:57.075,1549.925387
37:57.075,1549.926188
37:57.075,1549.926989
37:57.078,1549.926989
37:57.083,1549.926989
37:57.087,1549.926188
37:57.092,1549.927791
37:57.098,1549.926188
37:57.122,1549.925387
37:57.122,1549.926989
37:57.124,1549.925387
37:57.124,1549.926188
37:57.124,1549.926188
37:57.128,1549.927791
37:57.133,1549.926188
37:57.138,1549.926989
37:57.142,1549.926989
37:57.147,1549.926188
37:57.167,1549.926188
37:57.168,1549.926188
37:57.168,1549.927791
37:57.168,1549.927791
37:57.172,1549.927791
37:57.177,1549.926989
37:57.183,1549.925387
37:57.188,1549.926188
37:57.192,1549.926188
37:57.212,1549.926188
37:57.213,1549.925387
37:57.213,1549.926989
37:57.213,1549.927791
37:57.217,1549.927791
37:57.222,1549.926188
37:57.228,1549.925387
37:57.233,1549.926989
37:57.243,1549.926989
37:57.256,1549.927791
37:57.257,1549.926989
37:57.257,1549.926989
37:57.257,1549.926188
37:57.263,1549.926188
37:57.268,1549.926188
37:57.273,1549.926188
37:57.278,1549.926989
37:57.288,1549.926989
37:57.302,1549.926989
37:57.302,1549.926188
37:57.303,1549.926989
37:57.304,1549.925387
37:57.308,1549.926989
37:57.312,1549.926989
37:57.318,1549.926188
37:57.323,1549.926989
37:57.327,1549.926188
37:57.348,1549.927791
37:57.348,1549.926989
37:57.348,1549.926188
37:57.348,1549.926989
37:57.353,1549.926188
37:57.357,1549.926989
37:57.363,1549.926989
37:57.368,1549.927791
37:57.378,1549.926188
37:57.390,1549.924585
37:57.392,1549.926188
37:57.392,1549.926989
37:57.393,1549.926188
37:57.398,1549.926188
37:57.402,1549.926188
37:57.407,1549.927791
37:57.412,1549.927791
37:57.417,1549.926188
37:57.437,1549.926188
37:57.437,1549.925387
37:57.437,1549.926989
37:57.438,1549.926188
37:57.442,1549.926188
37:57.448,1549.926188
37:57.453,1549.926188
37:57.458,1549.927791
37:57.467,1549.926989
37:57.481,1549.926989
37:57.481,1549.926989
37:57.482,1549.927791
37:57.482,1549.926188
37:57.487,1549.926188
37:57.492,1549.926188
37:57.497,1549.926188
37:57.502,1549.926188
37:57.525,1549.927791
37:57.525,1549.926989
37:57.525,1549.926188
37:57.525,1549.926188
37:57.528,1549.926989
37:57.533,1549.927791
37:57.538,1549.926989
37:57.543,1549.925387
37:57.547,1549.924585
37:57.552,1549.926989
37:57.577,1549.926188
37:57.578,1549.926989
37:57.578,1549.926989
37:57.578,1549.926989
37:57.578,1549.926989
37:57.582,1549.926188
37:57.588,1549.925387
37:57.593,1549.926188
37:57.598,1549.927791
37:57.607,1549.926989
37:57.623,1549.926188
37:57.623,1549.926188
37:57.624,1549.926188
37:57.624,1549.925387
37:57.628,1549.927791
37:57.633,1549.926989
37:57.638,1549.926989
37:57.643,1549.926989
37:57.647,1549.926989
37:57.667,1549.926188
37:57.668,1549.925387
37:57.668,1549.926989
37:57.668,1549.926188
37:57.673,1549.926989
37:57.678,1549.926188
37:57.683,1549.926989
37:57.688,1549.926989
37:57.698,1549.925387
37:57.712,1549.926989
37:57.712,1549.926989
37:57.712,1549.926989
37:57.712,1549.926188
37:57.718,1549.927791
37:57.722,1549.926989
37:57.727,1549.925387
37:57.732,1549.925387
37:57.737,1549.925387
37:57.759,1549.927791
37:57.759,1549.927791
37:57.759,1549.926188
37:57.760,1549.926989
37:57.762,1549.926989
37:57.768,1549.927791
37:57.773,1549.926989
37:57.778,1549.925387
37:57.782,1549.925387
37:57.803,1549.926989
37:57.803,1549.926989
37:57.804,1549.926188
37:57.805,1549.926989
37:57.808,1549.926989
37:57.813,1549.926188
37:57.818,1549.926989
37:57.823,1549.925387
37:57.832,1549.926989
37:57.846,1549.926188
37:57.846,1549.926989
37:57.846,1549.926989
37:57.847,1549.926188
37:57.852,1549.925387
37:57.858,1549.926188
37:57.863,1549.926188
37:57.868,1549.926989
37:57.878,1549.926188
37:57.891,1549.928592
37:57.892,1549.927791
37:57.892,1549.926188
37:57.892,1549.925387
37:57.897,1549.926989
37:57.902,1549.926188
37:57.907,1549.926188
37:57.912,1549.926989
37:57.923,1549.925387
37:57.936,1549.927791
37:57.936,1549.926188
37:57.936,1549.926188
37:57.937,1549.926989
37:57.942,1549.926989
37:57.948,1549.926989
37:57.953,1549.926188
37:57.958,1549.926188
37:57.968,1549.926188
37:57.982,1549.926989
37:57.982,1549.926989
37:57.982,1549.925387
37:57.983,1549.926989
37:57.987,1549.926188
37:57.992,1549.928592
37:57.998,1549.927791
37:58.002,1549.926188
37:58.013,1549.926188
37:58.026,1549.926989
37:58.027,1549.925387
37:58.027,1549.925387
37:58.028,1549.926188
37:58.032,1549.926188
37:58.037,1549.926989
37:58.043,1549.927791
37:58.047,1549.927791
37:58.052,1549.925387
37:58.072,1549.925387
37:58.072,1549.926989
37:58.072,1549.927791
37:58.073,1549.927791
37:58.077,1549.926188
37:58.083,1549.926188
37:58.088,1549.926989
37:58.092,1549.925387
37:58.103,1549.926188
37:58.116,1549.926188
37:58.117,1549.926989
37:58.118,1549.926989
37:58.118,1549.926188
37:58.122,1549.926188
37:58.127,1549.925387
37:58.133,1549.926188
37:58.137,1549.925387
37:58.142,1549.927791
37:58.162,1549.927791
37:58.162,1549.926989
37:58.162,1549.926188
37:58.162,1549.926188
37:58.167,1549.926188
37:58.173,1549.926188
37:58.177,1549.926989
37:58.182,1549.926188
37:58.193,1549.926188
37:58.206,1549.926989
37:58.206,1549.925387
37:58.207,1549.926989
37:58.207,1549.926188
37:58.212,1549.928592
37:58.218,1549.926989
37:58.222,1549.926989
37:58.227,1549.926188
37:58.238,1549.926188
37:58.251,1549.926989
37:58.252,1549.926989
37:58.252,1549.926989
37:58.252,1549.926188
37:58.257,1549.925387
37:58.263,1549.925387
37:58.267,1549.925387
37:58.272,1549.927791
37:58.277,1549.927791
37:58.300,1549.927791
37:58.301,1549.926989
37:58.301,1549.925387
37:58.302,1549.926188
37:58.303,1549.925387
37:58.307,1549.926989
37:58.312,1549.926989
37:58.317,1549.927791
37:58.323,1549.927791
37:58.333,1549.926188
37:58.346,1549.926188
37:58.346,1549.925387
37:58.346,1549.926989
37:58.347,1549.926188
37:58.353,1549.927791
37:58.357,1549.927791
37:58.362,1549.926188
37:58.368,1549.926989
37:58.373,1549.925387
37:58.393,1549.925387
37:58.393,1549.926989
37:58.393,1549.926989
37:58.394,1549.928592
37:58.397,1549.926188
37:58.402,1549.926989
37:58.407,1549.926989
37:58.413,1549.926188
37:58.423,1549.926188
37:58.437,1549.925387
37:58.437,1549.926989
37:58.437,1549.926989
37:58.438,1549.926188
37:58.442,1549.926989
37:58.447,1549.926188
37:58.452,1549.926989
37:58.457,1549.927791
37:58.462,1549.926989
37:58.482,1549.926188
37:58.483,1549.926989
37:58.483,1549.925387
37:58.483,1549.926989
37:58.487,1549.926989
37:58.492,1549.926989
37:58.497,1549.926188
37:58.503,1549.926188
37:58.512,1549.926188
37:58.526,1549.926989
37:58.526,1549.926989
37:58.526,1549.927791
37:58.527,1549.926989
37:58.532,1549.925387
37:58.537,1549.924585
37:58.542,1549.926188
37:58.548,1549.926989
37:58.572,1549.927791
37:58.572,1549.927791
37:58.572,1549.926989
37:58.572,1549.926989
37:58.573,1549.926188
37:58.577,1549.926989
37:58.582,1549.926188
37:58.587,1549.927791
37:58.593,1549.926989
37:58.597,1549.928592
37:58.617,1549.926989
37:58.618,1549.926188
37:58.619,1549.926188
37:58.619,1549.926188
37:58.622,1549.927791
37:58.627,1549.926989
37:58.633,1549.926989
37:58.637,1549.926188
37:58.647,1549.927791
37:58.661,1549.926188
37:58.662,1549.926188
37:58.662,1549.926989
37:58.663,1549.926188
37:58.667,1549.927791
37:58.672,1549.926989
37:58.677,1549.926188
37:58.683,1549.927791
37:58.693,1549.926188
37:58.706,1549.926989
37:58.707,1549.926188
37:58.707,1549.926989
37:58.707,1549.926989
37:58.713,1549.925387
37:58.717,1549.928592
37:58.722,1549.926188
37:58.728,1549.926188
37:58.738,1549.925387
37:58.752,1549.925387
37:58.752,1549.926188
37:58.752,1549.925387
37:58.753,1549.927791
37:58.758,1549.926188
37:58.763,1549.926989
37:58.768,1549.926188
37:58.773,1549.926188
37:58.778,1549.926188
37:58.808,1549.926188
37:58.808,1549.926989
37:58.808,1549.926188
37:58.809,1549.927791
37:58.810,1549.926188
37:58.811,1549.926188
37:58.812,1549.925387
37:58.817,1549.926188
37:58.823,1549.927791
37:58.827,1549.926989
37:58.832,1549.926989
37:58.855,1549.925387
37:58.855,1549.926188
37:58.856,1549.926989
37:58.856,1549.926188
37:58.857,1549.926989
37:58.862,1549.925387
37:58.867,1549.926989
37:58.872,1549.926188
37:58.877,1549.926989
37:58.899,1549.926188
37:58.900,1549.926188
37:58.900,1549.926188
37:58.900,1549.926989
37:58.902,1549.927791
37:58.908,1549.924585
37:58.913,1549.926989
37:58.918,1549.927791
37:58.922,1549.926188
37:58.945,1549.926989
37:58.946,1549.924585
37:58.946,1549.926188
37:58.946,1549.926188
37:58.947,1549.926989
37:58.952,1549.926188
37:58.958,1549.926188
37:58.963,1549.926188
37:58.967,1549.926188
37:58.972,1549.926188
37:58.993,1549.926989
37:58.993,1549.926188
37:58.993,1549.926188
37:58.993,1549.926989
37:58.998,1549.926188
37:59.003,1549.925387
37:59.008,1549.926188
37:59.012,1549.926188
37:59.022,1549.928592
37:59.036,1549.926188
37:59.036,1549.926188
37:59.036,1549.926989
37:59.037,1549.928592
37:59.042,1549.926188
37:59.047,1549.926188
37:59.053,1549.926188
37:59.057,1549.926188
37:59.068,1549.926989
37:59.081,1549.926188
37:59.082,1549.927791
37:59.082,1549.927791
37:59.083,1549.926188
37:59.087,1549.926989
37:59.092,1549.924585
37:59.098,1549.926188
37:59.102,1549.926188
37:59.107,1549.926989
37:59.129,1549.926188
37:59.129,1549.926188
37:59.129,1549.927791
37:59.129,1549.925387
37:59.132,1549.926989
37:59.137,1549.925387
37:59.143,1549.926188
37:59.147,1549.926188
37:59.152,1549.926989
37:59.172,1549.927791
37:59.173,1549.925387
37:59.173,1549.925387
37:59.173,1549.926188
37:59.177,1549.926989
37:59.182,1549.926989
37:59.188,1549.926989
37:59.192,1549.926989
37:59.202,1549.926188
37:59.216,1549.926989
37:59.216,1549.926188
37:59.216,1549.925387
37:59.217,1549.926188
37:59.222,1549.926989
37:59.228,1549.927791
37:59.232,1549.925387
37:59.237,1549.926989
37:59.260,1549.926989
37:59.260,1549.925387
37:59.260,1549.925387
37:59.261,1549.926989
37:59.262,1549.926188
37:59.267,1549.925387
37:59.272,1549.926188
37:59.277,1549.926188
37:59.282,1549.926989
37:59.306,1549.926188
37:59.306,1549.925387
37:59.308,1549.926989
37:59.310,1549.925387
37:59.310,1549.926989
37:59.312,1549.926989
37:59.317,1549.926989
37:59.323,1549.927791
37:59.328,1549.926989
37:59.332,1549.925387
37:59.352,1549.924585
37:59.352,1549.925387
37:59.353,1549.926989
37:59.353,1549.928592
37:59.357,1549.926989
37:59.362,1549.925387
37:59.367,1549.926989
37:59.372,1549.926188
37:59.382,1549.925387
37:59.397,1549.925387
37:59.398,1549.926989
37:59.398,1549.926989
37:59.398,1549.926989
37:59.402,1549.925387
37:59.408,1549.926188
37:59.413,1549.926188
37:59.417,1549.927791
37:59.422,1549.927791
37:59.464,1549.926989
37:59.464,1549.927791
37:59.464,1549.926188
37:59.466,1549.925387
37:59.466,1549.926188
37:59.466,1549.926188
37:59.466,1549.926989
37:59.466,1549.927791
37:59.467,1549.926989
37:59.473,1549.926989
37:59.477,1549.926188
37:59.482,1549.926188
37:59.488,1549.927791
37:59.510,1549.926989
37:59.510,1549.926188
37:59.511,1549.926188
37:59.511,1549.926188
37:59.512,1549.926188
37:59.518,1549.925387
37:59.522,1549.925387
37:59.528,1549.926989
37:59.532,1549.926188
37:59.556,1549.926989
37:59.557,1549.926989
37:59.557,1549.925387
37:59.557,1549.926989
37:59.557,1549.926188
37:59.562,1549.926188
37:59.568,1549.925387
37:59.572,1549.926188
37:59.577,1549.926188
37:59.588,1549.926188
37:59.601,1549.926989
37:59.601,1549.926989
37:59.601,1549.926989
37:59.602,1549.926989
37:59.608,1549.926188
37:59.612,1549.926989
37:59.617,1549.926188
37:59.623,1549.926188
37:59.633,1549.926989
37:59.646,1549.926989
37:59.646,1549.926989
37:59.646,1549.926188
37:59.648,1549.925387
37:59.653,1549.926989
37:59.657,1549.926989
37:59.662,1549.927791
37:59.667,1549.926989
37:59.678,1549.926188
37:59.691,1549.925387
37:59.692,1549.925387
37:59.692,1549.925387
37:59.692,1549.926989
37:59.697,1549.926188
37:59.703,1549.926989
37:59.707,1549.926989
37:59.712,1549.926989
37:59.717,1549.926188
37:59.742,1549.925387
37:59.743,1549.926188
37:59.743,1549.928592
37:59.743,1549.925387
37:59.743,1549.926188
37:59.748,1549.925387
37:59.752,1549.926989
37:59.758,1549.926989
37:59.762,1549.926989
37:59.767,1549.925387
37:59.787,1549.926188
37:59.787,1549.926989
37:59.787,1549.926188
37:59.788,1549.926989
37:59.792,1549.926188
37:59.798,1549.926989
37:59.802,1549.927791
37:59.807,1549.926188
37:59.817,1549.926188
37:59.830,1549.925387
37:59.830,1549.927791
37:59.831,1549.926989
37:59.833,1549.926989
37:59.837,1549.925387
37:59.842,1549.926188
37:59.848,1549.925387
37:59.852,1549.926989
37:59.863,1549.926989
37:59.876,1549.926188
37:59.877,1549.925387
37:59.877,1549.927791
37:59.877,1549.926989
37:59.882,1549.926188
37:59.887,1549.925387
37:59.893,1549.926188
37:59.897,1549.926989
37:59.908,1549.927791
37:59.922,1549.926989
37:59.922,1549.924585
37:59.923,1549.926188
37:59.923,1549.926188
37:59.927,1549.926989
37:59.933,1549.926188
37:59.937,1549.926989
37:59.943,1549.928592
37:59.953,1549.926188
37:59.966,1549.926989
37:59.966,1549.925387
37:59.966,1549.926989
37:59.967,1549.926989
37:59.973,1549.926188
37:59.977,1549.926188
37:59.982,1549.925387
37:59.988,1549.926989
38:00.021,1549.926188
38:00.022,1549.926989
38:00.022,1549.926989
38:00.022,1549.926989
38:00.022,1549.928592
38:00.022,1549.925387
38:00.023,1549.925387
38:00.027,1549.926188
38:00.033,1549.927791
38:00.038,1549.926989
38:00.042,1549.925387
38:00.047,1549.926188
38:00.068,1549.924585
38:00.069,1549.926188
38:00.069,1549.926188
38:00.069,1549.927791
38:00.073,1549.926188
38:00.077,1549.926989
38:00.082,1549.926989
38:00.087,1549.925387
38:00.098,1549.925387
38:00.112,1549.926188
38:00.112,1549.926989
38:00.113,1549.927791
38:00.114,1549.926188
38:00.118,1549.926188
38:00.122,1549.924585
38:00.127,1549.926989
38:00.132,1549.927791
38:00.137,1549.926989
38:00.157,1549.926188
38:00.158,1549.926188
38:00.158,1549.926989
38:00.158,1549.926989
38:00.162,1549.926989
38:00.167,1549.926188
38:00.172,1549.925387
38:00.178,1549.926188
38:00.187,1549.926188
38:00.200,1549.926989
38:00.200,1549.926188
38:00.202,1549.926188
38:00.203,1549.926188
38:00.207,1549.926188
38:00.212,1549.926188
38:00.217,1549.926989
38:00.223,1549.926989
38:00.245,1549.926188
38:00.245,1549.927791
38:00.245,1549.926989
38:00.245,1549.926989
38:00.247,1549.925387
38:00.253,1549.925387
38:00.258,1549.926989
38:00.263,1549.926989
38:00.267,1549.926989
38:00.291,1549.926188
38:00.291,1549.926188
38:00.291,1549.925387
38:00.292,1549.926188
38:00.292,1549.926188
38:00.298,1549.925387
38:00.302,1549.926989
38:00.308,1549.928592
38:00.313,1549.927791
38:00.317,1549.925387
38:00.337,1549.925387
38:00.338,1549.926989
38:00.338,1549.926989
38:00.338,1549.926989
38:00.342,1549.926989
38:00.347,1549.926989
38:00.353,1549.926188
38:00.357,1549.926188
38:00.367,1549.925387
38:00.381,1549.925387
38:00.381,1549.926188
38:00.382,1549.927791
38:00.382,1549.927791
38:00.387,1549.926989
38:00.393,1549.926188
38:00.397,1549.926188
38:00.402,1549.926188
38:00.408,1549.926188
38:00.428,1549.926188
38:00.428,1549.926989
38:00.428,1549.925387
38:00.429,1549.926989
38:00.432,1549.926188
38:00.437,1549.925387
38:00.442,1549.926989
38:00.447,1549.926989
38:00.457,1549.927791
38:00.471,1549.926188
38:00.472,1549.926989
38:00.472,1549.926188
38:00.472,1549.926989
38:00.477,1549.926989
38:00.483,1549.925387
38:00.487,1549.925387
38:00.493,1549.926188
38:00.497,1549.928592
38:00.517,1549.927791
38:00.517,1549.926188
38:00.518,1549.926989
38:00.518,1549.926188
38:00.522,1549.926188
38:00.527,1549.925387
38:00.533,1549.926989
38:00.538,1549.927791
38:00.547,1549.926989
38:00.560,1549.926188
38:00.560,1549.924585
38:00.562,1549.926188
38:00.563,1549.926188
38:00.568,1549.926989
38:00.573,1549.928592
38:00.578,1549.926188
38:00.582,1549.926989
38:00.604,1549.926188
38:00.605,1549.926188
38:00.605,1549.926188
38:00.605,1549.926188
38:00.608,1549.926989
38:00.612,1549.926188
38:00.618,1549.926188
38:00.623,1549.926989
38:00.627,1549.926989
38:00.651,1549.926188
38:00.651,1549.926188
38:00.651,1549.926188
38:00.652,1549.926989
38:00.652,1549.926188
38:00.657,1549.926989
38:00.662,1549.926989
38:00.667,1549.926188
38:00.672,1549.926188
38:00.678,1549.925387
38:00.697,1549.926989
38:00.697,1549.926989
38:00.698,1549.926188
38:00.698,1549.926188
38:00.702,1549.926188
38:00.708,1549.926989
38:00.713,1549.926989
38:00.718,1549.926989
38:00.728,1549.925387
38:00.741,1549.926188
38:00.741,1549.927791
38:00.742,1549.926989
38:00.742,1549.927791
38:00.748,1549.927791
38:00.753,1549.926989
38:00.758,1549.926188
38:00.763,1549.926188
38:00.767,1549.926188
38:00.788,1549.926188
38:00.788,1549.926989
38:00.788,1549.926989
38:00.789,1549.926188
38:00.793,1549.925387
38:00.798,1549.925387
38:00.802,1549.926188
38:00.807,1549.926188
38:00.818,1549.926989
38:00.831,1549.927791
38:00.831,1549.927791
38:00.831,1549.925387
38:00.832,1549.925387
38:00.837,1549.926188
38:00.843,1549.926989
38:00.848,1549.926989
38:00.853,1549.926188
38:00.860,1549.926989
38:00.878,1549.926989
38:00.878,1549.926188
38:00.878,1549.926188
38:00.879,1549.926188
38:00.883,1549.926989
38:00.888,1549.926989
38:00.892,1549.926188
38:00.897,1549.925387
38:00.903,1549.927791
38:00.922,1549.927791
38:00.923,1549.926188
38:00.923,1549.926188
38:00.923,1549.926188
38:00.927,1549.926188
38:00.933,1549.925387
38:00.937,1549.926989
38:00.943,1549.927791
38:00.953,1549.926989
38:00.967,1549.926188
38:00.967,1549.925387
38:00.968,1549.926989
38:00.968,1549.926989
38:00.972,1549.926188
38:00.977,1549.926989
38:00.983,1549.927791
38:00.987,1549.926188
38:01.011,1549.926188
38:01.011,1549.925387
38:01.012,1549.926188
38:01.012,1549.927791
38:01.012,1549.927791
38:01.018,1549.926989
38:01.023,1549.926188
38:01.028,1549.926188
38:01.032,1549.926188
38:01.057,1549.926188
38:01.057,1549.926989
38:01.057,1549.926989
38:01.058,1549.926188
38:01.058,1549.926188
38:01.063,1549.926989
38:01.068,1549.926989
38:01.073,1549.926989
38:01.078,1549.927791
38:01.088,1549.926188
38:01.102,1549.925387
38:01.102,1549.925387
38:01.102,1549.926188
38:01.103,1549.926989
38:01.108,1549.926188
38:01.112,1549.926188
38:01.118,1549.926188
38:01.123,1549.926188
38:01.127,1549.926989
38:01.148,1549.926989
38:01.148,1549.926989
38:01.148,1549.926989
38:01.149,1549.929393
38:01.153,1549.926188
38:01.157,1549.924585
38:01.162,1549.925387
38:01.167,1549.926188
38:01.178,1549.926989
38:01.191,1549.926188
38:01.192,1549.926989
38:01.192,1549.926989
38:01.192,1549.926188
38:01.198,1549.926188
38:01.203,1549.927791
38:01.207,1549.925387
38:01.213,1549.926989
38:01.217,1549.927791
38:01.238,1549.926989
38:01.238,1549.925387
38:01.238,1549.925387
38:01.239,1549.926188
38:01.243,1549.926989
38:01.248,1549.927791
38:01.253,1549.926989
38:01.258,1549.927791
38:01.268,1549.927791
38:01.281,1549.926989
38:01.282,1549.925387
38:01.282,1549.923784
38:01.282,1549.926989
38:01.288,1549.927791
38:01.293,1549.927791
38:01.298,1549.925387
38:01.303,1549.926188
38:01.307,1549.926989
38:01.328,1549.927791
38:01.328,1549.927791
38:01.328,1549.926989
38:01.328,1549.926188
38:01.333,1549.926188
38:01.338,1549.926989
38:01.342,1549.926989
38:01.348,1549.926188
38:01.357,1549.927791
38:01.371,1549.926989
38:01.372,1549.926188
38:01.372,1549.926188
38:01.373,1549.927791
38:01.377,1549.926989
38:01.383,1549.926188
38:01.388,1549.926188
38:01.392,1549.926188
38:01.416,1549.926188
38:01.416,1549.926188
38:01.416,1549.925387
38:01.416,1549.926989
38:01.418,1549.926989
38:01.422,1549.927791
38:01.428,1549.926989
38:01.433,1549.926188
38:01.438,1549.926188
38:01.442,1549.926989
38:01.463,1549.926989
38:01.463,1549.926188
38:01.463,1549.926989
38:01.464,1549.926188
38:01.468,1549.926188
38:01.472,1549.924585
38:01.478,1549.926188
38:01.482,1549.926989
38:01.487,1549.926989
38:01.510,1549.927791
38:01.510,1549.926989
38:01.510,1549.926989
38:01.511,1549.926188
38:01.512,1549.924585
38:01.518,1549.926989
38:01.523,1549.926989
38:01.528,1549.927791
38:01.532,1549.926188
38:01.557,1549.926188
38:01.557,1549.926188
38:01.557,1549.926188
38:01.557,1549.926188
38:01.558,1549.926989
38:01.563,1549.926188
38:01.568,1549.926989
38:01.573,1549.926989
38:01.578,1549.925387
38:01.588,1549.927791
38:01.601,1549.926989
38:01.602,1549.926989
38:01.602,1549.926188
38:01.602,1549.926989
38:01.608,1549.926188
38:01.612,1549.926989
38:01.618,1549.926989
38:01.623,1549.926989
38:01.627,1549.926188
38:01.647,1549.925387
38:01.648,1549.926989
38:01.648,1549.926188
38:01.648,1549.927791
38:01.653,1549.926989
38:01.657,1549.927791
38:01.662,1549.926188
38:01.667,1549.926188
38:01.678,1549.926188
38:01.691,1549.926188
38:01.691,1549.926188
38:01.691,1549.926188
38:01.693,1549.927791
38:01.698,1549.926188
38:01.703,1549.926989
38:01.708,1549.926188
38:01.713,1549.925387
38:01.723,1549.927791
38:01.737,1549.926989
38:01.737,1549.927791
38:01.738,1549.924585
38:01.738,1549.926989
38:01.743,1549.927791
38:01.748,1549.926188
38:01.753,1549.926989
38:01.758,1549.925387
38:01.769,1549.926989
38:01.781,1549.926188
38:01.782,1549.926989
38:01.782,1549.926989
38:01.782,1549.926188
38:01.788,1549.926989
38:01.793,1549.926188
38:01.798,1549.926989
38:01.803,1549.925387
38:01.807,1549.926989
38:01.828,1549.926989
38:01.828,1549.926989
38:01.828,1549.926989
38:01.828,1549.926188
38:01.832,1549.926989
38:01.837,1549.926188
38:01.842,1549.926989
38:01.848,1549.926989
38:01.857,1549.926188
38:01.871,1549.926188
38:01.871,1549.926188
38:01.872,1549.926989
38:01.872,1549.925387
38:01.878,1549.926188
38:01.883,1549.926188
38:01.888,1549.926989
38:01.892,1549.928592
38:01.915,1549.926188
38:01.917,1549.926989
38:01.917,1549.925387
38:01.917,1549.924585
38:01.918,1549.926188
38:01.923,1549.926989
38:01.928,1549.926989
38:01.933,1549.925387
38:01.938,1549.926989
38:01.942,1549.926188
38:01.962,1549.926188
38:01.963,1549.926989
38:01.963,1549.926188
38:01.963,1549.926188
38:01.968,1549.926989
38:01.973,1549.927791
38:01.978,1549.926188
38:01.982,1549.926989
38:01.993,1549.926989
38:02.006,1549.926989
38:02.006,1549.926188
38:02.007,1549.926188
38:02.007,1549.926989
38:02.013,1549.925387
38:02.017,1549.928592
38:02.022,1549.927791
38:02.027,1549.926188
38:02.032,1549.925387
38:02.054,1549.924585
38:02.055,1549.927791
38:02.055,1549.926188
38:02.055,1549.926188
38:02.057,1549.926188
38:02.063,1549.926989
38:02.068,1549.926989
38:02.072,1549.926188
38:02.078,1549.926188
38:02.083,1549.926188
38:02.102,1549.927791
38:02.102,1549.927791
38:02.104,1549.926188
38:02.104,1549.926188
38:02.108,1549.924585
38:02.113,1549.926188
38:02.118,1549.926989
38:02.123,1549.926989
38:02.132,1549.926989
38:02.147,1549.926989
38:02.147,1549.926989
38:02.148,1549.926188
38:02.148,1549.926989
38:02.152,1549.926188
38:02.157,1549.926989
38:02.163,1549.926989
38:02.168,1549.926989
38:02.173,1549.926188
38:02.194,1549.926188
38:02.194,1549.926989
38:02.195,1549.925387
38:02.195,1549.925387
38:02.198,1549.926989
38:02.202,1549.927791
38:02.207,1549.926989
38:02.213,1549.926188
38:02.217,1549.926989
38:02.238,1549.927791
38:02.238,1549.926188
38:02.240,1549.926188
38:02.240,1549.925387
38:02.242,1549.926989
38:02.248,1549.927791
38:02.253,1549.927791
38:02.258,1549.925387
38:02.262,1549.926188
38:02.283,1549.926989
38:02.283,1549.926188
38:02.284,1549.926989
38:02.284,1549.926989
38:02.288,1549.928592
38:02.293,1549.926188
38:02.298,1549.926188
38:02.303,1549.926188
38:02.312,1549.924585
38:02.326,1549.926188
38:02.327,1549.926989
38:02.327,1549.927791
38:02.327,1549.927791
38:02.333,1549.926188
38:02.338,1549.926989
38:02.343,1549.925387
38:02.347,1549.926989
38:02.358,1549.926989
38:02.372,1549.926188
38:02.372,1549.926188
38:02.372,1549.925387
38:02.373,1549.926989
38:02.378,1549.925387
38:02.383,1549.926188
38:02.388,1549.926989
38:02.393,1549.927791
38:02.397,1549.927791
38:02.418,1549.926188
38:02.419,1549.926989
38:02.419,1549.926188
38:02.419,1549.926989
38:02.422,1549.926188
38:02.428,1549.926989
38:02.433,1549.926188
38:02.437,1549.926188
38:02.448,1549.927791
38:02.461,1549.927791
38:02.462,1549.926989
38:02.462,1549.926989
38:02.462,1549.926188
38:02.467,1549.926188
38:02.473,1549.925387
38:02.478,1549.925387
38:02.482,1549.926989
38:02.488,1549.926989
38:02.507,1549.926989
38:02.508,1549.926989
38:02.508,1549.926188
38:02.508,1549.926989
38:02.513,1549.926989
38:02.517,1549.926188
38:02.523,1549.926989
38:02.528,1549.926989
38:02.538,1549.926989
38:02.551,1549.925387
38:02.551,1549.925387
38:02.552,1549.924585
38:02.552,1549.926188
38:02.557,1549.926188
38:02.562,1549.926989
38:02.567,1549.926989
38:02.572,1549.926188
38:02.584,1549.926989
38:02.598,1549.926188
38:02.598,1549.926188
38:02.598,1549.926989
38:02.598,1549.926989
38:02.603,1549.926989
38:02.608,1549.926188
38:02.612,1549.925387
38:02.618,1549.926188
38:02.622,1549.926188
38:02.643,1549.926188
38:02.643,1549.926989
38:02.643,1549.927791
38:02.643,1549.926188
38:02.648,1549.926188
38:02.652,1549.925387
38:02.658,1549.926989
38:02.663,1549.925387
38:02.672,1549.926188
38:02.686,1549.926989
38:02.686,1549.926188
38:02.687,1549.925387
38:02.687,1549.927791
38:02.693,1549.927791
38:02.698,1549.926188
38:02.703,1549.926188
38:02.708,1549.925387
38:02.718,1549.926188
38:02.731,1549.925387
38:02.731,1549.926188
38:02.733,1549.926989
38:02.733,1549.926989
38:02.737,1549.927791
38:02.743,1549.926188
38:02.748,1549.926188
38:02.752,1549.925387
38:02.776,1549.926188
38:02.777,1549.928592
38:02.777,1549.926989
38:02.777,1549.926989
38:02.778,1549.925387
38:02.783,1549.926188
38:02.787,1549.926188
38:02.793,1549.927791
38:02.798,1549.927791
38:02.823,1549.926989
38:02.823,1549.927791
38:02.823,1549.926989
38:02.824,1549.927791
38:02.824,1549.925387
38:02.828,1549.925387
38:02.833,1549.926188
38:02.838,1549.926188
38:02.843,1549.927791
38:02.847,1549.926188
38:02.867,1549.926989
38:02.868,1549.926188
38:02.868,1549.926989
38:02.868,1549.926989
38:02.872,1549.926989
38:02.878,1549.926188
38:02.883,1549.926989
38:02.888,1549.926188
38:02.898,1549.926188
38:02.912,1549.926989
38:02.912,1549.926188
38:02.912,1549.925387
38:02.913,1549.926188
38:02.918,1549.926188
38:02.923,1549.926989
38:02.927,1549.926989
38:02.933,1549.926989
38:02.937,1549.926989
38:02.960,1549.925387
38:02.960,1549.925387
38:02.960,1549.926188
38:02.960,1549.926188
38:02.963,1549.926188
38:02.968,1549.927791
38:02.973,1549.926989
38:02.978,1549.926989
38:02.983,1549.926989
38:02.987,1549.927791
38:03.008,1549.925387
38:03.008,1549.926188
38:03.008,1549.926989
38:03.009,1549.926989
38:03.013,1549.926188
38:03.017,1549.925387
38:03.022,1549.925387
38:03.028,1549.926989
38:03.038,1549.926989
38:03.051,1549.926989
38:03.051,1549.927791
38:03.052,1549.926989
38:03.053,1549.926188
38:03.058,1549.926188
38:03.063,1549.924585
38:03.068,1549.925387
38:03.073,1549.927791
38:03.083,1549.927791
38:03.097,1549.926989
38:03.098,1549.925387
38:03.098,1549.925387
38:03.098,1549.926989
38:03.102,1549.926188
38:03.108,1549.926989
38:03.112,1549.926188
38:03.117,1549.926989
38:03.122,1549.925387
38:03.143,1549.926188
38:03.143,1549.925387
38:03.144,1549.926188
38:03.144,1549.926989
38:03.148,1549.927791
38:03.152,1549.927791
38:03.158,1549.926188
38:03.162,1549.926989
38:03.172,1549.926188
38:03.186,1549.926188
38:03.187,1549.926188
38:03.187,1549.925387
38:03.187,1549.926188
38:03.192,1549.926188
38:03.198,1549.926989
38:03.203,1549.926989
38:03.208,1549.926989
38:03.218,1549.926989
38:03.231,1549.926989
38:03.232,1549.925387
38:03.232,1549.926989
38:03.232,1549.926188
38:03.237,1549.926989
38:03.243,1549.926989
38:03.248,1549.926188
38:03.252,1549.926188
38:03.276,1549.926188
38:03.276,1549.925387
38:03.276,1549.926989
38:03.277,1549.926188
38:03.278,1549.926188
38:03.283,1549.926989
38:03.287,1549.926188
38:03.292,1549.926188
38:03.298,1549.926989
38:03.322,1549.926989
38:03.323,1549.925387
38:03.323,1549.926188
38:03.323,1549.926188
38:03.323,1549.926989
38:03.328,1549.925387
38:03.333,1549.926989
38:03.338,1549.926188
38:03.343,1549.926188
38:03.347,1549.926989
38:03.367,1549.926188
38:03.368,1549.928592
38:03.368,1549.926188
38:03.368,1549.927791
38:03.373,1549.926188
38:03.378,1549.925387
38:03.383,1549.926188
38:03.388,1549.926188
38:03.398,1549.926989
38:03.411,1549.926989
38:03.411,1549.927791
38:03.412,1549.926989
38:03.412,1549.925387
38:03.418,1549.925387
38:03.423,1549.926188
38:03.428,1549.926989
38:03.433,1549.925387
38:03.444,1549.926989
38:03.458,1549.927791
38:03.458,1549.926989
38:03.458,1549.926188
38:03.458,1549.925387
38:03.462,1549.925387
38:03.468,1549.926188
38:03.473,1549.926989
38:03.478,1549.926989
38:03.489,1549.926188
38:03.501,1549.925387
38:03.501,1549.925387
38:03.503,1549.926989
38:03.503,1549.926989
38:03.508,1549.926188
38:03.513,1549.927791
38:03.517,1549.926188
38:03.522,1549.926188
38:03.534,1549.926989
38:03.546,1549.926989
38:03.547,1549.926989
38:03.547,1549.926188
38:03.547,1549.926989
38:03.552,1549.925387
38:03.557,1549.926989
38:03.563,1549.927791
38:03.567,1549.926188
38:03.578,1549.925387
38:03.591,1549.925387
38:03.592,1549.926989
38:03.592,1549.926989
38:03.593,1549.924585
38:03.597,1549.927791
38:03.602,1549.926989
38:03.608,1549.926188
38:03.612,1549.926188
38:03.636,1549.926989
38:03.636,1549.926188
38:03.636,1549.926989
38:03.637,1549.926188
38:03.637,1549.927791
38:03.642,1549.926989
38:03.647,1549.926989
38:03.652,1549.926989
38:03.658,1549.925387
38:03.681,1549.925387
38:03.681,1549.926188
38:03.681,1549.926188
38:03.682,1549.926989
38:03.682,1549.926989
38:03.688,1549.926188
38:03.692,1549.926188
38:03.697,1549.926188
38:03.703,1549.926188
38:03.707,1549.926989
38:03.728,1549.926989
38:03.728,1549.926188
38:03.728,1549.926989
38:03.729,1549.926989
38:03.733,1549.926989
38:03.737,1549.926188
38:03.742,1549.925387
38:03.748,1549.926989
38:03.758,1549.926188
38:03.770,1549.926188
38:03.771,1549.926188
38:03.771,1549.926188
38:03.772,1549.926989
38:03.778,1549.927791
38:03.782,1549.926188
38:03.787,1549.925387
38:03.793,1549.925387
38:03.804,1549.926188
38:03.818,1549.926989
38:03.818,1549.928592
38:03.818,1549.926188
38:03.818,1549.925387
38:03.823,1549.924585
38:03.827,1549.927791
38:03.832,1549.926989
38:03.838,1549.926188
38:03.848,1549.926989
38:03.861,1549.926989
38:03.861,1549.926188
38:03.861,1549.925387
38:03.862,1549.925387
38:03.868,1549.926188
38:03.872,1549.926989
38:03.877,1549.927791
38:03.883,1549.926989
38:03.893,1549.926188
38:03.907,1549.925387
38:03.907,1549.926989
38:03.907,1549.926188
38:03.908,1549.926989
38:03.912,1549.926989
38:03.917,1549.926989
38:03.923,1549.926188
38:03.927,1549.925387
38:03.938,1549.926188
38:03.952,1549.926989
38:03.952,1549.926989
38:03.953,1549.926989
38:03.953,1549.926188
38:03.957,1549.926188
38:03.962,1549.926188
38:03.967,1549.926989
38:03.972,1549.925387
38:03.996,1549.926188
38:03.996,1549.926188
38:03.996,1549.925387
38:03.996,1549.926188
38:03.998,1549.926188
38:04.002,1549.927791
38:04.007,1549.926188
38:04.013,1549.926989
38:04.017,1549.926188
38:04.022,1549.925387
38:04.042,1549.925387
38:04.042,1549.926188
38:04.043,1549.926989
38:04.043,1549.926188
38:04.047,1549.926188
38:04.053,1549.926989
38:04.057,1549.926989
38:04.062,1549.926989
38:04.073,1549.926188
38:04.086,1549.926989
38:04.086,1549.926989
38:04.086,1549.926188
38:04.087,1549.925387
38:04.092,1549.925387
38:04.098,1549.925387
38:04.102,1549.925387
38:04.107,1549.927791
38:04.120,1549.927791
38:04.134,1549.926188
38:04.134,1549.926989
38:04.134,1549.924585
38:04.134,1549.927791
38:04.137,1549.926989
38:04.143,1549.926188
38:04.147,1549.926188
38:04.152,1549.926188
38:04.158,1549.927791
38:04.180,1549.926989
38:04.180,1549.926188
38:04.180,1549.926188
38:04.181,1549.926989
38:04.182,1549.926989
38:04.187,1549.926188
38:04.193,1549.926188
38:04.197,1549.926989
38:04.202,1549.926989
38:04.214,1549.926188
38:04.227,1549.926989
38:04.227,1549.926188
38:04.227,1549.926188
38:04.228,1549.926989
38:04.232,1549.926989
38:04.238,1549.926989
38:04.243,1549.926989
38:04.247,1549.926989
38:04.252,1549.925387
38:04.273,1549.926188
38:04.273,1549.926989
38:04.273,1549.925387
38:04.273,1549.925387
38:04.277,1549.926188
38:04.283,1549.929393
38:04.288,1549.927791
38:04.292,1549.926188
38:04.304,1549.925387
38:04.316,1549.924585
38:04.317,1549.926188
38:04.317,1549.926188
38:04.317,1549.927791
38:04.322,1549.926188
38:04.327,1549.926188
38:04.333,1549.926989
38:04.337,1549.925387
38:04.348,1549.926188
38:04.361,1549.926188
38:04.362,1549.927791
38:04.362,1549.927791
38:04.362,1549.926989
38:04.367,1549.925387
38:04.373,1549.924585
38:04.378,1549.926188
38:04.382,1549.926188
38:04.393,1549.927791
38:04.406,1549.926188
38:04.406,1549.926188
38:04.406,1549.927791
38:04.407,1549.926188
38:04.413,1549.926188
38:04.417,1549.926188
38:04.422,1549.926989
38:04.428,1549.926989
38:04.452,1549.925387
38:04.452,1549.925387
38:04.452,1549.926989
38:04.452,1549.926188
38:04.453,1549.926989
38:04.458,1549.926188
38:04.462,1549.925387
38:04.467,1549.926188
38:04.472,1549.927791
38:04.477,1549.927791
38:04.497,1549.926989
38:04.497,1549.926188
38:04.498,1549.926989
38:04.498,1549.925387
38:04.502,1549.925387
38:04.507,1549.925387
38:04.512,1549.926989
38:04.518,1549.927791
38:04.527,1549.926188
38:04.541,1549.926188
38:04.541,1549.924585
38:04.542,1549.926188
38:04.543,1549.926188
38:04.548,1549.927791
38:04.552,1549.925387
38:04.558,1549.926989
38:04.562,1549.926989
38:04.573,1549.926989
38:04.587,1549.926989
38:04.587,1549.926188
38:04.587,1549.926188
38:04.588,1549.927791
38:04.593,1549.926989
38:04.597,1549.926188
38:04.602,1549.925387
38:04.608,1549.925387
38:04.619,1549.926989
38:04.632,1549.926989
38:04.632,1549.926188
38:04.632,1549.925387
38:04.633,1549.926989
38:04.638,1549.926188
38:04.643,1549.926188
38:04.647,1549.926188
38:04.652,1549.925387
38:04.663,1549.926188
38:04.676,1549.926989
38:04.677,1549.927791
38:04.677,1549.925387
38:04.677,1549.926188
38:04.682,1549.926188
38:04.688,1549.926989
38:04.692,1549.926188
38:04.697,1549.926188
38:04.708,1549.926989
38:04.724,1549.926989
38:04.724,1549.926989
38:04.724,1549.927791
38:04.725,1549.926188
38:04.727,1549.926989
38:04.733,1549.925387
38:04.738,1549.925387
38:04.742,1549.925387
38:04.747,1549.926188
38:04.753,1549.927791
38:04.773,1549.928592
38:04.773,1549.927791
38:04.774,1549.926188
38:04.774,1549.926188
38:04.777,1549.926989
38:04.783,1549.925387
38:04.787,1549.926989
38:04.792,1549.926989
38:04.804,1549.926989
38:04.816,1549.926188
38:04.817,1549.925387
38:04.817,1549.925387
38:04.817,1549.927791
38:04.823,1549.927791
38:04.828,1549.926989
38:04.832,1549.926188
38:04.837,1549.927791
38:04.848,1549.926188
38:04.861,1549.925387
38:04.861,1549.925387
38:04.861,1549.925387
38:04.862,1549.926989
38:04.868,1549.926989
38:04.872,1549.926989
38:04.877,1549.926188
38:04.883,1549.926188
38:04.904,1549.925387
38:04.905,1549.926188
38:04.905,1549.926188
38:04.905,1549.926188
38:04.907,1549.926989
38:04.913,1549.926188
38:04.917,1549.926989
38:04.922,1549.926188
38:04.928,1549.925387
38:04.932,1549.926188
38:04.953,1549.926188
38:04.953,1549.928592
38:04.953,1549.926989
38:04.953,1549.925387
38:04.958,1549.925387
38:04.962,1549.926989
38:04.967,1549.927791
38:04.973,1549.925387
38:04.982,1549.926989
38:04.996,1549.927791
38:04.996,1549.926989
38:04.996,1549.926989
38:04.997,1549.928592
38:05.003,1549.927791
38:05.007,1549.926188
38:05.012,1549.925387
38:05.018,1549.926188
38:05.028,1549.926989
38:05.042,1549.926188
38:05.042,1549.927791
38:05.042,1549.926188
38:05.043,1549.926188
38:05.047,1549.926188
38:05.052,1549.925387
38:05.058,1549.926188
38:05.062,1549.926188
38:05.073,1549.926989
38:05.087,1549.926188
38:05.087,1549.925387
38:05.087,1549.926188
38:05.087,1549.926188
38:05.092,1549.926989
38:05.098,1549.926989
38:05.102,1549.926989
38:05.107,1549.926989
38:05.112,1549.926989
38:05.133,1549.926989
38:05.133,1549.926989
38:05.133,1549.926188
38:05.134,1549.925387
38:05.138,1549.926188
38:05.143,1549.927791
38:05.148,1549.925387
38:05.153,1549.927791
38:05.163,1549.927791
38:05.176,1549.926188
38:05.177,1549.926188
38:05.177,1549.926989
38:05.178,1549.925387
38:05.182,1549.925387
38:05.187,1549.927791
38:05.193,1549.927791
38:05.198,1549.926188
38:05.220,1549.925387
38:05.221,1549.926188
38:05.221,1549.926188
38:05.221,1549.926188
38:05.222,1549.926989
38:05.228,1549.926989
38:05.232,1549.926989
38:05.237,1549.926188
38:05.242,1549.926188
38:05.247,1549.926188
38:05.268,1549.926188
38:05.268,1549.926989
38:05.268,1549.926188
38:05.268,1549.926188
38:05.273,1549.926188
38:05.278,1549.926989
38:05.283,1549.927791
38:05.288,1549.925387
38:05.298,1549.926989
38:05.311,1549.926989
38:05.313,1549.926188
38:05.313,1549.925387
38:05.313,1549.926989
38:05.317,1549.926989
38:05.323,1549.926188
38:05.328,1549.927791
38:05.333,1549.926188
38:05.343,1549.926188
38:05.356,1549.926188
38:05.357,1549.926989
38:05.357,1549.927791
38:05.357,1549.925387
38:05.362,1549.925387
38:05.368,1549.925387
38:05.373,1549.926188
38:05.378,1549.926989
38:05.388,1549.926989
38:05.402,1549.926188
38:05.402,1549.926989
38:05.402,1549.926188
38:05.402,1549.926188
38:05.407,1549.926188
38:05.412,1549.926188
38:05.417,1549.926188
38:05.422,1549.926989
38:05.433,1549.926188
38:05.446,1549.926989
38:05.447,1549.926989
38:05.447,1549.926188
38:05.447,1549.926188
38:05.453,1549.925387
38:05.458,1549.926989
38:05.462,1549.926989
38:05.467,1549.926989
38:05.478,1549.928592
38:05.491,1549.925387
38:05.491,1549.926188
38:05.491,1549.926188
38:05.492,1549.926989
38:05.497,1549.927791
38:05.503,1549.926989
38:05.508,1549.926989
38:05.512,1549.926188
38:05.523,1549.926188
38:05.536,1549.926989
38:05.536,1549.925387
38:05.537,1549.926989
38:05.537,1549.926989
38:05.542,1549.927791
38:05.548,1549.926188
38:05.553,1549.925387
38:05.557,1549.927791
38:05.580,1549.926989
38:05.581,1549.926188
38:05.581,1549.925387
38:05.581,1549.926989
38:05.582,1549.926989
38:05.587,1549.926188
38:05.593,1549.926989
38:05.598,1549.926188
38:05.603,1549.926188
38:05.626,1549.926188
38:05.626,1549.926188
38:05.626,1549.926188
38:05.627,1549.926989
38:05.627,1549.928592
38:05.633,1549.927791
38:05.637,1549.926989
38:05.642,1549.926188
38:05.648,1549.926188
38:05.658,1549.926188
38:05.671,1549.927791
38:05.671,1549.926989
38:05.671,1549.927791
38:05.673,1549.926188
38:05.678,1549.926188
38:05.683,1549.925387
38:05.688,1549.925387
38:05.692,1549.925387
38:05.697,1549.926989
38:05.717,1549.927791
38:05.718,1549.926188
38:05.718,1549.926989
38:05.718,1549.926989
38:05.722,1549.926989
38:05.727,1549.926188
38:05.733,1549.926188
38:05.738,1549.925387
38:05.748,1549.927791
38:05.761,1549.926989
38:05.762,1549.926188
38:05.762,1549.925387
38:05.762,1549.924585
38:05.767,1549.926188
38:05.773,1549.927791
38:05.777,1549.926989
38:05.782,1549.926989
38:05.787,1549.927791
38:05.809,1549.926989
38:05.810,1549.926188
38:05.811,1549.925387
38:05.811,1549.926188
38:05.812,1549.926989
38:05.817,1549.926989
38:05.823,1549.926188
38:05.828,1549.926188
38:05.832,1549.926989
38:05.853,1549.927791
38:05.853,1549.926188
38:05.853,1549.925387
38:05.854,1549.926188
38:05.858,1549.926989
38:05.862,1549.926989
38:05.867,1549.926989
38:05.872,1549.926989
38:05.883,1549.926188
38:05.896,1549.925387
38:05.896,1549.925387
38:05.896,1549.926188
38:05.897,1549.926989
38:05.902,1549.927791
38:05.908,1549.926989
38:05.913,1549.926989
38:05.917,1549.924585
38:05.939,1549.926188
38:05.939,1549.926188
38:05.939,1549.926989
38:05.939,1549.926188
38:05.943,1549.925387
38:05.948,1549.926989
38:05.953,1549.926188
38:05.958,1549.926989
38:05.962,1549.926188
38:05.985,1549.926188
38:05.986,1549.926188
38:05.986,1549.925387
38:05.986,1549.927791
38:05.988,1549.925387
38:05.992,1549.926989
38:05.998,1549.926989
38:06.003,1549.926188
38:06.008,1549.926188
38:06.012,1549.926188
38:06.032,1549.926188
38:06.033,1549.926188
38:06.033,1549.926188
38:06.033,1549.926989
38:06.038,1549.925387
38:06.042,1549.925387
38:06.047,1549.926188
38:06.052,1549.926989
38:06.063,1549.925387
38:06.076,1549.927791
38:06.076,1549.926989
38:06.076,1549.926188
38:06.077,1549.926989
38:06.082,1549.926188
38:06.088,1549.925387
38:06.093,1549.925387
38:06.098,1549.926188
38:06.102,1549.928592
38:06.122,1549.926989
38:06.123,1549.926188
38:06.123,1549.926188
38:06.123,1549.926188
38:06.127,1549.926188
38:06.132,1549.926188
38:06.137,1549.927791
38:06.143,1549.927791
38:06.153,1549.926188
38:06.167,1549.926188
38:06.167,1549.924585
38:06.167,1549.925387
38:06.168,1549.925387
38:06.173,1549.926188
38:06.178,1549.927791
38:06.183,1549.926989
38:06.188,1549.928592
38:06.192,1549.926989
38:06.212,1549.926188
38:06.213,1549.925387
38:06.213,1549.926188
38:06.213,1549.926989
38:06.218,1549.926989
38:06.223,1549.926989
38:06.228,1549.926989
38:06.233,1549.925387
38:06.242,1549.926188
38:06.256,1549.926989
38:06.256,1549.926188
38:06.256,1549.925387
38:06.257,1549.926188
38:06.262,1549.927791
38:06.267,1549.926989
38:06.272,1549.926188
38:06.277,1549.926188
38:06.288,1549.926188
38:06.301,1549.926989
38:06.301,1549.925387
38:06.303,1549.926989
38:06.304,1549.926989
38:06.308,1549.927791
38:06.312,1549.926989
38:06.317,1549.925387
38:06.323,1549.925387
38:06.328,1549.925387
38:06.349,1549.926188
38:06.349,1549.926188
38:06.349,1549.926188
38:06.349,1549.927791
38:06.353,1549.927791
38:06.358,1549.925387
38:06.363,1549.926188
38:06.368,1549.926989
38:06.372,1549.926989
38:06.393,1549.926989
38:06.393,1549.926989
38:06.393,1549.926188
38:06.394,1549.926188
38:06.397,1549.926188
38:06.403,1549.927791
38:06.408,1549.925387
38:06.413,1549.926989
38:06.423,1549.926989
38:06.437,1549.927791
38:06.437,1549.927791
38:06.437,1549.927791
38:06.438,1549.926188
38:06.443,1549.924585
38:06.447,1549.925387
38:06.453,1549.926188
38:06.458,1549.926989
38:06.462,1549.925387
38:06.482,1549.926989
38:06.482,1549.928592
38:06.483,1549.926188
38:06.483,1549.925387
38:06.488,1549.925387
38:06.493,1549.926989
38:06.498,1549.926989
38:06.503,1549.927791
38:06.512,1549.926989
38:06.527,1549.925387
38:06.527,1549.925387
38:06.527,1549.926188
38:06.527,1549.927791
38:06.533,1549.926188
38:06.538,1549.926989
38:06.543,1549.927791
38:06.548,1549.926989
38:06.558,1549.926188
38:06.571,1549.925387
38:06.572,1549.925387
38:06.572,1549.926188
38:06.573,1549.926188
38:06.578,1549.927791
38:06.583,1549.926188
38:06.587,1549.926989
38:06.593,1549.926188
38:06.603,1549.926989
38:06.616,1549.926188
38:06.617,1549.927791
38:06.618,1549.926188
38:06.618,1549.926188
38:06.622,1549.926989
38:06.628,1549.926188
38:06.632,1549.926989
38:06.638,1549.926188
38:06.648,1549.927791
38:06.661,1549.926989
38:06.661,1549.926989
38:06.662,1549.926989
38:06.662,1549.927791
38:06.668,1549.926989
38:06.672,1549.926188
38:06.677,1549.926188
38:06.682,1549.926188
38:06.687,1549.926188
38:06.707,1549.926188
38:06.707,1549.927791
38:06.707,1549.927791
38:06.708,1549.926188
38:06.712,1549.926989
38:06.718,1549.926989
38:06.723,1549.926188
38:06.728,1549.926188
38:06.737,1549.926188
38:06.751,1549.926989
38:06.752,1549.926989
38:06.752,1549.926989
38:06.752,1549.926188
38:06.757,1549.925387
38:06.762,1549.926188
38:06.767,1549.927791
38:06.772,1549.926989
38:06.795,1549.927791
38:06.796,1549.926989
38:06.796,1549.926989
38:06.796,1549.926188
38:06.798,1549.925387
38:06.802,1549.926989
38:06.808,1549.927791
38:06.813,1549.926989
38:06.818,1549.926188
38:06.822,1549.926989
38:06.842,1549.926188
38:06.842,1549.926188
38:06.843,1549.927791
38:06.843,1549.926989
38:06.847,1549.926989
38:06.852,1549.926188
38:06.857,1549.926989
38:06.862,1549.925387
38:06.873,1549.925387
38:06.887,1549.926989
38:06.887,1549.926989
38:06.888,1549.926989
38:06.888,1549.926188
38:06.892,1549.926188
38:06.898,1549.926188
38:06.902,1549.926989
38:06.908,1549.928592
38:06.912,1549.926989
38:06.932,1549.926188
38:06.932,1549.925387
38:06.932,1549.926989
38:06.933,1549.926188
38:06.938,1549.927791
38:06.942,1549.927791
38:06.948,1549.925387
38:06.953,1549.926188
38:06.957,1549.925387
38:06.982,1549.926989
38:06.982,1549.926188
38:06.983,1549.926989
38:06.983,1549.926989
38:06.983,1549.926989
38:06.987,1549.926188
38:06.993,1549.926188
38:06.998,1549.925387
38:07.003,1549.926989
38:07.007,1549.926989
38:07.027,1549.927791
38:07.028,1549.926989
38:07.028,1549.925387
38:07.028,1549.925387
38:07.033,1549.926188
38:07.037,1549.926989
38:07.041,1549.926188
38:07.048,1549.927791
38:07.058,1549.926989
38:07.071,1549.926188
38:07.071,1549.926989
38:07.072,1549.925387
38:07.072,1549.926188
38:07.078,1549.926989
38:07.082,1549.927791
38:07.088,1549.925387
38:07.093,1549.926188
38:07.103,1549.926188
38:07.117,1549.927791
38:07.118,1549.926989
38:07.118,1549.926188
38:07.118,1549.926989
38:07.123,1549.926989
38:07.128,1549.925387
38:07.133,1549.926989
38:07.138,1549.927791
38:07.142,1549.926989
38:07.163,1549.926188
38:07.163,1549.926188
38:07.163,1549.926188
38:07.164,1549.926188
38:07.167,1549.926188
38:07.172,1549.926989
38:07.178,1549.927791
38:07.183,1549.926989
38:07.191,1549.926188
38:07.208,1549.926188
38:07.208,1549.924585
38:07.209,1549.926989
38:07.209,1549.926989
38:07.213,1549.926989
38:07.217,1549.926989
38:07.223,1549.926989
38:07.228,1549.926989
38:07.232,1549.926188
38:07.253,1549.926188
38:07.253,1549.926188
38:07.254,1549.925387
38:07.254,1549.928592
38:07.257,1549.928592
38:07.262,1549.926989
38:07.268,1549.926188
38:07.273,1549.925387
38:07.283,1549.926989
38:07.297,1549.926989
38:07.298,1549.926188
38:07.298,1549.926989
38:07.299,1549.926188
38:07.303,1549.926188
38:07.307,1549.926989
38:07.312,1549.926188
38:07.317,1549.926188
38:07.323,1549.926989
38:07.342,1549.926989
38:07.343,1549.927791
38:07.343,1549.926188
38:07.343,1549.926188
38:07.348,1549.926989
38:07.353,1549.925387
38:07.358,1549.926989
38:07.363,1549.926188
38:07.367,1549.926989
38:07.387,1549.926188
38:07.388,1549.926188
38:07.388,1549.927791
38:07.388,1549.926188
38:07.392,1549.926989
38:07.397,1549.926188
38:07.402,1549.925387
38:07.406,1549.926188
38:07.412,1549.926989
38:07.433,1549.928592
38:07.433,1549.926989
38:07.433,1549.926188
38:07.433,1549.925387
38:07.438,1549.925387
38:07.442,1549.925387
38:07.448,1549.926989
38:07.453,1549.927791
38:07.462,1549.926188
38:07.476,1549.927791
38:07.477,1549.925387
38:07.477,1549.924585
38:07.478,1549.926989
38:07.483,1549.927791
38:07.488,1549.926989
38:07.493,1549.926188
38:07.498,1549.926188
38:07.508,1549.926188
38:07.521,1549.927791
38:07.521,1549.926989
38:07.522,1549.926989
38:07.522,1549.926188
38:07.527,1549.925387
38:07.533,1549.926188
38:07.538,1549.926989
38:07.543,1549.926989
38:07.547,1549.925387
38:07.568,1549.926188
38:07.568,1549.926989
38:07.568,1549.926188
38:07.568,1549.926989
38:07.573,1549.926989
38:07.577,1549.926188
38:07.582,1549.926188
38:07.587,1549.926188
38:07.598,1549.925387
38:07.611,1549.925387
38:07.611,1549.926989
38:07.612,1549.926989
38:07.612,1549.927791
38:07.617,1549.926188
38:07.622,1549.925387
38:07.628,1549.927791
38:07.633,1549.925387
38:07.643,1549.926188
38:07.656,1549.926188
38:07.656,1549.926989
38:07.657,1549.926188
38:07.658,1549.926989
38:07.662,1549.927791
38:07.668,1549.925387
38:07.673,1549.926989
38:07.677,1549.926188
38:07.682,1549.926188
38:07.702,1549.926989
38:07.702,1549.926989
38:07.703,1549.926188
38:07.703,1549.924585
38:07.707,1549.924585
38:07.713,1549.926188
38:07.718,1549.926989
38:07.723,1549.926989
38:07.745,1549.926989
38:07.746,1549.928592
38:07.746,1549.926989
38:07.746,1549.926989
38:07.748,1549.926989
38:07.753,1549.925387
38:07.757,1549.926188
38:07.762,1549.927791
38:07.767,1549.926188
38:07.772,1549.925387
38:07.792,1549.925387
38:07.792,1549.926989
38:07.792,1549.927791
38:07.792,1549.926989
38:07.798,1549.926188
38:07.803,1549.926188
38:07.808,1549.926188
38:07.813,1549.926989
38:07.822,1549.927791
38:07.836,1549.925387
38:07.836,1549.926989
38:07.836,1549.925387
38:07.837,1549.927791
38:07.842,1549.926188
38:07.848,1549.926188
38:07.853,1549.927791
38:07.858,1549.927791
38:07.862,1549.927791
38:07.882,1549.925387
38:07.883,1549.925387
38:07.883,1549.925387
38:07.883,1549.925387
38:07.888,1549.926989
38:07.893,1549.926989
38:07.898,1549.926188
38:07.903,1549.926989
38:07.912,1549.927791
38:07.925,1549.926188
38:07.927,1549.926989
38:07.927,1549.924585
38:07.928,1549.926989
38:07.932,1549.926188
38:07.937,1549.926188
38:07.942,1549.926188
38:07.947,1549.925387
38:07.958,1549.926188
38:07.972,1549.927791
38:07.973,1549.926188
38:07.973,1549.925387
38:07.973,1549.926989
38:07.978,1549.929393
38:07.983,1549.926989
38:07.987,1549.926188
38:07.993,1549.926989
38:08.003,1549.925387
38:08.016,1549.925387
38:08.016,1549.926989
38:08.017,1549.927791
38:08.017,1549.926989
38:08.023,1549.927791
38:08.028,1549.926188
38:08.033,1549.926188
38:08.037,1549.925387
38:08.042,1549.925387
38:08.062,1549.927791
38:08.063,1549.926989
38:08.063,1549.926989
38:08.063,1549.926989
38:08.067,1549.925387
38:08.072,1549.925387
38:08.078,1549.926188
38:08.082,1549.926989
38:08.105,1549.926989
38:08.106,1549.927791
38:08.106,1549.926989
38:08.106,1549.926188
38:08.107,1549.926188
38:08.113,1549.926188
38:08.118,1549.926188
38:08.123,1549.926989
38:08.128,1549.925387
38:08.132,1549.926989
38:08.153,1549.927791
38:08.153,1549.926188
38:08.153,1549.926188
38:08.153,1549.926989
38:08.158,1549.926188
38:08.162,1549.926188
38:08.168,1549.926188
38:08.173,1549.926188
38:08.182,1549.926188
38:08.196,1549.926989
38:08.197,1549.926989
38:08.197,1549.926989
38:08.198,1549.926188
38:08.203,1549.926989
38:08.208,1549.926188
38:08.213,1549.926989
38:08.218,1549.926989
38:08.228,1549.926188
38:08.241,1549.926188
38:08.241,1549.925387
38:08.242,1549.926188
38:08.242,1549.926188
38:08.248,1549.926989
38:08.253,1549.927791
38:08.258,1549.927791
38:08.263,1549.926989
38:08.267,1549.925387
38:08.287,1549.925387
38:08.288,1549.924585
38:08.288,1549.926989
38:08.288,1549.926188
38:08.293,1549.928592
38:08.298,1549.926989
38:08.303,1549.925387
38:08.308,1549.924585
38:08.317,1549.926188
38:08.331,1549.926989
38:08.331,1549.927791
38:08.331,1549.928592
38:08.333,1549.926989
38:08.338,1549.926188
38:08.342,1549.924585
38:08.347,1549.925387
38:08.352,1549.926188
38:08.363,1549.927791
38:08.376,1549.927791
38:08.376,1549.926188
38:08.376,1549.926989
38:08.377,1549.925387
38:08.382,1549.926989
38:08.388,1549.926989
38:08.393,1549.926989
38:08.398,1549.926989
38:08.407,1549.926989
38:08.421,1549.925387
38:08.422,1549.925387
38:08.422,1549.926188
38:08.422,1549.926989
38:08.427,1549.927791
38:08.432,1549.926989
38:08.438,1549.925387
38:08.443,1549.927791
38:08.469,1549.926989
38:08.469,1549.926188
38:08.470,1549.925387
38:08.470,1549.926188
38:08.470,1549.927791
38:08.472,1549.926188
38:08.477,1549.925387
38:08.482,1549.926188
38:08.487,1549.926989
38:08.493,1549.926989
38:08.498,1549.926188
38:08.518,1549.926989
38:08.518,1549.926989
38:08.518,1549.926188
38:08.520,1549.926188
38:08.523,1549.926188
38:08.528,1549.926188
38:08.533,1549.926989
38:08.537,1549.926188
38:08.548,1549.925387
38:08.561,1549.925387
38:08.561,1549.926989
38:08.561,1549.926989
38:08.563,1549.926989
38:08.568,1549.926989
38:08.573,1549.926188
38:08.578,1549.926188
38:08.582,1549.925387
38:08.604,1549.926188
38:08.605,1549.926188
38:08.605,1549.926989
38:08.605,1549.926989
38:08.608,1549.926188
38:08.612,1549.926989
38:08.618,1549.926188
38:08.623,1549.926989
38:08.627,1549.926989
38:08.633,1549.926989
38:08.657,1549.927791
38:08.657,1549.926188
38:08.658,1549.926188
38:08.658,1549.924585
38:08.658,1549.926188
38:08.662,1549.927791
38:08.668,1549.926989
38:08.673,1549.926188
38:08.678,1549.926188
38:08.687,1549.926188
38:08.701,1549.926989
38:08.701,1549.926989
38:08.702,1549.927791
38:08.702,1549.926188
38:08.707,1549.926188
38:08.713,1549.926989
38:08.718,1549.925387
38:08.722,1549.926989
38:08.745,1549.927791
38:08.746,1549.927791
38:08.746,1549.926989
38:08.747,1549.926989
38:08.748,1549.925387
38:08.753,1549.926188
38:08.758,1549.926989
38:08.763,1549.926989
38:08.768,1549.927791
38:08.772,1549.926989
38:08.792,1549.926188
38:08.793,1549.926188
38:08.793,1549.925387
38:08.793,1549.926188
38:08.798,1549.927791
38:08.802,1549.926989
38:08.807,1549.926989
38:08.812,1549.926188
38:08.823,1549.926989
38:08.835,1549.926188
38:08.836,1549.925387
38:08.836,1549.926188
38:08.837,1549.926989
38:08.843,1549.926989
38:08.848,1549.926188
38:08.853,1549.926188
38:08.858,1549.926188
38:08.867,1549.926188
38:08.881,1549.927791
38:08.882,1549.926188
38:08.882,1549.925387
38:08.882,1549.926188
38:08.888,1549.926989
38:08.892,1549.926188
38:08.898,1549.926188
38:08.903,1549.926989
38:08.913,1549.926989
38:08.927,1549.926188
38:08.927,1549.926989
38:08.927,1549.926989
38:08.928,1549.926188
38:08.933,1549.926989
38:08.938,1549.927791
38:08.942,1549.926989
38:08.948,1549.926188
38:08.953,1549.926188
38:08.972,1549.926188
38:08.972,1549.926188
38:08.972,1549.926188
38:08.973,1549.926188
38:08.978,1549.926989
38:08.982,1549.926188
38:08.987,1549.926989
38:08.992,1549.926188
38:09.002,1549.926188
38:09.015,1549.926989
38:09.015,1549.926989
38:09.016,1549.927791
38:09.017,1549.925387
38:09.023,1549.925387
38:09.027,1549.926188
38:09.032,1549.925387
38:09.038,1549.927791
38:09.042,1549.927791
38:09.062,1549.927791
38:09.062,1549.926989
38:09.064,1549.926188
38:09.064,1549.926188
38:09.068,1549.926188
38:09.072,1549.926989
38:09.077,1549.927791
38:09.083,1549.926188
38:09.092,1549.926188
38:09.106,1549.926188
38:09.106,1549.926188
38:09.106,1549.926989
38:09.107,1549.926188
38:09.112,1549.926188
38:09.118,1549.927791
38:09.123,1549.926989
38:09.128,1549.927791
38:09.132,1549.926188
38:09.152,1549.925387
38:09.152,1549.926989
38:09.152,1549.926989
38:09.153,1549.927791
38:09.157,1549.924585
38:09.163,1549.926188
38:09.168,1549.926989
38:09.173,1549.926188
38:09.183,1549.925387
38:09.196,1549.926188
38:09.196,1549.926188
38:09.196,1549.926989
38:09.197,1549.926989
38:09.203,1549.927791
38:09.208,1549.926989
38:09.213,1549.925387
38:09.218,1549.926188
38:09.222,1549.925387
38:09.243,1549.926989
38:09.243,1549.927791
38:09.243,1549.926989
38:09.244,1549.926989
38:09.248,1549.926188
38:09.253,1549.926989
38:09.258,1549.926188
38:09.263,1549.926188
38:09.272,1549.926188
38:09.286,1549.927791
38:09.286,1549.925387
38:09.287,1549.926989
38:09.287,1549.926188
38:09.293,1549.926989
38:09.298,1549.926188
38:09.303,1549.926188
38:09.308,1549.926989
38:09.318,1549.925387
38:09.331,1549.926188
38:09.332,1549.927791
38:09.332,1549.926989
38:09.332,1549.926188
38:09.338,1549.925387
38:09.342,1549.926188
38:09.347,1549.926188
38:09.353,1549.926989
38:09.363,1549.926188
38:09.376,1549.926188
38:09.376,1549.926989
38:09.376,1549.926989
38:09.377,1549.926188
38:09.383,1549.926188
38:09.388,1549.926989
38:09.393,1549.926989
38:09.398,1549.926989
38:09.408,1549.926989
38:09.421,1549.926188
38:09.421,1549.926188
38:09.422,1549.925387
38:09.422,1549.926188
38:09.427,1549.926188
38:09.432,1549.926188
38:09.438,1549.926989
38:09.442,1549.926989
38:09.465,1549.926989
38:09.465,1549.925387
38:09.465,1549.926188
38:09.465,1549.926188
38:09.468,1549.926989
38:09.473,1549.926188
38:09.478,1549.925387
38:09.483,1549.926989
38:09.487,1549.925387
38:09.511,1549.926188
38:09.512,1549.926989
38:09.512,1549.926989
38:09.512,1549.926188
38:09.513,1549.925387
38:09.517,1549.927791
38:09.522,1549.926188
38:09.527,1549.926989
38:09.532,1549.926188
38:09.537,1549.926188
38:09.557,1549.926188
38:09.557,1549.926989
38:09.558,1549.927791
38:09.558,1549.926188
38:09.563,1549.926188
38:09.567,1549.926989
38:09.573,1549.926989
38:09.578,1549.926188
38:09.587,1549.924585
38:09.603,1549.925387
38:09.603,1549.926188
38:09.603,1549.927791
38:09.604,1549.926989
38:09.607,1549.926188
38:09.613,1549.926188
38:09.618,1549.926989
38:09.623,1549.926989
38:09.627,1549.926188
38:09.647,1549.926989
38:09.648,1549.926989
38:09.648,1549.926989
38:09.648,1549.926188
38:09.653,1549.925387
38:09.658,1549.924585
38:09.663,1549.926188
38:09.668,1549.926989
38:09.677,1549.926989
38:09.691,1549.926989
38:09.691,1549.926188
38:09.692,1549.926188
38:09.692,1549.926989
38:09.698,1549.926989
38:09.703,1549.925387
38:09.708,1549.925387
38:09.713,1549.926989
38:09.717,1549.926188
38:09.738,1549.926989
38:09.738,1549.926989
38:09.739,1549.925387
38:09.739,1549.926989
38:09.742,1549.926188
38:09.747,1549.926989
38:09.752,1549.926188
38:09.758,1549.926989
38:09.767,1549.926989
38:09.781,1549.926188
38:09.781,1549.926188
38:09.781,1549.926188
38:09.782,1549.926188
38:09.788,1549.925387
38:09.793,1549.927791
38:09.798,1549.926989
38:09.803,1549.926989
38:09.807,1549.927791
38:09.827,1549.926989
38:09.828,1549.926188
38:09.828,1549.925387
38:09.828,1549.925387
38:09.833,1549.925387
38:09.838,1549.926188
38:09.843,1549.926989
38:09.848,1549.927791
38:09.857,1549.926989
38:09.870,1549.926188
38:09.870,1549.925387
38:09.871,1549.926989
38:09.873,1549.926188
38:09.878,1549.927791
38:09.883,1549.927791
38:09.888,1549.925387
38:09.893,1549.925387
38:09.916,1549.924585
38:09.917,1549.926188
38:09.917,1549.926188
38:09.917,1549.927791
38:09.918,1549.926989
38:09.922,1549.926989
38:09.927,1549.926188
38:09.932,1549.926188
38:09.937,1549.926188
38:09.942,1549.926188
38:09.963,1549.926989
38:09.964,1549.927791
38:09.964,1549.926188
38:09.964,1549.926188
38:09.968,1549.926188
38:09.973,1549.926989
38:09.977,1549.926989
38:09.983,1549.926188
38:09.992,1549.926188
38:10.006,1549.926188
38:10.006,1549.926989
38:10.007,1549.926989
38:10.008,1549.926989
38:10.012,1549.926188
38:10.017,1549.926188
38:10.022,1549.926188
38:10.027,1549.926188
38:10.039,1549.926989
38:10.052,1549.925387
38:10.052,1549.927791
38:10.052,1549.926989
38:10.052,1549.926188
38:10.057,1549.926188
38:10.063,1549.926989
38:10.068,1549.926188
38:10.073,1549.925387
38:10.083,1549.927791
38:10.096,1549.926989
38:10.097,1549.926989
38:10.097,1549.925387
38:10.098,1549.926188
38:10.103,1549.926188
38:10.107,1549.926989
38:10.112,1549.927791
38:10.117,1549.925387
38:10.123,1549.926188
38:10.144,1549.926188
38:10.144,1549.925387
38:10.144,1549.926188
38:10.145,1549.925387
38:10.147,1549.926989
38:10.152,1549.926989
38:10.157,1549.926989
38:10.162,1549.926989
38:10.168,1549.925387
38:10.188,1549.925387
38:10.189,1549.926188
38:10.189,1549.926989
38:10.189,1549.926188
38:10.193,1549.925387
38:10.197,1549.926989
38:10.202,1549.926188
38:10.207,1549.926989
38:10.217,1549.925387
38:10.232,1549.925387
38:10.232,1549.926188
38:10.232,1549.926188
38:10.233,1549.926989
38:10.237,1549.924585
38:10.243,1549.926989
38:10.247,1549.927791
38:10.253,1549.927791
38:10.275,1549.926188
38:10.275,1549.924585
38:10.275,1549.925387
38:10.275,1549.927791
38:10.278,1549.926989
38:10.283,1549.926989
38:10.288,1549.926989
38:10.293,1549.926188
38:10.298,1549.926188
38:10.322,1549.926188
38:10.322,1549.926188
38:10.323,1549.926188
38:10.323,1549.928592
38:10.323,1549.927791
38:10.327,1549.926188
38:10.332,1549.925387
38:10.338,1549.925387
38:10.343,1549.925387
38:10.352,1549.926188
38:10.366,1549.926989
38:10.366,1549.926989
38:10.367,1549.926188
38:10.367,1549.925387
38:10.372,1549.926188
38:10.377,1549.926989
38:10.382,1549.926188
38:10.388,1549.927791
38:10.398,1549.926989
38:10.411,1549.926188
38:10.412,1549.925387
38:10.412,1549.926989
38:10.413,1549.926188
38:10.418,1549.925387
38:10.422,1549.926989
38:10.428,1549.927791
38:10.433,1549.926188
38:10.443,1549.926188
38:10.457,1549.925387
38:10.458,1549.926989
38:10.458,1549.926188
38:10.458,1549.926989
38:10.463,1549.926188
38:10.468,1549.924585
38:10.473,1549.926989
38:10.478,1549.926188
38:10.487,1549.926989
38:10.501,1549.926188
38:10.501,1549.925387
38:10.502,1549.927791
38:10.502,1549.926188
38:10.508,1549.926989
38:10.513,1549.925387
38:10.517,1549.926188
38:10.522,1549.926188
38:10.533,1549.926188
38:10.547,1549.926188
38:10.547,1549.925387
38:10.547,1549.925387
38:10.547,1549.926188
38:10.552,1549.926989
38:10.558,1549.926989
38:10.563,1549.926989
38:10.568,1549.926989
38:10.572,1549.925387
38:10.592,1549.925387
38:10.592,1549.925387
38:10.593,1549.926989
38:10.593,1549.926989
38:10.598,1549.926989
38:10.602,1549.926989
38:10.607,1549.926188
38:10.613,1549.925387
38:10.622,1549.926188
38:10.636,1549.926989
38:10.636,1549.926188
38:10.636,1549.926989
38:10.638,1549.926989
38:10.642,1549.925387
38:10.647,1549.926188
38:10.652,1549.926188
38:10.657,1549.926989
38:10.662,1549.926989
38:10.683,1549.925387
38:10.684,1549.925387
38:10.684,1549.925387
38:10.684,1549.927791
38:10.688,1549.926989
38:10.693,1549.926188
38:10.698,1549.925387
38:10.702,1549.926989
38:10.713,1549.927791
38:10.726,1549.925387
38:10.726,1549.925387
38:10.726,1549.926188
38:10.727,1549.926989
38:10.732,1549.926188
38:10.738,1549.925387
38:10.742,1549.926989
38:10.748,1549.926188
38:10.752,1549.927791
38:10.772,1549.926989
38:10.772,1549.927791
38:10.772,1549.926989
38:10.773,1549.924585
38:10.778,1549.925387
38:10.783,1549.925387
38:10.788,1549.926989
38:10.792,1549.926188
38:10.803,1549.926188
38:10.816,1549.926989
38:10.817,1549.926188
38:10.817,1549.926989
38:10.817,1549.924585
38:10.822,1549.926188
38:10.827,1549.926989
38:10.833,1549.926989
38:10.838,1549.926989
38:10.842,1549.924585
38:10.862,1549.926989
38:10.863,1549.926188
38:10.863,1549.926989
38:10.863,1549.926188
38:10.868,1549.926188
38:10.873,1549.928592
38:10.877,1549.926989
38:10.882,1549.926989
38:10.893,1549.926188
38:10.906,1549.926188
38:10.906,1549.926989
38:10.906,1549.926188
38:10.907,1549.926188
38:10.912,1549.926188
38:10.918,1549.926989
38:10.923,1549.926188
38:10.928,1549.924585
38:10.938,1549.926188
38:10.951,1549.925387
38:10.952,1549.926989
38:10.952,1549.925387
38:10.952,1549.926989
38:10.958,1549.926989
38:10.963,1549.926989
38:10.968,1549.925387
38:10.973,1549.924585
38:10.983,1549.925387
38:10.996,1549.926188
38:10.997,1549.927791
38:10.997,1549.926989
38:10.998,1549.926989
38:11.002,1549.926188
38:11.007,1549.926188
38:11.012,1549.926188
38:11.018,1549.926188
38:11.028,1549.926188
38:11.041,1549.926188
38:11.041,1549.926188
38:11.042,1549.926188
38:11.042,1549.925387
38:11.048,1549.925387
38:11.052,1549.926188
38:11.057,1549.927791
38:11.063,1549.926989
38:11.085,1549.926989
38:11.086,1549.926188
38:11.086,1549.926188
38:11.086,1549.925387
38:11.087,1549.925387
38:11.093,1549.926188
38:11.097,1549.926188
38:11.103,1549.926989
38:11.108,1549.927791
38:11.112,1549.927791
38:11.132,1549.926989
38:11.133,1549.926188
38:11.133,1549.926989
38:11.133,1549.926188
38:11.138,1549.925387
38:11.143,1549.926989
38:11.148,1549.925387
38:11.152,1549.926989
38:11.163,1549.926188
38:11.177,1549.926188
38:11.177,1549.925387
38:11.177,1549.925387
38:11.178,1549.926989
38:11.183,1549.926989
38:11.188,1549.926188
38:11.192,1549.926188
38:11.197,1549.926188
38:11.202,1549.926188
38:11.224,1549.925387
38:11.224,1549.926188
38:11.224,1549.925387
38:11.224,1549.926188
38:11.228,1549.927791
38:11.233,1549.927791
38:11.237,1549.926989
38:11.242,1549.926188
38:11.248,1549.924585
38:11.252,1549.926989
38:11.272,1549.926188
38:11.272,1549.926989
38:11.272,1549.926989
38:11.272,1549.925387
38:11.278,1549.926188
38:11.283,1549.925387
38:11.288,1549.926989
38:11.293,1549.926989
38:11.302,1549.926989
38:11.316,1549.927791
38:11.316,1549.926188
38:11.317,1549.926188
38:11.318,1549.925387
38:11.323,1549.925387
38:11.328,1549.926989
38:11.332,1549.926989
38:11.337,1549.926188
38:11.348,1549.924585
38:11.361,1549.926989
38:11.362,1549.926989
38:11.362,1549.927791
38:11.362,1549.926188
38:11.368,1549.925387
38:11.373,1549.926188
38:11.378,1549.924585
38:11.383,1549.925387
38:11.387,1549.926188
38:11.407,1549.926989
38:11.407,1549.926989
38:11.408,1549.926989
38:11.408,1549.926188
38:11.413,1549.925387
38:11.417,1549.925387
38:11.422,1549.927791
38:11.427,1549.926989
38:11.438,1549.926989
38:11.451,1549.926188
38:11.451,1549.926188
38:11.451,1549.926188
38:11.453,1549.925387
38:11.457,1549.926989
38:11.463,1549.926989
38:11.467,1549.926989
38:11.473,1549.926989
38:11.483,1549.926188
38:11.496,1549.926989
38:11.496,1549.925387
38:11.496,1549.925387
38:11.497,1549.925387
38:11.503,1549.926188
38:11.508,1549.927791
38:11.512,1549.927791
38:11.517,1549.926989
38:11.540,1549.926188
38:11.540,1549.926188
38:11.540,1549.926989
38:11.541,1549.926188
38:11.543,1549.926989
38:11.547,1549.926188
38:11.553,1549.925387
38:11.558,1549.926989
38:11.563,1549.925387
38:11.567,1549.926188
38:11.588,1549.925387
38:11.588,1549.926188
38:11.588,1549.926989
38:11.589,1549.926989
38:11.593,1549.927791
38:11.597,1549.926989
38:11.602,1549.926188
38:11.607,1549.925387
38:11.618,1549.926188
38:11.631,1549.926188
38:11.631,1549.925387
38:11.631,1549.926989
38:11.633,1549.927791
38:11.638,1549.926188
38:11.643,1549.924585
38:11.648,1549.924585
38:11.653,1549.926188
38:11.657,1549.926188
38:11.679,1549.927791
38:11.679,1549.927791
38:11.679,1549.926989
38:11.679,1549.925387
38:11.683,1549.926188
38:11.688,1549.926188
38:11.693,1549.925387
38:11.698,1549.926188
38:11.708,1549.926989
38:11.723,1549.926989
38:11.723,1549.926989
38:11.724,1549.926188
38:11.724,1549.924585
38:11.727,1549.926188
38:11.732,1549.926989
38:11.738,1549.928592
38:11.743,1549.926188
38:11.747,1549.926188
38:11.770,1549.926188
38:11.770,1549.926989
38:11.770,1549.926188
38:11.772,1549.926188
38:11.773,1549.926989
38:11.778,1549.926188
38:11.782,1549.926989
38:11.788,1549.926188
38:11.793,1549.926188
38:11.798,1549.926989
38:11.818,1549.926188
38:11.818,1549.926989
38:11.818,1549.926989
38:11.820,1549.925387
38:11.823,1549.926989
38:11.828,1549.926188
38:11.833,1549.926188
38:11.838,1549.926989
38:11.842,1549.926188
38:11.863,1549.926188
38:11.863,1549.925387
38:11.863,1549.926188
38:11.865,1549.926989
38:11.868,1549.927791
38:11.873,1549.926989
38:11.878,1549.927791
38:11.883,1549.924585
38:11.887,1549.925387
38:11.908,1549.926188
38:11.909,1549.926188
38:11.909,1549.926188
38:11.909,1549.926989
38:11.913,1549.927791
38:11.918,1549.925387
38:11.923,1549.925387
38:11.928,1549.925387
38:11.932,1549.927791
38:11.953,1549.926989
38:11.953,1549.926989
38:11.953,1549.926989
38:11.953,1549.926188
38:11.958,1549.926188
38:11.963,1549.925387
38:11.968,1549.926188
38:11.973,1549.926188
38:11.982,1549.926989
38:11.996,1549.927791
38:11.997,1549.926989
38:11.997,1549.926188
38:11.998,1549.925387
38:12.002,1549.926989
38:12.008,1549.926188
38:12.013,1549.926989
38:12.017,1549.927791
38:12.042,1549.925387
38:12.042,1549.926989
38:12.043,1549.924585
38:12.043,1549.926989
38:12.043,1549.926188
38:12.048,1549.926188
38:12.053,1549.926188
38:12.058,1549.924585
38:12.063,1549.926989
38:12.067,1549.926989
38:12.087,1549.928592
38:12.088,1549.926188
38:12.088,1549.926188
38:12.088,1549.927791
38:12.092,1549.926989
38:12.098,1549.926989
38:12.103,1549.926989
38:12.108,1549.928592
38:12.118,1549.927791
38:12.131,1549.926188
38:12.132,1549.926188
38:12.132,1549.925387
38:12.133,1549.926188
38:12.138,1549.927791
38:12.143,1549.926989
38:12.147,1549.926989
38:12.152,1549.926188
38:12.157,1549.926188
38:12.178,1549.926188
38:12.178,1549.926989
38:12.179,1549.926188
38:12.179,1549.927791
38:12.182,1549.926188
38:12.188,1549.926188
38:12.193,1549.926989
38:12.198,1549.926188
38:12.208,1549.926188
38:12.222,1549.926989
38:12.223,1549.926989
38:12.223,1549.926188
38:12.223,1549.925387
38:12.228,1549.927791
38:12.232,1549.925387
38:12.237,1549.926188
38:12.242,1549.926188
38:12.253,1549.926989
38:12.267,1549.925387
38:12.268,1549.926188
38:12.268,1549.926989
38:12.268,1549.926989
38:12.273,1549.926188
38:12.277,1549.925387
38:12.282,1549.925387
38:12.287,1549.927791
38:12.292,1549.926989
38:12.314,1549.926989
38:12.315,1549.925387
38:12.315,1549.926989
38:12.315,1549.926989
38:12.318,1549.926989
38:12.323,1549.926188
38:12.328,1549.924585
38:12.333,1549.926989
38:12.337,1549.925387
38:12.357,1549.926989
38:12.357,1549.926188
38:12.358,1549.926989
38:12.358,1549.925387
38:12.363,1549.925387
38:12.368,1549.926989
38:12.373,1549.926989
38:12.378,1549.926989
38:12.387,1549.926188
38:12.401,1549.927791
38:12.401,1549.926188
38:12.401,1549.925387
38:12.402,1549.925387
38:12.407,1549.926188
38:12.413,1549.926989
38:12.418,1549.926188
38:12.422,1549.926989
38:12.445,1549.926188
38:12.445,1549.925387
38:12.445,1549.927791
38:12.445,1549.926989
38:12.448,1549.926188
38:12.452,1549.926188
38:12.458,1549.926989
38:12.463,1549.925387
38:12.467,1549.925387
38:12.472,1549.926188
38:12.492,1549.926188
38:12.493,1549.926989
38:12.493,1549.925387
38:12.493,1549.926989
38:12.497,1549.926188
38:12.502,1549.926188
38:12.507,1549.927791
38:12.513,1549.926188
38:12.522,1549.926188
38:12.536,1549.925387
38:12.537,1549.926188
38:12.537,1549.926989
38:12.537,1549.926989
38:12.543,1549.927791
38:12.547,1549.926989
38:12.553,1549.926989
38:12.558,1549.925387
38:12.562,1549.926989
38:12.582,1549.926188
38:12.583,1549.925387
38:12.583,1549.926989
38:12.583,1549.926989
38:12.588,1549.926989
38:12.592,1549.925387
38:12.598,1549.926188
38:12.603,1549.926188
38:12.607,1549.925387
38:12.627,1549.926989
38:12.628,1549.926188
38:12.628,1549.927791
38:12.628,1549.927791
38:12.633,1549.926188
38:12.638,1549.925387
38:12.642,1549.924585
38:12.648,1549.926989
38:12.658,1549.926188
38:12.671,1549.925387
38:12.672,1549.926989
38:12.672,1549.926188
38:12.672,1549.926188
38:12.678,1549.925387
38:12.683,1549.926188
38:12.688,1549.925387
38:12.693,1549.926989
38:12.703,1549.925387
38:12.716,1549.926989
38:12.717,1549.926188
38:12.717,1549.925387
38:12.718,1549.926989
38:12.723,1549.925387
38:12.728,1549.926188
38:12.732,1549.926188
38:12.738,1549.926989
38:12.748,1549.926989
38:12.762,1549.925387
38:12.762,1549.926188
38:12.762,1549.926188
38:12.762,1549.926188
38:12.767,1549.926188
38:12.773,1549.926989
38:12.778,1549.926989
38:12.782,1549.926188
38:12.806,1549.926989
38:12.806,1549.926188
38:12.807,1549.925387
38:12.808,1549.926188
38:12.808,1549.926188
38:12.812,1549.926989
38:12.817,1549.926188
38:12.822,1549.926989
38:12.827,1549.926188
38:12.851,1549.925387
38:12.851,1549.926188
38:12.851,1549.926989
38:12.852,1549.925387
38:12.852,1549.926989
38:12.857,1549.926188
38:12.863,1549.926188
38:12.867,1549.926188
38:12.873,1549.926989
38:12.878,1549.926989
38:12.898,1549.926989
38:12.899,1549.926188
38:12.899,1549.925387
38:12.899,1549.926188
38:12.903,1549.926188
38:12.907,1549.926989
38:12.912,1549.926989
38:12.918,1549.926188
38:12.928,1549.925387
38:12.941,1549.926188
38:12.941,1549.925387
38:12.941,1549.926989
38:12.943,1549.926989
38:12.947,1549.926989
38:12.953,1549.926989
38:12.958,1549.925387
38:12.963,1549.926188
38:12.967,1549.925387
38:12.988,1549.926989
38:12.988,1549.926188
38:12.988,1549.927791
38:12.989,1549.926188
38:12.992,1549.925387
38:12.997,1549.926188
38:13.003,1549.926188
38:13.008,1549.926989
38:13.012,1549.926989
38:13.035,1549.926989
38:13.035,1549.926188
38:13.036,1549.926188
38:13.036,1549.926188
38:13.037,1549.923784
38:13.043,1549.926188
38:13.048,1549.926989
38:13.053,1549.927791
38:13.058,1549.926989
38:13.062,1549.926188
38:13.083,1549.926989
38:13.084,1549.927791
38:13.085,1549.926188
38:13.085,1549.925387
38:13.088,1549.926188
38:13.093,1549.927791
38:13.098,1549.926989
38:13.103,1549.925387
38:13.107,1549.925387
38:13.129,1549.925387
38:13.129,1549.926989
38:13.129,1549.927791
38:13.131,1549.926188
38:13.133,1549.926989
38:13.138,1549.926188
38:13.143,1549.927791
38:13.148,1549.926989
38:13.152,1549.926188
38:13.174,1549.926188
38:13.175,1549.925387
38:13.175,1549.926989
38:13.176,1549.926188
38:13.178,1549.926989
38:13.183,1549.926188
38:13.188,1549.926989
38:13.193,1549.926989
38:13.198,1549.925387
38:13.219,1549.925387
38:13.219,1549.925387
38:13.219,1549.926989
38:13.220,1549.926989
38:13.223,1549.926989
38:13.228,1549.926989
38:13.233,1549.925387
38:13.238,1549.924585
38:13.242,1549.925387
38:13.263,1549.927791
38:13.263,1549.928592
38:13.263,1549.927791
38:13.264,1549.926188
38:13.268,1549.925387
38:13.273,1549.925387
38:13.278,1549.925387
38:13.282,1549.925387
38:13.292,1549.926188
38:13.306,1549.926989
38:13.307,1549.927791
38:13.308,1549.926188
38:13.308,1549.926188
38:13.312,1549.926989
38:13.317,1549.926188
38:13.322,1549.927791
38:13.327,1549.926188
38:13.338,1549.925387
38:13.353,1549.926188
38:13.354,1549.926989
38:13.354,1549.926989
38:13.354,1549.926188
38:13.358,1549.925387
38:13.363,1549.926188
38:13.368,1549.927791
38:13.373,1549.926188
38:13.377,1549.925387
38:13.398,1549.926989
38:13.398,1549.926989
38:13.398,1549.926188
38:13.398,1549.926188
38:13.402,1549.925387
38:13.407,1549.926188
38:13.413,1549.926989
38:13.417,1549.927791
38:13.427,1549.926989
38:13.441,1549.926188
38:13.441,1549.926989
38:13.441,1549.925387
38:13.443,1549.926188
38:13.448,1549.925387
38:13.452,1549.927791
38:13.457,1549.927791
38:13.463,1549.926188
38:13.473,1549.926188
38:13.487,1549.924585
38:13.487,1549.926989
38:13.487,1549.926989
38:13.487,1549.926989
38:13.492,1549.926188
38:13.498,1549.926188
38:13.503,1549.926989
38:13.508,1549.925387
38:13.518,1549.924585
38:13.532,1549.925387
38:13.532,1549.927791
38:13.532,1549.927791
38:13.532,1549.926989
38:13.538,1549.927791
38:13.543,1549.924585
38:13.548,1549.925387
38:13.553,1549.926188
38:13.563,1549.926188
38:13.576,1549.925387
38:13.577,1549.926989
38:13.577,1549.927791
38:13.577,1549.926989
38:13.583,1549.927791
38:13.588,1549.925387
38:13.593,1549.926989
38:13.598,1549.926989
38:13.608,1549.926989
38:13.622,1549.926188
38:13.622,1549.926188
38:13.622,1549.926188
38:13.623,1549.926188
38:13.627,1549.926188
38:13.632,1549.926188
38:13.637,1549.926188
38:13.643,1549.926188
38:13.653,1549.926989
38:13.667,1549.927791
38:13.667,1549.927791
38:13.667,1549.926188
38:13.668,1549.925387
38:13.672,1549.925387
38:13.678,1549.926188
38:13.683,1549.926188
38:13.688,1549.925387
38:13.711,1549.926989
38:13.712,1549.926188
38:13.712,1549.926188
38:13.712,1549.926188
38:13.713,1549.926989
38:13.717,1549.926989
38:13.722,1549.926188
38:13.727,1549.926989
38:13.732,1549.926188
38:13.743,1549.925387
38:13.756,1549.926989
38:13.757,1549.926188
38:13.757,1549.927791
38:13.757,1549.926188
38:13.763,1549.926188
38:13.767,1549.926989
38:13.773,1549.926989
38:13.778,1549.928592
38:13.782,1549.925387
38:13.803,1549.926188
38:13.803,1549.925387
38:13.804,1549.926989
38:13.805,1549.927791
38:13.807,1549.925387
38:13.812,1549.926188
38:13.817,1549.925387
38:13.823,1549.927791
38:13.833,1549.927791
38:13.845,1549.925387
38:13.847,1549.926188
38:13.847,1549.925387
38:13.847,1549.926989
38:13.853,1549.926188
38:13.858,1549.926989
38:13.862,1549.925387
38:13.868,1549.926188
38:13.873,1549.926989
38:13.894,1549.926188
38:13.894,1549.926989
38:13.895,1549.926188
38:13.895,1549.927791
38:13.897,1549.926989
38:13.902,1549.925387
38:13.908,1549.925387
38:13.913,1549.924585
38:13.917,1549.926188
38:13.938,1549.925387
38:13.939,1549.926989
38:13.939,1549.926188
38:13.939,1549.926989
38:13.943,1549.926989
38:13.948,1549.926188
38:13.953,1549.926188
38:13.957,1549.926188
38:13.967,1549.926989
38:13.981,1549.927791
38:13.981,1549.926989
38:13.982,1549.926989
38:13.982,1549.925387
38:13.987,1549.926188
38:13.992,1549.926989
38:13.997,1549.926989
38:14.003,1549.927791
38:14.013,1549.926188
38:14.027,1549.926989
38:14.027,1549.926188
38:14.027,1549.926989
38:14.028,1549.926989
38:14.032,1549.926989
38:14.038,1549.925387
38:14.043,1549.924585
38:14.048,1549.925387
38:14.058,1549.927791
38:14.071,1549.926989
38:14.071,1549.926989
38:14.072,1549.926188
38:14.072,1549.925387
38:14.077,1549.926188
38:14.083,1549.926188
38:14.087,1549.926989
38:14.093,1549.926989
38:14.116,1549.928592
38:14.116,1549.926188
38:14.117,1549.924585
38:14.118,1549.925387
38:14.118,1549.926188
38:14.122,1549.926989
38:14.127,1549.926188
38:14.132,1549.926989
38:14.137,1549.926188
