method,mode,physical_role_candidate,global_peak_frequency_hz,angle_state_label,feature,sample_count,mean,standard_deviation,median,mad,robust_sigma,q05,q25,q75,q95,minimum,maximum
AVMD,IMF1,angle_position_mode,0.008692628650904,stable_10deg,energy_nm2,175,5.819366615284384,0.7890892762837584,5.704638829304997,0.5829428131485521,0.8642710147740433,4.646349551608962,5.283645311439923,6.377658614720148,7.090819989518174,4.191638520622807,7.708780452426756
AVMD,IMF1,angle_position_mode,0.008692628650904,stable_10deg,envelope_mean_nm,175,0.1437179380323813,0.024767896811776643,0.1376629972323783,0.015112463302196205,0.022405738091836092,0.1173192593943963,0.12408160992036629,0.1568884532500908,0.1877669999996493,0.1111066660561159,0.2423277153083741
AVMD,IMF1,angle_position_mode,0.008692628650904,stable_10deg,local_peak_frequency_hz,0,,,,,,,,,,,
AVMD,IMF1,angle_position_mode,0.008692628650904,stable_10deg,rms_nm,175,0.12034275627544923,0.008149667256371297,0.1194219287788574,0.006105138462869211,0.009051478285049892,0.1077766458377678,0.1149309059448197,0.12627005766223398,0.13314258442882038,0.1023674572388951,0.1388234531016531
AVMD,IMF1,angle_position_mode,0.008692628650904,stable_43deg,energy_nm2,184,6.802629355005143,0.8149192550427388,6.67521745179657,0.5304340839817376,0.7864215729113242,5.7116048003910995,6.277948962726131,7.29434281748496,8.357255525513958,4.780585322110026,9.070441176588217
AVMD,IMF1,angle_position_mode,0.008692628650904,stable_43deg,envelope_mean_nm,184,0.15010705889859768,0.027377639678944597,0.14176792439796704,0.010842504848619455,0.016075097688563203,0.12077600710687711,0.13234006256011457,0.15734664612763644,0.20682697726845317,0.1094469557006844,0.2435703591127203
AVMD,IMF1,angle_position_mode,0.008692628650904,stable_43deg,local_peak_frequency_hz,0,,,,,,,,,,,
AVMD,IMF1,angle_position_mode,0.008692628650904,stable_43deg,rms_nm,184,0.1301800919753218,0.007748765284674676,0.12918220876390016,0.005087539786285081,0.00754278648714626,0.11949478980991986,0.12527916355527752,0.13504018159113101,0.14454454988509147,0.1093227483430373,0.1505858656762664
AVMD,IMF2,background_dynamic_mode,17.793810848400554,stable_10deg,energy_nm2,175,1.505319642672516,0.24468903382648693,1.499898860922222,0.1430185292436561,0.21203927145664453,1.1377721176413575,1.3511763185900212,1.6377658177747874,1.921992487531859,0.7247395293756462,2.2065198356127453
AVMD,IMF2,background_dynamic_mode,17.793810848400554,stable_10deg,envelope_mean_nm,175,0.0794620963960596,0.0067732142477949075,0.0797506556761497,0.004623087881599111,0.006854190093258842,0.0689513200534008,0.0750616176271809,0.08373566516325355,0.08905471596083518,0.0559662555684727,0.0956877621864994
AVMD,IMF2,background_dynamic_mode,17.793810848400554,stable_10deg,local_peak_frequency_hz,175,16.437142857142856,0.7124047483359159,16.5,0.5,0.7413,15.5,16.0,17.0,17.5,15.0,20.0
AVMD,IMF2,background_dynamic_mode,17.793810848400554,stable_10deg,rms_nm,175,0.061137901197255935,0.00505988572532059,0.061235179041998,0.0029161923347628058,0.004323546755519336,0.05333317328288087,0.0581200534183655,0.06398761039079176,0.0693179273420548,0.0425658175469368,0.0742717953804259
AVMD,IMF2,background_dynamic_mode,17.793810848400554,stable_43deg,energy_nm2,184,3.591988615787815,1.6292920045926582,3.649468269674771,1.5946644408804431,2.3642495000493446,1.455440607605088,1.9583502377930782,4.88871321133986,5.983819795694794,1.0827482638775243,7.856622784102406
AVMD,IMF2,background_dynamic_mode,17.793810848400554,stable_43deg,envelope_mean_nm,184,0.12129205879805197,0.03084546211209262,0.12364180542268699,0.028928210264404244,0.04288896453800573,0.07793023821061208,0.09058230824261712,0.1471533593047084,0.1638726560802661,0.0671881936887442,0.1937982729251463
AVMD,IMF2,background_dynamic_mode,17.793810848400554,stable_43deg,local_peak_frequency_hz,184,17.66576086956522,0.49142534678820377,18.0,0.0,0.0,17.0,17.5,18.0,18.0,15.5,18.5
AVMD,IMF2,background_dynamic_mode,17.793810848400554,stable_43deg,rms_nm,184,0.09213395858882122,0.022225884508146786,0.0955178930651545,0.020110028018787952,0.029815127540655018,0.060320537887497555,0.06997036463579184,0.11055209351995757,0.12230896340081696,0.0520275951750012,0.1401483391277114
AVMD,IMF3,background_dynamic_mode,39.90785813630041,stable_10deg,energy_nm2,175,0.29914736725157454,0.05042340181201014,0.2993682342773201,0.031177499457108848,0.04622376069510958,0.2237380083714057,0.26525735947820817,0.32624867231288746,0.3869295792965248,0.1631903412632969,0.4431739374172918
AVMD,IMF3,background_dynamic_mode,39.90785813630041,stable_10deg,envelope_mean_nm,175,0.034505589936655395,0.003026254193137206,0.0344542296169165,0.001973435950013397,0.002925816139489862,0.02969407208576031,0.03235661929293025,0.0363295392569091,0.03929711416078951,0.025881121848086,0.0431656907095574
AVMD,IMF3,background_dynamic_mode,39.90785813630041,stable_10deg,local_peak_frequency_hz,175,37.60857142857143,2.2159779539251807,36.5,1.5,2.2239,35.0,35.5,40.0,40.0,34.5,40.0
AVMD,IMF3,background_dynamic_mode,39.90785813630041,stable_10deg,rms_nm,175,0.027249941270041846,0.002310764177893795,0.0273572766497928,0.0014609115149775975,0.002165947412105786,0.02365005114871703,0.025751570800460748,0.028559090777200598,0.0311018316713701,0.0201984121444791,0.0332856552217802
AVMD,IMF3,background_dynamic_mode,39.90785813630041,stable_43deg,energy_nm2,184,0.41723129480256516,0.08864606066182952,0.4013199143673549,0.056173035337006294,0.08328214219064553,0.2791049735525648,0.3519920184952863,0.4769235702433583,0.5735733438559645,0.2420478539779933,0.6606792242350124
AVMD,IMF3,background_dynamic_mode,39.90785813630041,stable_43deg,envelope_mean_nm,184,0.04062576484998234,0.004234291777471126,0.04003919307125705,0.002606944674494901,0.0038650561744061397,0.033630319853840476,0.03767128919413833,0.043448821053536646,0.047872767849558545,0.0315793512705648,0.0519899218138188
AVMD,IMF3,background_dynamic_mode,39.90785813630041,stable_43deg,local_peak_frequency_hz,184,38.255434782608695,1.4607703731781885,38.0,1.0,1.4826,35.575,37.5,40.0,40.0,34.0,40.5
AVMD,IMF3,background_dynamic_mode,39.90785813630041,stable_43deg,rms_nm,184,0.03211822046115255,0.003400144532767761,0.03167488171911375,0.0021892658310739,0.003245805521150164,0.026415135797892692,0.029664457582465675,0.03452978963793175,0.03786729730443228,0.0245991795583711,0.04064108832927
AVMD,IMF4,background_dynamic_mode,54.08118915159944,stable_10deg,energy_nm2,175,0.1060865981994825,0.03501266084590193,0.1020457036719247,0.022243046820975,0.03297754121677753,0.05883468487275064,0.07981155408793605,0.1241669658378078,0.1730749555669148,0.047162732328705,0.2362676165731978
AVMD,IMF4,background_dynamic_mode,54.08118915159944,stable_10deg,envelope_mean_nm,175,0.020139052508606068,0.0033002788142763684,0.0197829146627227,0.0022648217362956982,0.003357824706232002,0.01535156865229407,0.01783282403980915,0.02243686339117625,0.026413540137524488,0.0137022522535093,0.0295096167303507
AVMD,IMF4,background_dynamic_mode,54.08118915159944,stable_10deg,local_peak_frequency_hz,175,53.19428571428571,1.301842826720799,53.5,0.5,0.7413,50.5,53.0,54.0,55.0,48.5,55.0
AVMD,IMF4,background_dynamic_mode,54.08118915159944,stable_10deg,rms_nm,175,0.016076030843901763,0.00261087729762839,0.0159722966156971,0.0018135609244083993,0.002688785426527893,0.01212788393287093,0.01412545740507695,0.017618664533371048,0.02080100864779468,0.0108584911853241,0.0243036837008918
AVMD,IMF4,background_dynamic_mode,54.08118915159944,stable_43deg,energy_nm2,184,0.17528528899232862,0.039643215508600727,0.1751821593961789,0.02667231570136215,0.039544375258839526,0.1142194578462824,0.1479125084076415,0.2004630917027083,0.24390222878822376,0.091308525803048,0.2959665201829876
AVMD,IMF4,background_dynamic_mode,54.08118915159944,stable_43deg,envelope_mean_nm,184,0.02631337009324839,0.0029552470308160245,0.02646549809121265,0.002070633261907699,0.0030699208741043547,0.022033999140475432,0.024132856083642174,0.028099640934371926,0.03109515427415779,0.0187932399396771,0.0345726442952318
AVMD,IMF4,background_dynamic_mode,54.08118915159944,stable_43deg,local_peak_frequency_hz,184,53.50271739130435,1.226413851882525,54.0,0.5,0.7413,50.5,53.5,54.0,54.5,48.5,55.5
AVMD,IMF4,background_dynamic_mode,54.08118915159944,stable_43deg,rms_nm,184,0.020799564346674366,0.002371054463683027,0.020927379361204097,0.0016037592078130998,0.0023777334015037017,0.016897902201773903,0.019229584315599273,0.022386508366308875,0.024693222402787995,0.0151086503205157,0.0272014025457782
AVMD,IMF5,background_dynamic_mode,59.97479137691238,stable_10deg,energy_nm2,175,0.1049906674860966,0.04103483050991126,0.0930175969281421,0.020680120871293298,0.030660347203779442,0.05890195613289945,0.0738929973918232,0.12080789865667925,0.18649251092796754,0.0449024187919002,0.2306798735838367
AVMD,IMF5,background_dynamic_mode,59.97479137691238,stable_10deg,envelope_mean_nm,175,0.020163101883803512,0.004165794394423192,0.018954466229272,0.0023934849061624,0.0035485807218763737,0.015211675661777951,0.016792436618542253,0.022260573800637652,0.02821463006635306,0.0133582801646007,0.031831385693636
AVMD,IMF5,background_dynamic_mode,59.97479137691238,stable_10deg,local_peak_frequency_hz,175,60.06,0.4492650447784361,60.0,0.0,0.0,60.0,60.0,60.0,60.0,58.5,62.5
AVMD,IMF5,background_dynamic_mode,59.97479137691238,stable_10deg,rms_nm,175,0.015926890351211143,0.00297682203429661,0.0152493931787581,0.0017980635153614002,0.002665808967874812,0.01213478293666523,0.0135916251680112,0.017378609585730148,0.02159237585008986,0.0105950954209837,0.0240145723251444
AVMD,IMF5,background_dynamic_mode,59.97479137691238,stable_43deg,energy_nm2,184,0.21821357601008518,0.06762747940752004,0.21723737284135505,0.05440312322304064,0.08065807049048004,0.1276315163546416,0.16145054914881313,0.2651479045227286,0.34979907673224125,0.0981524538421349,0.3867095189105801
AVMD,IMF5,background_dynamic_mode,59.97479137691238,stable_43deg,envelope_mean_nm,184,0.02971535972319724,0.004650185459490076,0.02972354710072815,0.00362976833866485,0.005381494538904506,0.02242490600847758,0.026082672266998425,0.03330185791410002,0.03806912801494808,0.0197856249822415,0.0406248852712166
AVMD,IMF5,background_dynamic_mode,59.97479137691238,stable_43deg,local_peak_frequency_hz,184,60.046195652173914,0.658518526721639,60.0,0.0,0.0,59.575,60.0,60.0,61.0,57.5,64.0
AVMD,IMF5,background_dynamic_mode,59.97479137691238,stable_43deg,rms_nm,184,0.02307861483362735,0.0036030586877711214,0.02330428478090995,0.002861584782795098,0.004242585598972013,0.017862752711646373,0.020090447729215977,0.02574622818904465,0.02957180641269211,0.0156646460095763,0.0310929863036095
AVMD,IMF6,background_dynamic_mode,80.04607093184978,stable_10deg,energy_nm2,175,0.737776411958884,0.11493085608836529,0.7307181628992754,0.06344934528971191,0.09406999932652688,0.5588212500865776,0.6712302931300456,0.8047441583394064,0.925103412229657,0.3624626785011736,1.040840124040218
AVMD,IMF6,background_dynamic_mode,80.04607093184978,stable_10deg,envelope_mean_nm,175,0.05905876216589547,0.004893484115027624,0.0591567665979434,0.002679544416551001,0.003972692551978514,0.05110463675782974,0.056547210058366604,0.0619378852625411,0.06655184640778813,0.0413431456130359,0.0711041499920332
AVMD,IMF6,background_dynamic_mode,80.04607093184978,stable_10deg,local_peak_frequency_hz,175,80.0,0.0,80.0,0.0,0.0,80.0,80.0,80.0,80.0,80.0,80.0
AVMD,IMF6,background_dynamic_mode,80.04607093184978,stable_10deg,rms_nm,175,0.042811116022631344,0.0034229118048605387,0.0427410272133016,0.001892498956172002,0.00280581895242061,0.03737513195896288,0.040964320351083994,0.04485367127841225,0.04809110509160621,0.0301024367162018,0.0510107862133151
AVMD,IMF6,background_dynamic_mode,80.04607093184978,stable_43deg,energy_nm2,184,0.8347114853465543,0.11033883132738717,0.8372989487224833,0.08438784083693901,0.12511341282484578,0.6584637787650259,0.7507340026611169,0.9106039986411179,1.0182452104417061,0.6013887507232457,1.1338531653862152
AVMD,IMF6,background_dynamic_mode,80.04607093184978,stable_43deg,envelope_mean_nm,184,0.06171112287431593,0.004814634892241341,0.0620472474933839,0.003315090399281302,0.004914953025974458,0.05390900622467121,0.05801291736501525,0.06497682118555435,0.07021442107032982,0.0520588250185976,0.0742942051683217
AVMD,IMF6,background_dynamic_mode,80.04607093184978,stable_43deg,local_peak_frequency_hz,184,80.0,0.0,80.0,0.0,0.0,80.0,80.0,80.0,80.0,80.0,80.0
AVMD,IMF6,background_dynamic_mode,80.04607093184978,stable_43deg,rms_nm,184,0.04558149187645001,0.0030259003535365162,0.0457520133889857,0.0022693655238354496,0.0033645613256384375,0.04057288366837522,0.04332241581487918,0.047712785105585874,0.050454040253661216,0.0387746292929811,0.0532412707724518
AVMD,IMF7,background_dynamic_mode,90.29468011126563,stable_10deg,energy_nm2,175,0.2570124966165506,0.08098423411611748,0.2683946633421767,0.06033545599563617,0.08945334705913018,0.1356888588961933,0.18412717263049175,0.31520251573596675,0.384568162224163,0.1123541494409998,0.4426324227613582
AVMD,IMF7,background_dynamic_mode,90.29468011126563,stable_10deg,envelope_mean_nm,175,0.03242850538900531,0.00574777960656234,0.0334107128691934,0.004091007195604797,0.006065327268203672,0.02307708217367415,0.0279461120533141,0.036613869806506855,0.04105923615583885,0.0210807311244158,0.0451129450319392
AVMD,IMF7,background_dynamic_mode,90.29468011126563,stable_10deg,local_peak_frequency_hz,175,90.38285714285715,0.48154786007572903,90.5,0.5,0.7413,90.0,90.0,90.5,91.0,88.5,92.0
AVMD,IMF7,background_dynamic_mode,90.29468011126563,stable_10deg,rms_nm,175,0.025015538269541397,0.004104920764236375,0.0259034101684593,0.0028563973304360987,0.00423489468210456,0.01841798186834374,0.021455020506787797,0.0280714381846092,0.03100677981268469,0.0167596352467021,0.0332653131189741
AVMD,IMF7,background_dynamic_mode,90.29468011126563,stable_43deg,energy_nm2,184,0.15897674926924765,0.0312509961435924,0.15802822641643094,0.021168361925731308,0.03138421339108924,0.10885650888352433,0.1378557892087224,0.18317593452203407,0.21158471004021392,0.0975198127247503,0.2401352508270235
AVMD,IMF7,background_dynamic_mode,90.29468011126563,stable_43deg,envelope_mean_nm,184,0.025207279542051115,0.002475285281645757,0.02537107092084255,0.00158247352587715,0.0023461752494654624,0.02081012591990858,0.023817563230758274,0.0269517422235682,0.029141646319382177,0.0188381766025238,0.0307523613293738
AVMD,IMF7,background_dynamic_mode,90.29468011126563,stable_43deg,local_peak_frequency_hz,184,92.05978260869566,1.7310131454901851,92.0,0.5,0.7413,90.0,91.5,92.5,95.85,86.5,100.0
AVMD,IMF7,background_dynamic_mode,90.29468011126563,stable_43deg,rms_nm,184,0.019838297585990157,0.0019761187044800045,0.0198763820306994,0.001344000885773848,0.001992615713248307,0.016496676212436046,0.018564467928969874,0.0213995233733888,0.02299916546029649,0.0156140812029358,0.0245017984455745
IOVMD,IMF1,angle_position_mode,0.008692628650904,stable_10deg,energy_nm2,175,5.644220772285779,0.789279925353016,5.539103441029812,0.5455595858117475,0.8088466419244967,4.389997710732654,5.123152658351497,6.186169780274767,6.918579153600072,4.080738717123469,7.5708996138198525
IOVMD,IMF1,angle_position_mode,0.008692628650904,stable_10deg,envelope_mean_nm,175,0.14214488300910294,0.024887429114089445,0.1356711797738505,0.01497743241200472,0.0222055412940382,0.1155828059016003,0.12228921654489765,0.15517561898602875,0.18431034502700464,0.1087059972073521,0.2402309908930813
IOVMD,IMF1,angle_position_mode,0.008692628650904,stable_10deg,local_peak_frequency_hz,0,,,,,,,,,,,
IOVMD,IMF1,angle_position_mode,0.008692628650904,stable_10deg,rms_nm,175,0.11849993501698439,0.008289147123071786,0.117676499788932,0.005744713998626999,0.008517112974364388,0.10476124355800055,0.11317190953005225,0.12435993696798905,0.13151595219335974,0.1010041919566147,0.1375763389342427
IOVMD,IMF1,angle_position_mode,0.008692628650904,stable_43deg,energy_nm2,184,6.5847227333932805,0.8104545876797753,6.443774418757493,0.48348745700772167,0.7168185037596481,5.5053671900662025,6.074015243423327,7.083890598861398,8.17199910743715,4.624132412908379,8.85325102888833
IOVMD,IMF1,angle_position_mode,0.008692628650904,stable_43deg,envelope_mean_nm,184,0.14814308664157003,0.027893620002865962,0.1396333324624336,0.011775119312253446,0.017457791892346957,0.11805499426825757,0.12956597589990831,0.15510261642834458,0.20570609991769426,0.1075685645820843,0.2430755923489425
IOVMD,IMF1,angle_position_mode,0.008692628650904,stable_43deg,local_peak_frequency_hz,0,,,,,,,,,,,
IOVMD,IMF1,angle_position_mode,0.008692628650904,stable_43deg,rms_nm,184,0.1280669747262399,0.00780949908594787,0.12692295193410108,0.0047275141981741944,0.00700901255021306,0.11731758874491532,0.1232275688674454,0.1330778118850411,0.14293354297778124,0.1075189798699324,0.1487720658330078
IOVMD,IMF2,background_dynamic_mode,5.4242002781641165,stable_10deg,energy_nm2,175,0.13666992708034334,0.07550812167163497,0.1178839940923829,0.026866172873098892,0.03983178790165642,0.06933201551803361,0.09545651988798945,0.15326071752836934,0.2343799338981827,0.0495815879776002,0.5766013439697183
IOVMD,IMF2,background_dynamic_mode,5.4242002781641165,stable_10deg,envelope_mean_nm,175,0.022411423264119445,0.0047236421376236105,0.0217488014665588,0.002727937855402301,0.004044440664419451,0.01626529961545994,0.0191112783364672,0.0245816649363414,0.03139509730946191,0.0141384886233501,0.0410036648756428
IOVMD,IMF2,background_dynamic_mode,5.4242002781641165,stable_10deg,local_peak_frequency_hz,175,4.6257142857142854,1.2229469911592858,4.5,1.0,1.4826,3.0,4.0,5.5,7.0,2.5,8.5
IOVMD,IMF2,background_dynamic_mode,5.4242002781641165,stable_10deg,rms_nm,175,0.01800741923613398,0.00418422205867697,0.0171671193049666,0.002064099950220298,0.0030602345861966136,0.01316480327235752,0.015447956162929499,0.01957426233193315,0.02420639238491821,0.0111334617232916,0.0379671352609634
IOVMD,IMF2,background_dynamic_mode,5.4242002781641165,stable_43deg,energy_nm2,184,0.1841028208382172,0.07141257608821212,0.18292504008594013,0.044988644242860004,0.06670016395446424,0.08751037439354561,0.13109180552063687,0.22010300025349883,0.29354933942729255,0.0644640019595915,0.5331286499622261
IOVMD,IMF2,background_dynamic_mode,5.4242002781641165,stable_43deg,envelope_mean_nm,184,0.02652998449176083,0.005222929950383259,0.02654033212357955,0.0037348608575329,0.005537304707378277,0.018776116760150997,0.022637538877618976,0.029914615664635723,0.0339917025864622,0.0157675530756318,0.0484244479564647
IOVMD,IMF2,background_dynamic_mode,5.4242002781641165,stable_43deg,local_peak_frequency_hz,184,4.853260869565218,1.1642161073829678,5.0,1.0,1.4826,3.0,4.0,5.5,6.5,2.5,8.0
IOVMD,IMF2,background_dynamic_mode,5.4242002781641165,stable_43deg,rms_nm,184,0.02107082576674632,0.00404552850569717,0.0213848516266619,0.0026205234963721496,0.0038851881357213486,0.01479095947345368,0.0181032888730942,0.023457366614059425,0.027090072767763956,0.0126948810509976,0.036507829638388
IOVMD,IMF3,background_dynamic_mode,15.946627260083448,stable_10deg,energy_nm2,175,0.6477577629599423,0.41382832731169056,0.7014131232713978,0.35066786211732137,0.5199001723751406,0.059364519913674876,0.2147298482148295,0.9565171078105741,1.286214908502984,0.0346698487083141,1.533273923293064
IOVMD,IMF3,background_dynamic_mode,15.946627260083448,stable_10deg,envelope_mean_nm,175,0.0510255477510164,0.021911087657150677,0.0577681883026551,0.0142654543154963,0.021149962568154813,0.01563135885588605,0.029753545551260398,0.06839043932437275,0.07886256712383899,0.0114175143453607,0.0868075356114663
IOVMD,IMF3,background_dynamic_mode,15.946627260083448,stable_10deg,local_peak_frequency_hz,175,16.077142857142857,0.6552553745764548,16.0,0.5,0.7413,15.0,15.5,16.5,17.0,13.5,17.0
IOVMD,IMF3,background_dynamic_mode,15.946627260083448,stable_10deg,rms_nm,175,0.03729646915420095,0.015155205529040518,0.0418752051717778,0.009878696242671604,0.014646155049384919,0.012182383518335579,0.0231678065348263,0.04890058095557865,0.05670557738583703,0.0093099206103374,0.0619127192766773
IOVMD,IMF3,background_dynamic_mode,15.946627260083448,stable_43deg,energy_nm2,184,0.2978221867789937,0.3490831594132046,0.12924831895101108,0.05166221030273575,0.07659439299483603,0.05755520622941474,0.0850631874198709,0.3550279139290407,1.0738007655684914,0.0359016567840973,1.3563472952367184
IOVMD,IMF3,background_dynamic_mode,15.946627260083448,stable_43deg,envelope_mean_nm,184,0.03115163369859102,0.01900293007012645,0.02292105861531775,0.005183054913650599,0.007684397214978378,0.014959478606114915,0.018397324624117424,0.03728086348382442,0.07141725217542132,0.0123593013789022,0.0819899658944383
IOVMD,IMF3,background_dynamic_mode,15.946627260083448,stable_43deg,local_peak_frequency_hz,184,15.804347826086957,0.926113336013897,16.0,0.5,0.7413,14.0,15.0,16.5,17.0,13.5,17.0
IOVMD,IMF3,background_dynamic_mode,15.946627260083448,stable_43deg,rms_nm,184,0.02377924089080607,0.01341945883593419,0.01797555412790695,0.0037735858851531004,0.005594718433327987,0.011995327217283481,0.014582796971515474,0.029787725898532975,0.05181185034030288,0.0094738662625267,0.058231162087767
IOVMD,IMF4,background_dynamic_mode,17.793810848400554,stable_10deg,energy_nm2,175,0.33977755098127177,0.2986655207695527,0.1908844083549933,0.09099080970885509,0.13490297447434854,0.08215839438541013,0.1295843487247185,0.47855328429394306,0.9694175543399197,0.0493797573751754,1.4092239288355015
IOVMD,IMF4,background_dynamic_mode,17.793810848400554,stable_10deg,envelope_mean_nm,175,0.03552282572561855,0.015843793583075666,0.0295014373686206,0.008238852712181503,0.012214923031080295,0.01859201255380298,0.0238836883573408,0.0450489831148362,0.0668407111354787,0.0140628506583651,0.0828052145674396
IOVMD,IMF4,background_dynamic_mode,17.793810848400554,stable_10deg,local_peak_frequency_hz,175,17.68,0.4616312903994508,18.0,0.0,0.0,17.0,17.5,18.0,18.0,16.5,18.5
IOVMD,IMF4,background_dynamic_mode,17.793810848400554,stable_10deg,rms_nm,175,0.026794435645985725,0.011500341518318144,0.0218451601250135,0.0058474921281138,0.008669491829141519,0.01432971977705361,0.01799856280680205,0.034584876575569454,0.04922950218558328,0.0111107782552771,0.059355368940718
IOVMD,IMF4,background_dynamic_mode,17.793810848400554,stable_43deg,energy_nm2,184,2.5810417243862647,1.4665855799968608,2.705271895058493,1.1467647696347352,1.7001934474604583,0.6016725840913487,1.057961051934638,3.580215528114242,4.97671862310306,0.0793415765592499,7.050181157360616
IOVMD,IMF4,background_dynamic_mode,17.793810848400554,stable_43deg,envelope_mean_nm,184,0.10386312580255205,0.035851917514548685,0.11088698044703699,0.024977271517980945,0.037031302752558545,0.050766186386008355,0.06986345662157939,0.13089473822139078,0.1525965917092264,0.0190090204423539,0.1874952370675872
IOVMD,IMF4,background_dynamic_mode,17.793810848400554,stable_43deg,local_peak_frequency_hz,184,17.76358695652174,0.36188662150385376,18.0,0.0,0.0,17.0,17.5,18.0,18.0,17.0,18.5
IOVMD,IMF4,background_dynamic_mode,17.793810848400554,stable_43deg,rms_nm,184,0.07632857366868215,0.02509934143338682,0.08223854843429784,0.016729019823747512,0.02480244479068806,0.03878359341280039,0.05142860411759503,0.09460728313089893,0.1115427829699623,0.0140838184239262,0.1327608861577895
IOVMD,IMF5,background_dynamic_mode,20.07127955493741,stable_10deg,energy_nm2,175,0.31883598615720515,0.09507811475539994,0.2970575376304307,0.06259329671891228,0.09280082171545935,0.19516559549640555,0.25045200490845787,0.38368147644018175,0.5038829212892592,0.1095337281670234,0.6058989270037257
IOVMD,IMF5,background_dynamic_mode,20.07127955493741,stable_10deg,envelope_mean_nm,175,0.03792240492088791,0.00598832643229261,0.0367855820508681,0.004265579190134795,0.006324147707293847,0.02914618299990952,0.033953992138921446,0.04240996300598365,0.04897264989100938,0.0207547160409106,0.0533361666394856
IOVMD,IMF5,background_dynamic_mode,20.07127955493741,stable_10deg,local_peak_frequency_hz,175,20.02285714285714,0.16795886586891956,20.0,0.0,0.0,20.0,20.0,20.0,20.0,20.0,22.0
IOVMD,IMF5,background_dynamic_mode,20.07127955493741,stable_10deg,rms_nm,175,0.027928056802797738,0.004148730249751123,0.0272514925109814,0.0028673604236438034,0.004251148564094303,0.02208862305011756,0.02502258956764715,0.03097095797849515,0.03549226325601808,0.0165479400656866,0.0389197548490392
IOVMD,IMF5,background_dynamic_mode,20.07127955493741,stable_43deg,energy_nm2,184,0.3981330698999628,0.09309876184100638,0.3938879927681531,0.0667569491409451,0.0989738527963652,0.2579450394169936,0.3334499246425609,0.46849927935663005,0.5500650403672869,0.1976406510618114,0.6414703951158902
IOVMD,IMF5,background_dynamic_mode,20.07127955493741,stable_43deg,envelope_mean_nm,184,0.04152588898343703,0.005253302857797902,0.0413447625067533,0.003667025248237598,0.005436731633037062,0.033156267519792386,0.037705441016606674,0.0451754530959865,0.04975941424734589,0.028793618777016,0.0547700003009173
IOVMD,IMF5,background_dynamic_mode,20.07127955493741,stable_43deg,local_peak_frequency_hz,184,20.02173913043478,0.11483043993581034,20.0,0.0,0.0,20.0,20.0,20.0,20.0,20.0,21.0
IOVMD,IMF5,background_dynamic_mode,20.07127955493741,stable_43deg,rms_nm,184,0.031332324915551976,0.0037003386235963933,0.031380247242415,0.0026120567221226514,0.0038726352962190425,0.025394143544730276,0.02887254073467175,0.03422350078655063,0.037083153703667826,0.0222283968754952,0.0400459234852903
IOVMD,IMF6,angle_movement_response_candidate,35.626738525730175,stable_10deg,energy_nm2,175,0.1502325085575066,0.05110778535787166,0.141630999126929,0.034875293382232,0.05170610996849716,0.07820027656747285,0.1125420947969375,0.18237822878567128,0.25353379389094033,0.0590681611722398,0.2954834585638682
IOVMD,IMF6,angle_movement_response_candidate,35.626738525730175,stable_10deg,envelope_mean_nm,175,0.024629768211918618,0.0044512202855061704,0.0244569227788387,0.0032918049467893992,0.004880430014109963,0.017625469172729773,0.021334583350275,0.0279631235209622,0.03267962520637016,0.0154961837284836,0.0354669923108665
IOVMD,IMF6,angle_movement_response_candidate,35.626738525730175,stable_10deg,local_peak_frequency_hz,175,35.502857142857145,0.5660336462348777,35.5,0.5,0.7413,34.5,35.0,36.0,36.5,34.0,37.0
IOVMD,IMF6,angle_movement_response_candidate,35.626738525730175,stable_10deg,rms_nm,175,0.019104818031703864,0.0032631342820414458,0.0188169470907828,0.0022490438865453016,0.003334432466192064,0.013981911832307022,0.016773635455475,0.021352882016446702,0.025175936976160367,0.0121519711541214,0.0271791951023143
IOVMD,IMF6,angle_movement_response_candidate,35.626738525730175,stable_43deg,energy_nm2,184,0.14326185516923856,0.053356198904101995,0.1300774507254555,0.02784061847898958,0.04127650095694995,0.08113697021458852,0.10582319988424504,0.1652566737277519,0.24314401339682032,0.0505916165322962,0.3528404788209582
IOVMD,IMF6,angle_movement_response_candidate,35.626738525730175,stable_43deg,envelope_mean_nm,184,0.023726114875498517,0.0045807609046136155,0.022897440766058652,0.002463761036750351,0.0036527721130860703,0.01798361677562845,0.02081271756293725,0.02611305215324845,0.032961290127778785,0.0142910874639969,0.0398232654332571
IOVMD,IMF6,angle_movement_response_candidate,35.626738525730175,stable_43deg,local_peak_frequency_hz,184,35.64945652173913,1.0574739094358603,35.5,0.5,0.7413,33.5,35.5,36.0,37.5,32.5,38.0
IOVMD,IMF6,angle_movement_response_candidate,35.626738525730175,stable_43deg,rms_nm,184,0.018631940996967064,0.00332649236814792,0.018033125675401253,0.001971901586112953,0.002923541291571064,0.014242133736465655,0.016265208018402977,0.020325696727362775,0.02465471282688765,0.0112462901141105,0.0297001885019673
IOVMD,IMF7,background_dynamic_mode,39.90785813630041,stable_10deg,energy_nm2,175,0.1465618062748406,0.04639354296057969,0.1463349189396949,0.03354944329887238,0.04974040463490819,0.07916242273397187,0.1116235569851134,0.17575865093204496,0.22620460705674117,0.0384106259407979,0.2698006021022525
IOVMD,IMF7,background_dynamic_mode,39.90785813630041,stable_10deg,envelope_mean_nm,175,0.024915191196561333,0.004350090145153694,0.0251035780908913,0.003009299779974002,0.004461587853789455,0.01812311730299091,0.021514702831397,0.02798095213290435,0.031630754242639045,0.0124773629913628,0.0354620009675069
IOVMD,IMF7,background_dynamic_mode,39.90785813630041,stable_10deg,local_peak_frequency_hz,175,39.88857142857143,0.23460829248583662,40.0,0.0,0.0,39.5,40.0,40.0,40.0,38.5,40.0
IOVMD,IMF7,background_dynamic_mode,39.90785813630041,stable_10deg,rms_nm,175,0.018893598728571357,0.003080693947886414,0.0191268736951242,0.0022074505222128005,0.0032727661442326977,0.01406790451405397,0.0167050558605029,0.0209617887539141,0.02378043951395368,0.0097993145092906,0.0259711668058181
IOVMD,IMF7,background_dynamic_mode,39.90785813630041,stable_43deg,energy_nm2,184,0.206553655442517,0.06475773944165582,0.19836467107852926,0.04363057085451272,0.06468668434890056,0.11524384248596027,0.15951363850878153,0.24574532803153015,0.3251810379753003,0.0952609316911593,0.4124645766706112
IOVMD,IMF7,background_dynamic_mode,39.90785813630041,stable_43deg,envelope_mean_nm,184,0.028741301406899324,0.004858499388748188,0.0282509480132245,0.0033531419924714492,0.004971368318038171,0.021533140612152335,0.025386607607738625,0.032013929127769306,0.03682042187495861,0.0186022091158603,0.0424263463385501
IOVMD,IMF7,background_dynamic_mode,39.90785813630041,stable_43deg,local_peak_frequency_hz,184,39.84239130434783,0.7068337304818746,40.0,0.0,0.0,38.5,39.5,40.0,40.5,38.0,43.5
IOVMD,IMF7,background_dynamic_mode,39.90785813630041,stable_43deg,rms_nm,184,0.022453449797089953,0.0035062149894936603,0.022269072992631,0.002457676595532301,0.0036437513205361894,0.016973689395055735,0.019969567748203174,0.024786244556582824,0.02851228633370001,0.0154321848494598,0.032111702565833
IOVMD,IMF8,background_dynamic_mode,59.97479137691238,stable_10deg,energy_nm2,175,0.09026930834711505,0.03329188239721441,0.0799262497431984,0.019789708274791096,0.029340221488205278,0.052670525308862313,0.0630146102689549,0.11148415575436035,0.15852398593101738,0.0470081456855259,0.1785892783921916
IOVMD,IMF8,background_dynamic_mode,59.97479137691238,stable_10deg,envelope_mean_nm,175,0.018792226617592236,0.0034047057968341304,0.0178795752436369,0.0021283223276745006,0.0031554506830102145,0.01459136332626433,0.01620595224149255,0.02113963665564935,0.025671113451192506,0.0134134641729163,0.027935450872836
IOVMD,IMF8,background_dynamic_mode,59.97479137691238,stable_10deg,local_peak_frequency_hz,175,57.60285714285714,2.3355677783551134,58.0,2.0,2.9652,54.0,55.0,60.0,60.0,53.0,60.0
IOVMD,IMF8,background_dynamic_mode,59.97479137691238,stable_10deg,rms_nm,175,0.01478902491396768,0.002645373611055721,0.0141356154573473,0.0017635518227466004,0.0026146419324041097,0.0114750129563329,0.01255134702788795,0.01669419393309705,0.019907509801482568,0.010840680984782,0.0211299123514623
IOVMD,IMF8,background_dynamic_mode,59.97479137691238,stable_43deg,energy_nm2,184,0.1999988112420229,0.045367800935303335,0.20131636009941475,0.0330474968286974,0.04899621879822676,0.13120103766777136,0.16712105815201275,0.2328449262884803,0.27293316178233495,0.0955489718998893,0.3194667042690806
IOVMD,IMF8,background_dynamic_mode,59.97479137691238,stable_43deg,envelope_mean_nm,184,0.02810884291227651,0.0032853891772204936,0.028355446607237753,0.0023959235188879494,0.0035521962091032734,0.02283512496839616,0.025757539947463028,0.030523463096956326,0.03317410067492155,0.019617799264582,0.0360902316844681
IOVMD,IMF8,background_dynamic_mode,59.97479137691238,stable_43deg,local_peak_frequency_hz,184,57.94565217391305,1.9126506108618535,58.0,2.0,2.9652,54.0,56.875,60.0,60.0,53.5,60.0
IOVMD,IMF8,background_dynamic_mode,59.97479137691238,stable_43deg,rms_nm,184,0.022212919431822055,0.002572783006955189,0.02243414159245485,0.0018337439016085505,0.0027187087085248367,0.01811083304595177,0.020440221239738727,0.02412699946582745,0.026121490600437128,0.0154554983662683,0.0282606928554963
IOVMD,IMF9,background_dynamic_mode,72.63125869262865,stable_10deg,energy_nm2,175,0.06642990087287742,0.02703537976845552,0.0591455111301327,0.014015447544126904,0.020779302528922548,0.032498777695422754,0.0493535320548041,0.07992463864134311,0.11902608509281846,0.0260281962754865,0.1467180153274379
IOVMD,IMF9,background_dynamic_mode,72.63125869262865,stable_10deg,envelope_mean_nm,175,0.016069396027922768,0.0033351288487055305,0.0151532930854263,0.0017290195810613987,0.0025634444308816296,0.01152504295943806,0.0137833049240611,0.0183999585542675,0.02227687464222553,0.0102031323052463,0.0255148008579013
IOVMD,IMF9,background_dynamic_mode,72.63125869262865,stable_10deg,local_peak_frequency_hz,175,72.16857142857143,0.8086356569035053,72.0,0.5,0.7413,70.85,72.0,72.5,73.0,69.0,74.0
IOVMD,IMF9,background_dynamic_mode,72.63125869262865,stable_10deg,rms_nm,175,0.012639747899470883,0.002519483747409796,0.0121599250748239,0.0014500327700418016,0.002149818584863975,0.00901360008572144,0.01110782590979625,0.01413539811521395,0.01725006175926324,0.0080666282106414,0.0191518938572297
IOVMD,IMF9,background_dynamic_mode,72.63125869262865,stable_43deg,energy_nm2,184,0.0918324590497651,0.029087724491088252,0.08771666852321061,0.01974807320164175,0.029278493328754058,0.04911931894084379,0.07085579378521767,0.11221361215460657,0.14177415279138214,0.0310573166492632,0.1829269733971531
IOVMD,IMF9,background_dynamic_mode,72.63125869262865,stable_43deg,envelope_mean_nm,184,0.0188271964900685,0.0031559791521269705,0.018582691356937547,0.0022254296969371496,0.003299422068679018,0.01430343460067389,0.016621763838021227,0.021111906656434178,0.024618175002178604,0.0110451317778294,0.0277342529553913
IOVMD,IMF9,background_dynamic_mode,72.63125869262865,stable_43deg,local_peak_frequency_hz,184,71.9836956521739,1.411217911698237,71.5,1.0,1.4826,69.575,71.0,73.5,74.0,68.0,74.5
IOVMD,IMF9,background_dynamic_mode,72.63125869262865,stable_43deg,rms_nm,184,0.014961048135143264,0.0024040792783429667,0.0148084327303828,0.0017097204003737494,0.002534831465594121,0.011081411388340519,0.0133093744187525,0.016749056647761898,0.018826432096307355,0.0088115430897861,0.0213849814938634
IOVMD,IMF10,background_dynamic_mode,80.04607093184978,stable_10deg,energy_nm2,175,0.7037993788047627,0.11294336264633578,0.7007815914704494,0.06220289593392048,0.0922220135116305,0.5252813063498785,0.6469168309748792,0.7688561912728271,0.8823975955066116,0.3348131882671119,1.0072697164281414
IOVMD,IMF10,background_dynamic_mode,80.04607093184978,stable_10deg,envelope_mean_nm,175,0.058360872027437026,0.004926360066970083,0.058497696038309,0.0025575097675831007,0.003791763981418705,0.05018715855485707,0.0561488040033479,0.0610855225424744,0.06598000727710765,0.0406904445929645,0.0705386160802316
IOVMD,IMF10,background_dynamic_mode,80.04607093184978,stable_10deg,local_peak_frequency_hz,175,80.0,0.0,80.0,0.0,0.0,80.0,80.0,80.0,80.0,80.0,80.0
IOVMD,IMF10,background_dynamic_mode,80.04607093184978,stable_10deg,rms_nm,175,0.04180448491776788,0.003457135183755004,0.0418563493233239,0.0018300445251194994,0.0027132240129421697,0.036234940326043664,0.04021555442561631,0.0438422204528326,0.04696788402780668,0.0289315220938646,0.0501814138010314
IOVMD,IMF10,background_dynamic_mode,80.04607093184978,stable_43deg,energy_nm2,184,0.7621569494797901,0.11818191226914551,0.760485611546307,0.08211376657375696,0.12174187032225206,0.5791519231730928,0.6772830507333834,0.8394604469845288,0.9758968895294386,0.5305210505039046,1.0808819955910751
IOVMD,IMF10,background_dynamic_mode,80.04607093184978,stable_43deg,envelope_mean_nm,184,0.06004623932256261,0.005218884739560652,0.060046049572803795,0.0036762001310347986,0.005450334314272192,0.05182107370309517,0.05635615457408862,0.06366018536600619,0.06923567615794764,0.0491130372429403,0.0731969727103282
IOVMD,IMF10,background_dynamic_mode,80.04607093184978,stable_43deg,local_peak_frequency_hz,184,80.0,0.0,80.0,0.0,0.0,80.0,80.0,80.0,80.0,80.0,80.0
IOVMD,IMF10,background_dynamic_mode,80.04607093184978,stable_43deg,rms_nm,184,0.04352045357284082,0.003380027314628214,0.0436029065405938,0.002384970421859752,0.0035359571474492682,0.0380510157896152,0.04114857368153695,0.04581101269186755,0.0493937452545738,0.0364184379986259,0.0519827374132768
IOVMD,IMF11,background_dynamic_mode,90.29468011126563,stable_10deg,energy_nm2,175,0.22818969320917792,0.08119101312343084,0.2397681538298434,0.06153074728496641,0.0912254859246912,0.11039565631127436,0.1555302262993971,0.2848871886740242,0.3577883887857205,0.079205262992525,0.415289996828076
IOVMD,IMF11,background_dynamic_mode,90.29468011126563,stable_10deg,envelope_mean_nm,175,0.030753449676091598,0.006269907418829445,0.0318739543560123,0.004248392381485198,0.006298666544789954,0.020980988419750872,0.0257309113618878,0.0353086826399458,0.04045145714377439,0.0169996234998713,0.0443567949424056
IOVMD,IMF11,background_dynamic_mode,90.29468011126563,stable_10deg,local_peak_frequency_hz,175,90.38285714285715,0.44430348065576103,90.5,0.5,0.7413,90.0,90.0,90.5,91.0,89.5,92.0
IOVMD,IMF11,background_dynamic_mode,90.29468011126563,stable_10deg,rms_nm,175,0.023475631933393807,0.004413644082661346,0.0244830632187765,0.0031226905151757987,0.004629700957799639,0.0166128228407762,0.0197183679306459,0.02668739851344775,0.029907061817203054,0.0140717148024436,0.0322214989109785
IOVMD,IMF11,background_dynamic_mode,90.29468011126563,stable_43deg,energy_nm2,184,0.10271757962585727,0.02097671352659587,0.1020101866254726,0.016404894028127504,0.024321895886101834,0.0694952035230673,0.08711755181901143,0.1189863508927188,0.13548405849336378,0.0567380206358413,0.1461356705995113
IOVMD,IMF11,background_dynamic_mode,90.29468011126563,stable_43deg,envelope_mean_nm,184,0.02033251278379359,0.0021705705882092276,0.020403623281640852,0.0015485359159908996,0.0022958593490481076,0.017015279066560595,0.018892466492493425,0.0219560752905521,0.023763587430136474,0.0151386610417363,0.0251885783159278
IOVMD,IMF11,background_dynamic_mode,90.29468011126563,stable_43deg,local_peak_frequency_hz,184,91.45923913043478,0.9156928562487708,91.5,0.5,0.7413,90.0,91.0,92.0,92.5,88.0,94.0
IOVMD,IMF11,background_dynamic_mode,90.29468011126563,stable_43deg,rms_nm,184,0.01593887308155813,0.001661710238315951,0.01596949967328645,0.0012862734314140504,0.001907028989414471,0.013180971438615475,0.014757724417633076,0.01724716893966715,0.01840407829970854,0.0119098720223856,0.019113847768013
STVMD,IMF1,angle_position_mode,0.008692628650904,stable_10deg,energy_nm2,175,5.547632551366379,0.7631357983592406,5.485303959950217,0.4862432543345516,0.7209042488764063,4.338899621499415,5.048511142282399,6.036888106196259,6.9237576282356565,3.873596562999902,7.513866810317271
STVMD,IMF1,angle_position_mode,0.008692628650904,stable_10deg,envelope_mean_nm,175,0.14120031630655677,0.02487584931085304,0.1358059597021191,0.015770911934937987,0.02338195403473906,0.11475941661984433,0.121855444417837,0.15403992180260473,0.18414253763381308,0.1096533826585894,0.2391388764018266
STVMD,IMF1,angle_position_mode,0.008692628650904,stable_10deg,local_peak_frequency_hz,0,,,,,,,,,,,
STVMD,IMF1,angle_position_mode,0.008692628650904,stable_10deg,rms_nm,175,0.11749100040652057,0.008082045281040116,0.1171036288928551,0.005290658494547892,0.007843930284016705,0.10415012527513355,0.1123443530618959,0.12285038050721006,0.1315650988395977,0.0984072731432984,0.1370571669990051
STVMD,IMF1,angle_position_mode,0.008692628650904,stable_43deg,energy_nm2,184,6.504786970064606,0.8078233034881682,6.327634466040446,0.4325384747491223,0.6412815426630487,5.404124259716153,6.013234488240031,6.9371015248994485,8.072504582073458,4.705416454797528,8.774211713278792
STVMD,IMF1,angle_position_mode,0.008692628650904,stable_43deg,envelope_mean_nm,184,0.14740893621495219,0.02806928051205021,0.1387687755398772,0.01203578865788546,0.017844260264180983,0.11841773092905032,0.12821140692701039,0.1545649388828178,0.20573343649798045,0.1085402987818436,0.2447119519140371
STVMD,IMF1,angle_position_mode,0.008692628650904,stable_43deg,local_peak_frequency_hz,0,,,,,,,,,,,
STVMD,IMF1,angle_position_mode,0.008692628650904,stable_43deg,rms_nm,184,0.1272842724403484,0.007811082314352445,0.12577394866213015,0.004374861921432258,0.006486170284715465,0.11623364748099821,0.12260948437816571,0.13169186445527428,0.14206076096598413,0.1084598595656191,0.1481064795449442
STVMD,IMF2,background_dynamic_mode,2.1905424200278163,stable_10deg,energy_nm2,175,0.26182190376022335,0.11236535515112064,0.2406972768944024,0.0555519826488996,0.08236136947525854,0.1420099142389154,0.19121179295380053,0.3110504920784962,0.404390471829929,0.088664404267974,0.8708418646235708
STVMD,IMF2,background_dynamic_mode,2.1905424200278163,stable_10deg,envelope_mean_nm,175,0.03173185190055847,0.0055942431193606,0.0312599082191712,0.004171313782066602,0.0061843898132919435,0.0235219933494957,0.02797058279274765,0.03594829863566955,0.04101812456611976,0.0183337811665104,0.050778351824921
STVMD,IMF2,background_dynamic_mode,2.1905424200278163,stable_10deg,local_peak_frequency_hz,175,2.6028571428571428,1.2575029339527743,2.5,1.0,1.4826,1.0,1.5,3.5,5.0,0.5,6.0
STVMD,IMF2,background_dynamic_mode,2.1905424200278163,stable_10deg,rms_nm,175,0.025126628735445314,0.00483121754931852,0.024530454382991,0.0028894685129694994,0.00428392601732858,0.01884208081779119,0.02186388236238615,0.0278859419190646,0.0317947226462808,0.0148882843427285,0.0466594541498175
STVMD,IMF2,background_dynamic_mode,2.1905424200278163,stable_43deg,energy_nm2,184,0.2983234177605857,0.10198147055233382,0.27794671125499254,0.06368242128451491,0.0944155577964218,0.1377224736050197,0.23551218181443115,0.3678373148993236,0.4840745101451073,0.1009943563311418,0.6764759750067786
STVMD,IMF2,background_dynamic_mode,2.1905424200278163,stable_43deg,envelope_mean_nm,184,0.03394434874617367,0.006064715471948531,0.0333014492228918,0.0041502673549111,0.006153186380391196,0.023816723213905933,0.030160010616308824,0.0383532863107706,0.04388914741374736,0.0193845973636742,0.0528766948518846
STVMD,IMF2,background_dynamic_mode,2.1905424200278163,stable_43deg,local_peak_frequency_hz,184,3.203804347826087,1.0753251813586684,3.0,0.5,0.7413,1.5750000000000002,2.5,4.0,5.0,1.0,6.0
STVMD,IMF2,background_dynamic_mode,2.1905424200278163,stable_43deg,rms_nm,184,0.026906632528181224,0.004686259039470383,0.026360325735634148,0.0029973217338952994,0.004443829202673171,0.018553508164571835,0.024264791732718727,0.03032478669198385,0.03478700821960725,0.0158898046189326,0.0411240797771445
STVMD,IMF3,background_dynamic_mode,17.793810848400554,stable_10deg,energy_nm2,175,1.1013807943861529,0.20175341489841517,1.1234660239345131,0.12033330503283146,0.17840615804167592,0.7593346352692092,0.9735930015337542,1.2253807041433955,1.4060265785297434,0.4297137118548787,1.6211141413188912
STVMD,IMF3,background_dynamic_mode,17.793810848400554,stable_10deg,envelope_mean_nm,175,0.07170319846020104,0.007160129761111742,0.0731023683214673,0.004410361732073098,0.006538802303971575,0.058980053692695045,0.06738169941814474,0.07640763662095046,0.08168861607232869,0.0454230443568399,0.0883140585042636
STVMD,IMF3,background_dynamic_mode,17.793810848400554,stable_10deg,local_peak_frequency_hz,175,16.408571428571427,0.6675445779472694,16.5,0.5,0.7413,15.5,16.0,17.0,17.5,15.0,17.5
STVMD,IMF3,background_dynamic_mode,17.793810848400554,stable_10deg,rms_nm,175,0.05223722285036104,0.004986645152299592,0.0529968400929365,0.0028886649191939007,0.004282734609196877,0.04356484744061967,0.04933540782200575,0.05534845696335445,0.059287983203157146,0.0327762761709929,0.0636614903477544
STVMD,IMF3,background_dynamic_mode,17.793810848400554,stable_43deg,energy_nm2,184,2.941137329798194,1.4876891917516275,3.0693344838457386,1.4155827773667262,2.098743025723908,1.027218287591542,1.3966660103414539,4.154375136560778,5.2737791304837,0.7166182101378723,7.192809238911566
STVMD,IMF3,background_dynamic_mode,17.793810848400554,stable_43deg,envelope_mean_nm,184,0.11127912524746161,0.030813297293574238,0.11421000268111625,0.026491550573772442,0.03927637288067502,0.06801510679913808,0.0798220844408781,0.13711815345691689,0.15747348414309995,0.0570750928172921,0.1888829877052569
STVMD,IMF3,background_dynamic_mode,17.793810848400554,stable_43deg,local_peak_frequency_hz,184,17.671195652173914,0.4895483418390737,18.0,0.0,0.0,17.0,17.5,18.0,18.0,15.5,18.5
STVMD,IMF3,background_dynamic_mode,17.793810848400554,stable_43deg,rms_nm,184,0.08274605166023084,0.02255435495022206,0.08759756565793345,0.018369238583676048,0.027234233124158107,0.05067588204953594,0.0590902837950571,0.10191141714627085,0.11482355012571105,0.0423266526593431,0.1340970659532822
STVMD,IMF4,background_dynamic_mode,20.07127955493741,stable_10deg,energy_nm2,175,0.35867946454848204,0.10176367303549304,0.3348760058201981,0.0674303077992287,0.09997217434313647,0.23145755279934388,0.28255848652082,0.4269518976041259,0.5516086196498027,0.1803559576948201,0.6824117281255199
STVMD,IMF4,background_dynamic_mode,20.07127955493741,stable_10deg,envelope_mean_nm,175,0.03977230700529228,0.00584448476461638,0.0387993548222634,0.004028545444194204,0.005972721475562326,0.03162121008037033,0.03549830138977875,0.04424095605343225,0.05073541577796373,0.0275308862409229,0.0561494338792564
STVMD,IMF4,background_dynamic_mode,20.07127955493741,stable_10deg,local_peak_frequency_hz,175,19.994285714285713,0.23359122506406232,20.0,0.0,0.0,20.0,20.0,20.0,20.0,18.0,20.5
STVMD,IMF4,background_dynamic_mode,20.07127955493741,stable_10deg,rms_nm,175,0.029658940441817987,0.004140516665648818,0.0289342360284576,0.0029159896813681987,0.004323246301596491,0.0240550156213741,0.02657810322165985,0.032670777764572445,0.03713463093780986,0.0212341680844117,0.0413041077898288
STVMD,IMF4,background_dynamic_mode,20.07127955493741,stable_43deg,energy_nm2,184,0.40202373579484885,0.10080549591709875,0.39708264258298526,0.06762001194594275,0.10025342971105472,0.24767865069480738,0.33283180690534747,0.46869541736244524,0.5678663697207066,0.1757281567063766,0.7357740017296222
STVMD,IMF4,background_dynamic_mode,20.07127955493741,stable_43deg,envelope_mean_nm,184,0.04116869560727544,0.0057266249994730265,0.0411013758858471,0.0038912852563308016,0.005769219521036046,0.032055477401829686,0.03709976410434322,0.0447910465995119,0.04990214216190244,0.0256002888588533,0.0571028820648215
STVMD,IMF4,background_dynamic_mode,20.07127955493741,stable_43deg,local_peak_frequency_hz,184,20.03804347826087,0.2184607810418368,20.0,0.0,0.0,20.0,20.0,20.0,20.0,20.0,22.5
STVMD,IMF4,background_dynamic_mode,20.07127955493741,stable_43deg,rms_nm,184,0.03145381922011582,0.0039752331998764165,0.031507154161159845,0.002720886557588202,0.004033986410280268,0.02488362780486907,0.0288457664225006,0.0342306656076717,0.03767826917347382,0.0209599711776028,0.0428886349086101
STVMD,IMF5,background_dynamic_mode,39.90785813630041,stable_10deg,energy_nm2,175,0.22152751733955442,0.04302065094181337,0.2183686924332808,0.02789190997247329,0.04135254572518889,0.15998784988056436,0.1930872197192352,0.247022894726706,0.30389900694735905,0.1222044360417876,0.3496998301961138
STVMD,IMF5,background_dynamic_mode,39.90785813630041,stable_10deg,envelope_mean_nm,175,0.029998268708324238,0.00308550450873665,0.0294999533026777,0.0018452903793380014,0.0027358275164065205,0.02533369737607465,0.02800005986116775,0.031767012306390854,0.03578597026519037,0.022255950912909,0.038251894348855
STVMD,IMF5,background_dynamic_mode,39.90785813630041,stable_10deg,local_peak_frequency_hz,175,37.86571428571428,2.3287240422653412,39.5,0.5,0.7413,34.5,35.5,40.0,40.0,34.5,40.0
STVMD,IMF5,background_dynamic_mode,39.90785813630041,stable_10deg,rms_nm,175,0.023424318598562408,0.0022692548017766473,0.0233649680308619,0.0014473576564731014,0.0021458524614870198,0.01999913021941584,0.0219708054065123,0.02485069821286345,0.027562983159793972,0.0174788755389032,0.0295677117053431
STVMD,IMF5,background_dynamic_mode,39.90785813630041,stable_43deg,energy_nm2,184,0.31420149093587396,0.07525552835456518,0.3018890039461296,0.052254139862656396,0.07747198776037437,0.1974786742414823,0.2606696818999096,0.36676581926056195,0.4454095295585728,0.1641117422611275,0.5040317700304816
STVMD,IMF5,background_dynamic_mode,39.90785813630041,stable_43deg,envelope_mean_nm,184,0.0355566211207581,0.004275090618907203,0.03508341649230885,0.002820391556773452,0.00418151252207232,0.02852017300481171,0.03280404787392735,0.038347346995395576,0.04354055886032721,0.0255009419168292,0.0453561330387299
STVMD,IMF5,background_dynamic_mode,39.90785813630041,stable_43deg,local_peak_frequency_hz,184,38.50271739130435,1.2840948871710107,38.5,1.0,1.4826,36.0,37.5,40.0,40.0,35.5,40.0
STVMD,IMF5,background_dynamic_mode,39.90785813630041,stable_43deg,rms_nm,184,0.02782611822249469,0.0033573998277089717,0.02747221311308495,0.0024282270920727503,0.0036000894867070595,0.022218959466376236,0.02552788734587747,0.030280594009563323,0.03336948261715685,0.0202553537528431,0.0354975974549856
STVMD,IMF7,background_dynamic_mode,59.94871349095966,stable_10deg,energy_nm2,175,0.07013173772226217,0.026310425173439286,0.0643478850282032,0.0162958279719179,0.024160194551165477,0.03453123654180875,0.0503899818323918,0.0861228903365371,0.11813076475775196,0.0264822062373011,0.1458601509204896
STVMD,IMF7,background_dynamic_mode,59.94871349095966,stable_10deg,envelope_mean_nm,175,0.01660938615531533,0.0032871642080031568,0.0162443815635601,0.0025502821676988002,0.003781048341830241,0.01170378039239309,0.0142220070187478,0.01923177858867625,0.02195791565756432,0.0101604554089942,0.0253893571835056
STVMD,IMF7,background_dynamic_mode,59.94871349095966,stable_10deg,local_peak_frequency_hz,175,68.57142857142857,5.58006362118035,72.0,0.5,0.7413,60.0,60.0,72.5,73.0,58.5,75.0
STVMD,IMF7,background_dynamic_mode,59.94871349095966,stable_10deg,rms_nm,175,0.01301383077450707,0.002450277668614056,0.012683442457413,0.0016472166442687008,0.002442163396792776,0.00929128327335948,0.0112238496918864,0.014673338780585899,0.017184833421330308,0.0081366771837927,0.0190958209381326
STVMD,IMF7,background_dynamic_mode,59.94871349095966,stable_43deg,energy_nm2,184,0.0906877491097273,0.02901335168009868,0.08610526257891776,0.018847391906646402,0.027943143240793954,0.05228819803980413,0.06992217541069178,0.1087868375052361,0.14309425704944873,0.0309350573134061,0.1986021001856869
STVMD,IMF7,background_dynamic_mode,59.94871349095966,stable_43deg,envelope_mean_nm,184,0.018770136715660385,0.0031199288974852932,0.018388300659200947,0.0021697091889571474,0.0032168108435478666,0.01453768567726408,0.016455045511593575,0.0208012028790223,0.024257781844443677,0.0110027830227321,0.0287045302909731
STVMD,IMF7,background_dynamic_mode,59.94871349095966,stable_43deg,local_peak_frequency_hz,184,71.10326086956522,1.956547147481595,71.0,1.5,2.2239,68.5,69.5,72.5,74.0,66.0,76.0
STVMD,IMF7,background_dynamic_mode,59.94871349095966,stable_43deg,rms_nm,184,0.01486991110211403,0.0023739725444799674,0.01467183615681565,0.00161413710302755,0.002393119668948645,0.011433281127642516,0.013221400278329425,0.016491390174348898,0.01891389497921426,0.0087941823544611,0.0222823977718785
STVMD,IMF6,background_dynamic_mode,59.97479137691238,stable_10deg,energy_nm2,175,0.10102029830534348,0.04500420687529963,0.0857445770269402,0.0274491350612577,0.040696087641820665,0.04899135448188089,0.06507731711602825,0.1308919455518448,0.1830073551329915,0.0397044388797761,0.2350348756343375
STVMD,IMF6,background_dynamic_mode,59.97479137691238,stable_10deg,envelope_mean_nm,175,0.019627783137958887,0.004509747403482418,0.0187990081807426,0.0032810320918877003,0.004864458179432704,0.013657314503883019,0.01583757589958985,0.0226528020012535,0.027200008855917116,0.0122412517230039,0.0319277690783474
STVMD,IMF6,background_dynamic_mode,59.97479137691238,stable_10deg,local_peak_frequency_hz,175,54.73714285714286,2.7879137458298797,54.0,1.0,1.4826,50.85,53.25,55.0,60.0,48.5,60.0
STVMD,IMF6,background_dynamic_mode,59.97479137691238,stable_10deg,rms_nm,175,0.015524818401859462,0.0034054409530271923,0.014641087478987,0.0024393837340806017,0.0036166303241479,0.01106699533678038,0.0127551167941364,0.01808936918120485,0.02138967856067988,0.0099629863594928,0.024240197793868
STVMD,IMF6,background_dynamic_mode,59.97479137691238,stable_43deg,energy_nm2,184,0.21453328568082417,0.053061564214647354,0.21316669350285994,0.038873168321565385,0.057633359353552835,0.13203038254130461,0.1740261746958403,0.25131155132324534,0.302470846846111,0.1125751254313993,0.3580697114638564
STVMD,IMF6,background_dynamic_mode,59.97479137691238,stable_43deg,envelope_mean_nm,184,0.02923277878885693,0.0038155365824482086,0.0292201386499637,0.0029038031204104992,0.004305178506320606,0.023223740000220292,0.026300346536486625,0.032070455153838426,0.03515625245638059,0.021286389110688,0.0393881520522479
STVMD,IMF6,background_dynamic_mode,59.97479137691238,stable_43deg,local_peak_frequency_hz,184,58.22282608695652,2.0919624097213925,59.5,0.5,0.7413,54.0,57.0,60.0,60.0,54.0,60.0
STVMD,IMF6,background_dynamic_mode,59.97479137691238,stable_43deg,rms_nm,184,0.02297965612656049,0.0028833664725071255,0.023084985415452598,0.00207667781073405,0.0030788825221943024,0.018167922743748795,0.0208582215232658,0.02506549124927855,0.027498647421544224,0.0167761084157947,0.0299194632080798
STVMD,IMF8,background_dynamic_mode,80.04607093184978,stable_10deg,energy_nm2,175,0.7048752685680671,0.11204303680635397,0.7010552039488349,0.05873354352645621,0.08707835163232397,0.530778692391227,0.6475894673902016,0.768011986817839,0.8815156734703439,0.3342664325093047,1.006927903528662
STVMD,IMF8,background_dynamic_mode,80.04607093184978,stable_10deg,envelope_mean_nm,175,0.058386149754348506,0.004906580716395386,0.0585774851861617,0.0024212882997290963,0.003589802033178358,0.050332451102008645,0.056179835179956894,0.0610897952477162,0.06596415442409292,0.040680090231174,0.0705330053456021
STVMD,IMF8,background_dynamic_mode,80.04607093184978,stable_10deg,local_peak_frequency_hz,175,80.0,0.0,80.0,0.0,0.0,80.0,80.0,80.0,80.0,80.0,80.0
STVMD,IMF8,background_dynamic_mode,80.04607093184978,stable_10deg,rms_nm,175,0.041838805141910525,0.003430715928891216,0.0418645197019156,0.0017920334918494,0.00265686885501592,0.0364239783485772,0.0402364708411588,0.04381813692964955,0.04694440122105389,0.0289078896025507,0.050172898648789
STVMD,IMF8,background_dynamic_mode,80.04607093184978,stable_43deg,energy_nm2,184,0.758675077900259,0.11948495871956123,0.7585556041661712,0.08330116366325935,0.12350230524714831,0.5715948026181271,0.6716743999165282,0.8373409525438247,0.974819571126687,0.5196352569418846,1.079756359734203
STVMD,IMF8,background_dynamic_mode,80.04607093184978,stable_43deg,envelope_mean_nm,184,0.059960183785807496,0.005272990648077012,0.0601436610508082,0.0037389411214294524,0.005543354106631306,0.05155307489109033,0.0562988060647156,0.0636760935494233,0.06921912320122862,0.0486765985356513,0.073165955452978
STVMD,IMF8,background_dynamic_mode,80.04607093184978,stable_43deg,local_peak_frequency_hz,184,80.0,0.0,80.0,0.0,0.0,80.0,80.0,80.0,80.0,80.0,80.0
STVMD,IMF8,background_dynamic_mode,80.04607093184978,stable_43deg,rms_nm,184,0.04341670997849438,0.003426484799202041,0.043547498631369655,0.0023585862893729485,0.003496840032624333,0.03780185311091147,0.040977868521893154,0.045753159118789126,0.04936644616398025,0.0360428653460669,0.0519556628225981
STVMD,IMF9,background_dynamic_mode,90.49461057023645,stable_10deg,energy_nm2,175,0.21989798612095882,0.08029069191192127,0.2292344366134266,0.06256941676152261,0.09276541729063342,0.10330446467390056,0.1514531146115936,0.27797930804843995,0.3514841910589636,0.0583232113604978,0.3983030409314868
STVMD,IMF9,background_dynamic_mode,90.49461057023645,stable_10deg,envelope_mean_nm,175,0.03054183253716422,0.006379897052917779,0.0313870999266307,0.004535653467813004,0.0067245598313795596,0.0203824719865543,0.02594759304189155,0.035353040818190504,0.040120733114186034,0.0157951433658064,0.0439217208205324
STVMD,IMF9,background_dynamic_mode,90.49461057023645,stable_10deg,local_peak_frequency_hz,175,90.34571428571428,0.46630293119957994,90.5,0.5,0.7413,90.0,90.0,90.5,91.0,87.5,91.0
STVMD,IMF9,background_dynamic_mode,90.49461057023645,stable_10deg,rms_nm,175,0.023018522555129237,0.004472908436433723,0.0239392166023361,0.0033019240355517017,0.0048954325751089526,0.01607048394894729,0.01945848157936745,0.02636184916967755,0.029643018033113058,0.0120750995193101,0.0315556271103699
STVMD,IMF9,background_dynamic_mode,90.49461057023645,stable_43deg,energy_nm2,184,0.08296430272278997,0.0169546320873245,0.08088468311182405,0.011977314800439502,0.017757566923131605,0.057079249542814035,0.07010673679854673,0.09655575696144503,0.11187218757229046,0.0535720435631458,0.1273944743446331
STVMD,IMF9,background_dynamic_mode,90.49461057023645,stable_43deg,envelope_mean_nm,184,0.018213925905493613,0.001954550294238889,0.0180554111777369,0.0014463541500563497,0.002144364662873544,0.015207052835647114,0.01676461730455485,0.019646596482837574,0.02143985851920938,0.0142744185988931,0.0234391846256246
STVMD,IMF9,background_dynamic_mode,90.49461057023645,stable_43deg,local_peak_frequency_hz,184,89.83967391304348,2.3776284051501726,90.5,1.5,2.2239,85.0,89.0,91.625,92.425,84.0,92.5
STVMD,IMF9,background_dynamic_mode,90.49461057023645,stable_43deg,rms_nm,184,0.014327435872265168,0.0014652667496027466,0.01422011526614465,0.0010718709599718493,0.0015891558852542639,0.011945608379399935,0.0132388352641429,0.015536683478304749,0.016723649520980554,0.0115728176736637,0.0178461812683157
STVMD,IMF10,background_dynamic_mode,97.83988178025034,stable_10deg,energy_nm2,175,0.02639102573127764,0.007867344559274082,0.0263172630917236,0.006172629813857102,0.00915154096202454,0.015373245559147531,0.01978386784171245,0.031139334343625452,0.03843406804647571,0.011696556171829,0.0564450241343828
STVMD,IMF10,background_dynamic_mode,97.83988178025034,stable_10deg,envelope_mean_nm,175,0.00994416794351222,0.0014691280715893097,0.0097513287059561,0.0010912361066822002,0.0016178666517670298,0.0077205191243853504,0.00882526522815415,0.011015708867307801,0.012334882397869278,0.0066449303517285,0.0137779356024516
STVMD,IMF10,background_dynamic_mode,97.83988178025034,stable_10deg,local_peak_frequency_hz,175,97.16285714285715,1.7861352541566429,97.5,1.0,1.4826,93.85,96.0,98.0,100.0,92.0,100.0
STVMD,IMF10,background_dynamic_mode,97.83988178025034,stable_10deg,rms_nm,175,0.00803428305548763,0.0011983597978479916,0.0081112981531508,0.0009308888592488001,0.001380135822722271,0.006199432004147611,0.0070327542401753,0.008823169493020349,0.009802000320675767,0.0054075308995485,0.0118790807866584
STVMD,IMF10,background_dynamic_mode,97.83988178025034,stable_43deg,energy_nm2,184,0.061696071051159096,0.025871998528292077,0.0598931826588935,0.015075578815971949,0.02235105315256001,0.023653694288873657,0.04508120415104093,0.07577015596871514,0.10269793117705209,0.0101444459552732,0.1521425309907556
STVMD,IMF10,background_dynamic_mode,97.83988178025034,stable_43deg,envelope_mean_nm,184,0.015298871349371843,0.0035395832682069204,0.01555509076752585,0.0021957511061649008,0.0032554205900000815,0.00936700473434834,0.013188718845110924,0.017542397839501525,0.02043140773281112,0.0063562816246015,0.025462032808814
STVMD,IMF10,background_dynamic_mode,97.83988178025034,stable_43deg,local_peak_frequency_hz,184,97.41032608695652,1.7190198955459957,97.5,1.0,1.4826,95.0,96.5,98.125,100.0,92.0,100.0
STVMD,IMF10,background_dynamic_mode,97.83988178025034,stable_43deg,rms_nm,184,0.012130079921480854,0.002672104761426085,0.01223652824528585,0.0016210174028641507,0.0024033204014863897,0.00768981943755979,0.010616167344414649,0.013763073457410499,0.016023163780639935,0.0050359820182545,0.0195027261549991
SVMD,IMF1,angle_position_mode,0.008692628650904,stable_10deg,energy_nm2,175,5.820551918626771,0.7898936756964611,5.721188208234272,0.5781399563023575,0.8571502992138752,4.663524270623945,5.286339738664418,6.379968558623386,7.100508193405201,4.201012222667647,7.714220851941217
SVMD,IMF1,angle_position_mode,0.008692628650904,stable_10deg,envelope_mean_nm,175,0.14373883441630922,0.024805202020139354,0.1378677233591412,0.015177760895581482,0.022502548303789106,0.11732751529823049,0.12403241696068135,0.15699799161133648,0.18786580871203837,0.1111915536213157,0.2425028047168876
SVMD,IMF1,angle_position_mode,0.008692628650904,stable_10deg,local_peak_frequency_hz,0,,,,,,,,,,,
SVMD,IMF1,angle_position_mode,0.008692628650904,stable_10deg,rms_nm,175,0.12035470006593174,0.008155121268801814,0.1195950271565907,0.006114163270657003,0.009064858465076072,0.10797498080292232,0.1149602074141753,0.12629295387403655,0.13323352767946847,0.1024818547679008,0.138872431136828
SVMD,IMF1,angle_position_mode,0.008692628650904,stable_43deg,energy_nm2,184,6.79424025201569,0.8158525070120239,6.655409042457833,0.535410381100653,0.7937994310198281,5.6991311983594475,6.2619115944171915,7.280667624641632,8.340594996866068,4.769156363654638,9.062253303268772
SVMD,IMF1,angle_position_mode,0.008692628650904,stable_43deg,envelope_mean_nm,184,0.1500435716103043,0.02740425667161201,0.14177945331972536,0.01090849496208951,0.016172934630793907,0.12057084687971295,0.1322038683700565,0.15698955138493717,0.20687950452403325,0.1093410266860874,0.2435828151599167
SVMD,IMF1,angle_position_mode,0.008692628650904,stable_43deg,local_peak_frequency_hz,0,,,,,,,,,,,
SVMD,IMF1,angle_position_mode,0.008692628650904,stable_43deg,rms_nm,184,0.1300986026844237,0.007764137314046437,0.12899038674555569,0.005153612268066349,0.0076407455486351685,0.11936426558796383,0.1251190471260667,0.13491356108472818,0.1444004290093568,0.109191991048504,0.1505178835161188
SVMD,IMF2,background_dynamic_mode,8.344923504867872,stable_10deg,energy_nm2,175,0.048904325465920266,0.017365269466649923,0.0468664444683379,0.009734321215049198,0.01443210463343194,0.024676850206043783,0.037470834833198394,0.0578370096666153,0.08066781900068842,0.0172810657519312,0.1199208736928724
SVMD,IMF2,background_dynamic_mode,8.344923504867872,stable_10deg,envelope_mean_nm,175,0.013606569667572538,0.0023811768623432173,0.0136588448279203,0.0015233104624119993,0.00225846009157203,0.00998177428826804,0.01186625471048745,0.01495577377084015,0.01747375843248644,0.0084718836867511,0.0217607943806131
SVMD,IMF2,background_dynamic_mode,8.344923504867872,stable_10deg,local_peak_frequency_hz,175,8.597142857142858,1.1813896245488997,8.5,1.0,1.4826,6.8500000000000005,7.5,9.5,10.5,6.0,11.0
SVMD,IMF2,background_dynamic_mode,8.344923504867872,stable_10deg,rms_nm,175,0.010891108894406178,0.001914551244083582,0.010824329594522,0.0011544332121455995,0.0017115626803270658,0.007853753028095241,0.009678688432987251,0.0120244498082385,0.014201040319313919,0.0065728733731776,0.0173147966846908
SVMD,IMF2,background_dynamic_mode,8.344923504867872,stable_43deg,energy_nm2,184,0.07660367855618888,0.02768886958452509,0.07787794671936446,0.021887771234947194,0.03245080963293271,0.03224205145438987,0.05329236669789615,0.09722704222201832,0.11749604284217977,0.0250257951020971,0.1461948386413826
SVMD,IMF2,background_dynamic_mode,8.344923504867872,stable_43deg,envelope_mean_nm,184,0.017121996143790175,0.003407521674793619,0.01751635019347225,0.002444257779785651,0.003623856584310206,0.011370403582802934,0.014405836507778325,0.019666139184090124,0.02194743308863123,0.0096828351667349,0.0247646168760351
SVMD,IMF2,background_dynamic_mode,8.344923504867872,stable_43deg,local_peak_frequency_hz,184,8.565217391304348,1.1069018233212222,8.5,0.5,0.7413,6.5,8.0,9.0,10.5,5.5,12.0
SVMD,IMF2,background_dynamic_mode,8.344923504867872,stable_43deg,rms_nm,184,0.01359121260878173,0.0026125140868277974,0.01395330829689495,0.00199357349684075,0.002955672066416096,0.008978035661581485,0.011542406436478626,0.01559062514598525,0.017138847270364514,0.0079097716626488,0.0191177168250671
SVMD,IMF3,background_dynamic_mode,17.793810848400554,stable_10deg,energy_nm2,175,1.5148959846729437,0.25035745503605,1.5073102893092971,0.1584424450456765,0.23490676902471996,1.1618618933789928,1.347094309465644,1.659139699123887,1.9492055706221203,0.7094119456756773,2.2498400511439325
SVMD,IMF3,background_dynamic_mode,17.793810848400554,stable_10deg,envelope_mean_nm,175,0.07963807782371159,0.0068111710747573275,0.0796205520165414,0.004552148521482308,0.006749015397949669,0.06984479252746999,0.07512695348665005,0.0842254956861368,0.08986620583991939,0.0552264790143464,0.0967989771824902
SVMD,IMF3,background_dynamic_mode,17.793810848400554,stable_10deg,local_peak_frequency_hz,175,16.437142857142856,0.7124047483359159,16.5,0.5,0.7413,15.5,16.0,17.0,17.5,15.0,20.0
SVMD,IMF3,background_dynamic_mode,17.793810848400554,stable_10deg,rms_nm,175,0.061326005076364334,0.005149035192973663,0.0613862828592287,0.0031929664233324995,0.004733892019232764,0.05389484606544901,0.0580321866263357,0.06440379703741415,0.06980696990315408,0.0421132979495692,0.0749973341383534
SVMD,IMF3,background_dynamic_mode,17.793810848400554,stable_43deg,energy_nm2,184,3.511689543460812,1.5840413053407665,3.5534152331093622,1.5375694248965917,2.2796004293516865,1.4346410103679095,1.919847905445616,4.816412454490388,5.792170661228313,1.0633961852741065,7.63590254572884
SVMD,IMF3,background_dynamic_mode,17.793810848400554,stable_43deg,envelope_mean_nm,184,0.1198572624737598,0.03030286985656704,0.1221169394014015,0.028356493321182105,0.04204133699798459,0.07724361726311983,0.09008594809311367,0.1455962949288905,0.161707938676431,0.0666881237701988,0.1908596165262145
SVMD,IMF3,background_dynamic_mode,17.793810848400554,stable_43deg,local_peak_frequency_hz,184,17.66576086956522,0.49142534678820377,18.0,0.0,0.0,17.0,17.5,18.0,18.0,15.5,18.5
SVMD,IMF3,background_dynamic_mode,17.793810848400554,stable_43deg,rms_nm,184,0.09113320449534502,0.02183009066054872,0.09425248267420686,0.020000512832236098,0.029652760325073236,0.05988823381298817,0.06927917310005183,0.10973163228804227,0.12033464429955147,0.0515605514243715,0.1381656844673166
SVMD,IMF4,background_dynamic_mode,29.263734353268426,stable_10deg,energy_nm2,175,0.03990979143332946,0.012810917244479872,0.0380568321945045,0.007240811424206198,0.010735227017528107,0.024187290842714662,0.0314259637075372,0.0454567139724594,0.06714696840671004,0.0146043470157947,0.0836402908577794
SVMD,IMF4,background_dynamic_mode,29.263734353268426,stable_10deg,envelope_mean_nm,175,0.01194746936492654,0.0017288137716315677,0.0118094280833918,0.0010948481310900995,0.0016232218391541815,0.00945992972413399,0.01077260494256485,0.0129456636882283,0.015243346706749608,0.0077465865507005,0.0167896512927238
SVMD,IMF4,background_dynamic_mode,29.263734353268426,stable_10deg,local_peak_frequency_hz,175,27.414285714285715,1.5950971680024568,27.5,1.0,1.4826,25.0,26.0,28.5,30.0,24.0,31.5
SVMD,IMF4,background_dynamic_mode,29.263734353268426,stable_10deg,rms_nm,175,0.00986778760842625,0.0015540420085681196,0.0097540801968336,0.0009035504341472003,0.0013396038736666392,0.00777609772602076,0.00886368385491455,0.01066028976436185,0.012955558105413115,0.0060424223238273,0.0144603155962948
SVMD,IMF4,background_dynamic_mode,29.263734353268426,stable_43deg,energy_nm2,184,0.08106169591497556,0.023953543129977144,0.081063881327332,0.018023350888714755,0.026721420027608495,0.04428301164599852,0.06353156970274942,0.09914548368670036,0.11475378605903803,0.0297610209995208,0.151906147953002
SVMD,IMF4,background_dynamic_mode,29.263734353268426,stable_43deg,envelope_mean_nm,184,0.01741676115061127,0.0026337821888312994,0.017641875454715752,0.001925845360093997,0.00285525833087536,0.01304928948438378,0.0155332542452228,0.01929927654712795,0.0211786261587925,0.0110301102778969,0.0234374817521973
SVMD,IMF4,background_dynamic_mode,29.263734353268426,stable_43deg,local_peak_frequency_hz,184,27.744565217391305,1.7273033488971845,28.0,1.5,2.2239,25.0,26.5,29.0,30.5,23.5,31.5
SVMD,IMF4,background_dynamic_mode,29.263734353268426,stable_43deg,rms_nm,184,0.014074606973121899,0.0021411666480369404,0.0142358569450116,0.0015462725645232498,0.00229250370416217,0.010521763189364751,0.012602703933310476,0.015743686190774778,0.016937663853110695,0.008625691421492,0.0194875696248276
SVMD,IMF5,angle_movement_response_candidate,39.90785813630041,stable_10deg,energy_nm2,175,0.3165528778731102,0.05549520145201264,0.3173256835724555,0.033952970565457485,0.05033867416034726,0.23124270644029793,0.28124184353431375,0.34679031788677,0.4092931791939431,0.1752506320152967,0.4868884203382683
SVMD,IMF5,angle_movement_response_candidate,39.90785813630041,stable_10deg,envelope_mean_nm,175,0.0356745533831353,0.0032614658697758133,0.0357808324681938,0.002136348223081397,0.003167349875540479,0.03039187521342007,0.033588824641014245,0.037710370769585,0.040985636983632265,0.0269351133076964,0.0455608525839094
SVMD,IMF5,angle_movement_response_candidate,39.90785813630041,stable_10deg,local_peak_frequency_hz,175,38.03142857142857,2.248980794520378,39.5,0.5,0.7413,35.0,35.5,40.0,40.0,34.5,40.0
SVMD,IMF5,angle_movement_response_candidate,39.90785813630041,stable_10deg,rms_nm,175,0.028023608564007096,0.0024686803718848528,0.0281658340712846,0.0015120784084339013,0.002241807448344102,0.02404384620938193,0.02651611628518585,0.02944435868011365,0.03198800031045786,0.0209314734320888,0.0348886951725866
SVMD,IMF5,angle_movement_response_candidate,39.90785813630041,stable_43deg,energy_nm2,184,0.4233461856951362,0.09614062633644638,0.4083668641427526,0.0626810244018415,0.09293088677817021,0.274095686570929,0.35695174986909683,0.48885528952326673,0.5955441841453718,0.235043108078171,0.6946947326896391
SVMD,IMF5,angle_movement_response_candidate,39.90785813630041,stable_43deg,envelope_mean_nm,184,0.041125149924535705,0.004543979230033882,0.04045900824341285,0.002895150789197151,0.004292350560063696,0.03345187277167831,0.038245399460964474,0.044069400946940604,0.049420938257932166,0.0306298423726663,0.0534337087506178
SVMD,IMF5,angle_movement_response_candidate,39.90785813630041,stable_43deg,local_peak_frequency_hz,184,38.52173913043478,1.5210958148727134,38.5,1.5,2.2239,35.575,37.5,40.0,40.0,34.0,42.0
SVMD,IMF5,angle_movement_response_candidate,39.90785813630041,stable_43deg,rms_nm,184,0.03232566740655746,0.0036728743797747486,0.03195172927736355,0.0024872656154125983,0.003687620001410718,0.026177042964246833,0.0298727191864807,0.03495908384292653,0.03858571978321379,0.0242406223145245,0.0416741746375869
SVMD,IMF6,background_dynamic_mode,46.31867176634214,stable_10deg,energy_nm2,175,0.02869836494962027,0.010258507888694032,0.0271429568022195,0.006242314276488397,0.009254855146321697,0.01513251292542964,0.02148146745112495,0.033899726897441,0.04859293102315829,0.0120631428830888,0.0664533141400254
SVMD,IMF6,background_dynamic_mode,46.31867176634214,stable_10deg,envelope_mean_nm,175,0.010097006939997018,0.0017260633533322128,0.0099664672710356,0.0011246452136918009,0.0016673989938194638,0.00763423887201367,0.0088151185419951,0.011080439216188152,0.013559510338380858,0.0069425047417702,0.0152949873195999
SVMD,IMF6,background_dynamic_mode,46.31867176634214,stable_10deg,local_peak_frequency_hz,175,47.24285714285714,1.8137859234281957,47.0,1.5,2.2239,44.5,46.0,48.5,50.14999999999999,44.0,52.5
SVMD,IMF6,background_dynamic_mode,46.31867176634214,stable_10deg,rms_nm,175,0.008342384721765132,0.0014706763387006114,0.0082375598331999,0.0009355774862557995,0.0013870871811228482,0.00615065562197469,0.00732827565517535,0.0092058810058897,0.011021733323313578,0.0054916169939028,0.012889270163592
SVMD,IMF6,background_dynamic_mode,46.31867176634214,stable_43deg,energy_nm2,184,0.05013661567178161,0.01506122112209755,0.04852033330231715,0.00970018562725735,0.014381495210971746,0.02712896477564888,0.0397906544492275,0.0593687085411905,0.07946339372423974,0.0148104887494348,0.0917234572796937
SVMD,IMF6,background_dynamic_mode,46.31867176634214,stable_43deg,envelope_mean_nm,184,0.013785137258956083,0.0021289096154412483,0.0138565661667301,0.0013604242361938005,0.0020169649725809286,0.010292602864452516,0.0125998025301882,0.0152402492449824,0.017473850978442628,0.0075125451612609,0.0200923411537692
SVMD,IMF6,background_dynamic_mode,46.31867176634214,stable_43deg,local_peak_frequency_hz,184,47.34510869565217,1.642727968769487,47.5,1.5,2.2239,44.5,46.0,48.5,50.0,44.0,51.0
SVMD,IMF6,background_dynamic_mode,46.31867176634214,stable_43deg,rms_nm,184,0.011065937661839165,0.0017036244924262959,0.0110136158228451,0.0011238803672809,0.0016662650325306623,0.00823541459898442,0.0099737957173841,0.012182846597778626,0.014094554495382144,0.0060849175732779,0.0151429403749481
SVMD,IMF7,background_dynamic_mode,59.97479137691238,stable_10deg,energy_nm2,175,0.16176068267045993,0.05774335470299871,0.1441875588415736,0.03647566547223821,0.05407882162914037,0.09494821725323598,0.1169109950300953,0.19596043132856883,0.27482214739964567,0.081198839926432,0.3244679869715309
SVMD,IMF7,background_dynamic_mode,59.97479137691238,stable_10deg,envelope_mean_nm,175,0.02526498888118501,0.004375613184632545,0.0242816260201719,0.0030006550043442,0.004448771109440711,0.01959714457166299,0.02204684263820875,0.0281745067346439,0.033529807573300596,0.0175589244392321,0.0372447032129909
SVMD,IMF7,background_dynamic_mode,59.97479137691238,stable_10deg,local_peak_frequency_hz,175,58.12,2.7206954824173133,60.0,0.0,0.0,53.5,55.0,60.0,60.0,52.5,60.0
SVMD,IMF7,background_dynamic_mode,59.97479137691238,stable_10deg,rms_nm,175,0.019813926124699045,0.0034464346771528663,0.0189860184636993,0.0024844302482767977,0.0036834162860951802,0.01540683216915207,0.017096069904696552,0.0221336408728625,0.02621166602730327,0.0142477050719082,0.0284810457572896
SVMD,IMF7,background_dynamic_mode,59.97479137691238,stable_43deg,energy_nm2,184,0.3337293494069392,0.07948858298316364,0.32617584850046055,0.05620067115807881,0.08332311505896764,0.21069555426846984,0.2717158723072333,0.39268539724008,0.4593636285753467,0.1754293709788697,0.5513181664735097
SVMD,IMF7,background_dynamic_mode,59.97479137691238,stable_43deg,envelope_mean_nm,184,0.03633117685248739,0.00430324357187731,0.0362077397870527,0.0032325888529664004,0.004792636233407985,0.029428346161032425,0.03294041619109603,0.03940291250706018,0.04313747038610728,0.0267175754221328,0.047548889204151
SVMD,IMF7,background_dynamic_mode,59.97479137691238,stable_43deg,local_peak_frequency_hz,184,58.54076086956522,2.30341193053677,60.0,0.0,0.0,54.0,57.5,60.0,60.0,53.5,60.5
SVMD,IMF7,background_dynamic_mode,59.97479137691238,stable_43deg,rms_nm,184,0.028680643042503517,0.0034363154004133363,0.028555895820384397,0.0025763423734868965,0.0038196852029316725,0.022950792327327916,0.0260631815789022,0.0313323058041087,0.03388817963736296,0.0209421447671238,0.0371254012258961
SVMD,IMF8,background_dynamic_mode,72.63125869262865,stable_10deg,energy_nm2,175,0.052600637398566984,0.01979550087056401,0.0479815524076296,0.012010974284122497,0.01780747047364001,0.02947028921599845,0.037521185200684704,0.06348231137022184,0.09237386779882342,0.0188612957057936,0.1113377329740893
SVMD,IMF8,background_dynamic_mode,72.63125869262865,stable_10deg,envelope_mean_nm,175,0.01395662223540107,0.002757782837268588,0.0132330668905357,0.001683252003255399,0.0024955894200264545,0.01054808024417875,0.0118703784054918,0.01560485364171145,0.019041315403889748,0.00837824728606,0.0216184869565811
SVMD,IMF8,background_dynamic_mode,72.63125869262865,stable_10deg,local_peak_frequency_hz,175,70.60857142857142,2.2224522322125035,72.0,0.5,0.7413,66.5,69.0,72.5,73.0,65.0,73.5
SVMD,IMF8,background_dynamic_mode,72.63125869262865,stable_10deg,rms_nm,175,0.011277637412169134,0.002083577523818349,0.0109523459139617,0.0013648726442730998,0.0020235601823992977,0.00858343594467953,0.0096851922559366,0.0125978389367195,0.015196499198696678,0.0068668216275424,0.016683654648644
SVMD,IMF8,background_dynamic_mode,72.63125869262865,stable_43deg,energy_nm2,184,0.08184729156297034,0.025844744030865056,0.0783666501126025,0.01831093997343695,0.027147799604617624,0.045415211115317655,0.06252271898331417,0.09835358458849736,0.13054765880624963,0.0297062785521115,0.1617238573077563
SVMD,IMF8,background_dynamic_mode,72.63125869262865,stable_43deg,envelope_mean_nm,184,0.017796030234401846,0.0030029156191283216,0.017471738499084052,0.0022170943146306975,0.003287064030871472,0.013164452567335824,0.01565041994837755,0.020060512668484375,0.022910408685828238,0.0108963718202986,0.0256553133487756
SVMD,IMF8,background_dynamic_mode,72.63125869262865,stable_43deg,local_peak_frequency_hz,184,69.3804347826087,2.086738723092973,69.0,2.0,2.9652,66.0,68.0,71.0,73.0,65.5,74.0
SVMD,IMF8,background_dynamic_mode,72.63125869262865,stable_43deg,rms_nm,184,0.014127480880306938,0.0022494472553031635,0.013997021708344149,0.0016183034196948507,0.0023992966500395855,0.010655390471547746,0.0125022716241024,0.015680683075390025,0.018064396606043615,0.0086177547180387,0.0201074524311109
SVMD,IMF9,background_dynamic_mode,80.04607093184978,stable_10deg,energy_nm2,175,0.7350176422458783,0.11424301887789584,0.727963788918243,0.062262619424502175,0.09231055955876692,0.5565387632971238,0.6718754637916289,0.7965917727077738,0.9159949260706796,0.3492503292519613,1.0409666642808209
SVMD,IMF9,background_dynamic_mode,80.04607093184978,stable_10deg,envelope_mean_nm,175,0.05896496465950766,0.004900441394528735,0.0590954220943352,0.0027166545552476037,0.0040277120436100974,0.05097429501336361,0.0564449515277798,0.06182977045678615,0.06641318241774206,0.0409240103106892,0.0710875044962214
SVMD,IMF9,background_dynamic_mode,80.04607093184978,stable_10deg,local_peak_frequency_hz,175,80.0,0.0,80.0,0.0,0.0,80.0,80.0,80.0,80.0,80.0,80.0
SVMD,IMF9,background_dynamic_mode,80.04607093184978,stable_10deg,rms_nm,175,0.042730755276038944,0.0034195729315452048,0.0426603970011485,0.0018067481742995994,0.002678684843216586,0.03729993840809042,0.0409839921485141,0.044625954534655246,0.047853810622735,0.0295487025625475,0.0510138869397544
SVMD,IMF9,background_dynamic_mode,80.04607093184978,stable_43deg,energy_nm2,184,0.8404435097154158,0.10899182368120465,0.8425803801807868,0.07969148466315434,0.11815059516159263,0.6595594003981918,0.757438387583327,0.9185101421931369,1.0172241020930706,0.5977050604765439,1.12119946153104
SVMD,IMF9,background_dynamic_mode,80.04607093184978,stable_43deg,envelope_mean_nm,184,0.061849449458719,0.004720607242856557,0.0621712840997876,0.0032414395345112014,0.004805758253866307,0.05417332395737044,0.058376223178447074,0.06494888064155226,0.07029377900252569,0.0516980526737143,0.0740522939290695
SVMD,IMF9,background_dynamic_mode,80.04607093184978,stable_43deg,local_peak_frequency_hz,184,80.0,0.0,80.0,0.0,0.0,80.0,80.0,80.0,80.0,80.0,80.0
SVMD,IMF9,background_dynamic_mode,80.04607093184978,stable_43deg,rms_nm,184,0.04574071277060222,0.0029907493009501663,0.0458960828206524,0.0021433445652780485,0.0031777226524812344,0.0406066312380495,0.043515468133635576,0.047919466780164996,0.0504287610052153,0.0386556936451974,0.05294335325447
SVMD,IMF10,background_dynamic_mode,90.29468011126563,stable_10deg,energy_nm2,175,0.2059580944187603,0.0665419798093265,0.2125881924776735,0.05224930819571941,0.07746482433097358,0.10584540112331292,0.14555719482739093,0.2506526005440092,0.3119993871578881,0.0881905199132339,0.3653966894667515
SVMD,IMF10,background_dynamic_mode,90.29468011126563,stable_10deg,envelope_mean_nm,175,0.028981354848966794,0.005297145670318324,0.0297465781974615,0.0038330659311329,0.005682903549497637,0.02057827187310535,0.02484856162276685,0.032938028163205554,0.037017039035961125,0.0178055271830495,0.040853598534718
SVMD,IMF10,background_dynamic_mode,90.29468011126563,stable_10deg,local_peak_frequency_hz,175,90.38285714285715,0.48154786007572903,90.5,0.5,0.7413,90.0,90.0,90.5,91.0,88.5,92.0
SVMD,IMF10,background_dynamic_mode,90.29468011126563,stable_10deg,rms_nm,175,0.022378366211356304,0.003766300440592074,0.0230536435557198,0.0027276918543609023,0.004044075943275474,0.01626693793645895,0.019075975560538597,0.0250324994782833,0.02792844878928499,0.0148484443556584,0.030224025603266
SVMD,IMF10,background_dynamic_mode,90.29468011126563,stable_43deg,energy_nm2,184,0.11970284177469336,0.024471231452650524,0.11990419499061974,0.0179471171176131,0.02660839583857318,0.08068018134287526,0.10201150472604903,0.13621195848620254,0.16248069268575877,0.0711398594301473,0.1776583892315775
SVMD,IMF10,background_dynamic_mode,90.29468011126563,stable_43deg,envelope_mean_nm,184,0.021931355359582495,0.0022632887191275444,0.021885244097869752,0.001613046296446749,0.00239150243911195,0.018192309037186688,0.020451523774755523,0.023636359304230276,0.02552951900679474,0.0169764005381686,0.0271169613749209
SVMD,IMF10,background_dynamic_mode,90.29468011126563,stable_43deg,local_peak_frequency_hz,184,92.1413043478261,1.2508490820206577,92.0,0.5,0.7413,90.075,91.5,92.5,94.0,89.0,96.0
SVMD,IMF10,background_dynamic_mode,90.29468011126563,stable_43deg,rms_nm,184,0.017207812794823685,0.0017791815502270283,0.017313592112048498,0.0013039759099251983,0.0019332746840550988,0.014201987362206845,0.015969618259008625,0.018453305515105427,0.02015444613146427,0.0133360282159032,0.0210747710089325
VMD,IMF1,angle_position_mode,0.008692628650904,stable_10deg,energy_nm2,175,5.711095951403244,0.7894066968731707,5.606302800892434,0.5741559515428278,0.8512436137573965,4.432713036429537,5.1723596066478095,6.2516563378659304,6.983692117828089,4.138213599558635,7.629275930565468
VMD,IMF1,angle_position_mode,0.008692628650904,stable_10deg,envelope_mean_nm,175,0.1427349669886598,0.024848927879116897,0.136573209638125,0.014781470789578699,0.02191500859262938,0.11658729367960342,0.12312793652348006,0.1558485478928232,0.18571525875777242,0.109588829558703,0.2412084819179293
VMD,IMF1,angle_position_mode,0.008692628650904,stable_10deg,local_peak_frequency_hz,0,,,,,,,,,,,
VMD,IMF1,angle_position_mode,0.008692628650904,stable_10deg,rms_nm,175,0.11920706288751087,0.008234287141293073,0.1183881624244209,0.005989516864389491,0.00888005770314386,0.10527000316780254,0.11371388322591874,0.12501643036312798,0.13213336462353176,0.1017129981806484,0.1381057197454677
VMD,IMF1,angle_position_mode,0.008692628650904,stable_43deg,energy_nm2,184,6.664294391032968,0.8116851569958243,6.539596223648786,0.5005721010100217,0.7421481969574582,5.580090409772474,6.1247850643815385,7.165229620665027,8.227528279305515,4.6746412210834976,8.893025763169796
VMD,IMF1,angle_position_mode,0.008692628650904,stable_43deg,envelope_mean_nm,184,0.14885526138351055,0.027691450941166762,0.14083598986404888,0.011818139281760329,0.017521573299137862,0.1189978247657023,0.1306272329031505,0.15583987534121146,0.20611212716791308,0.1081817179088942,0.2432378037214961
VMD,IMF1,angle_position_mode,0.008692628650904,stable_43deg,local_peak_frequency_hz,0,,,,,,,,,,,
VMD,IMF1,angle_position_mode,0.008692628650904,stable_43deg,rms_nm,184,0.1288427383837559,0.0077855101428573265,0.12786313461997634,0.004912980548973288,0.007283984961907796,0.11811105057653176,0.12374151335530567,0.13383944981390636,0.14341832874476199,0.1081045931156893,0.1491058832103029
VMD,IMF2,background_dynamic_mode,16.18567454798331,stable_10deg,energy_nm2,175,0.7951087442763164,0.3730736513512792,0.8878258783770088,0.22114668931422887,0.3278720815772757,0.1160924459926575,0.5103280549644527,1.0583365196707262,1.291941845688895,0.0670001644003926,1.568339316769542
VMD,IMF2,background_dynamic_mode,16.18567454798331,stable_10deg,envelope_mean_nm,175,0.058652750736606994,0.018097886908965178,0.0656894159190235,0.008014345935425798,0.011882069283862288,0.02145359347410418,0.0479988583076612,0.0717456553572689,0.07832821014379786,0.0168712457403794,0.0875596336516336
VMD,IMF2,background_dynamic_mode,16.18567454798331,stable_10deg,local_peak_frequency_hz,175,16.282857142857143,0.7020027647904238,16.5,0.5,0.7413,15.5,16.0,17.0,17.5,13.5,17.5
VMD,IMF2,background_dynamic_mode,16.18567454798331,stable_10deg,rms_nm,175,0.04282989551482832,0.012419877561528264,0.047112256324045,0.005760282050584306,0.008540194168196291,0.017032573249079162,0.03571856276182095,0.051437740982828,0.0568317313465038,0.0129421949838882,0.0626166774264161
VMD,IMF2,background_dynamic_mode,16.18567454798331,stable_43deg,energy_nm2,184,0.45752446536293734,0.3895539285744751,0.27377085252689076,0.14438733979032084,0.21406866997312968,0.08747967342400009,0.17779315611934846,0.7209259345909883,1.2428478125387166,0.0575267846015698,1.3907068807291734
VMD,IMF2,background_dynamic_mode,16.18567454798331,stable_43deg,envelope_mean_nm,184,0.04089272235915205,0.01933300487964478,0.03375541592283355,0.00986230342491445,0.014621851057778162,0.01850016342504741,0.026538557178048226,0.055919697400265124,0.0762906589640224,0.0156207486737781,0.0823606908772352
VMD,IMF2,background_dynamic_mode,16.18567454798331,stable_43deg,local_peak_frequency_hz,184,16.293478260869566,0.9585741172818312,16.5,0.5,0.7413,14.5,15.5,17.0,17.5,13.5,17.5
VMD,IMF2,background_dynamic_mode,16.18567454798331,stable_43deg,rms_nm,184,0.03099842470747449,0.013561280575982895,0.02616135093920505,0.006727495779630848,0.009974185242880695,0.014788470429483211,0.021082521199815223,0.042445839684505125,0.05574150306999993,0.0119923709709099,0.058964117917789
VMD,IMF3,background_dynamic_mode,17.793810848400554,stable_10deg,energy_nm2,175,0.39558395447855066,0.19566481504551045,0.3314894031347827,0.0636133603325083,0.09431316802897681,0.20787564473162526,0.2778063771351893,0.4392383364035014,0.8288128725461754,0.1450132209574225,1.2407496957282382
VMD,IMF3,background_dynamic_mode,17.793810848400554,stable_10deg,envelope_mean_nm,175,0.039574052037321165,0.00918427007562433,0.0373025311240104,0.003934237493850301,0.005832900508382456,0.02943538959817441,0.03397310907401485,0.041821097635502555,0.05894430371867966,0.0244762782139744,0.0752650060596336
VMD,IMF3,background_dynamic_mode,17.793810848400554,stable_10deg,local_peak_frequency_hz,175,18.65142857142857,1.145298091140375,18.0,0.5,0.7413,17.0,18.0,20.0,20.0,17.0,20.5
VMD,IMF3,background_dynamic_mode,17.793810848400554,stable_10deg,rms_nm,175,0.030689944451304497,0.006881701231517872,0.0287875582124805,0.002812789652580701,0.004170241938916147,0.022796213955134582,0.02635366994564075,0.033136877663085595,0.04551957907436433,0.0190403007432539,0.0556944722510286
VMD,IMF3,background_dynamic_mode,17.793810848400554,stable_43deg,energy_nm2,184,2.501232289880163,1.3840308112585489,2.6562804382872542,1.1385792456345056,1.688057589577718,0.47738907258108415,1.057507635570859,3.6826362138452966,4.4534262282041785,0.2922430123136871,6.305118305910517
VMD,IMF3,background_dynamic_mode,17.793810848400554,stable_43deg,envelope_mean_nm,184,0.10140826174406517,0.035127319631667625,0.10918680327625195,0.02618744342820905,0.03882550362666273,0.04294003581695946,0.06611580526199777,0.13096958567154413,0.14591481827085626,0.0339562678821618,0.1755323078993682
VMD,IMF3,background_dynamic_mode,17.793810848400554,stable_43deg,local_peak_frequency_hz,184,17.932065217391305,0.4925722338495291,18.0,0.0,0.0,17.5,17.5,18.0,18.5,17.0,20.0
VMD,IMF3,background_dynamic_mode,17.793810848400554,stable_43deg,rms_nm,184,0.07529800527949836,0.024217318365772823,0.08149048495033576,0.016321589288603187,0.024198388279283084,0.034546670536201876,0.0514175486722175,0.09595097591759012,0.1055157081735206,0.02702975269558,0.1255499731771229
VMD,IMF4,angle_movement_response_candidate,35.626738525730175,stable_10deg,energy_nm2,175,0.1471936079111472,0.051748367274500905,0.1369579541500727,0.035094828002902506,0.052031591997103256,0.07578345482226903,0.1089689331267565,0.18262241547989105,0.25044448321891294,0.0574091463234681,0.2978060389207417
VMD,IMF4,angle_movement_response_candidate,35.626738525730175,stable_10deg,envelope_mean_nm,175,0.024327591448077383,0.004551690407029036,0.0238361984318039,0.0033249149831586014,0.004929518954030942,0.01681646146219638,0.0209353308608937,0.02776569469920035,0.03239974640187074,0.0154619252184994,0.0355781010573698
VMD,IMF4,angle_movement_response_candidate,35.626738525730175,stable_10deg,local_peak_frequency_hz,175,35.48,0.5682196434640312,35.5,0.5,0.7413,34.5,35.0,36.0,36.5,34.0,37.0
VMD,IMF4,angle_movement_response_candidate,35.626738525730175,stable_10deg,rms_nm,175,0.018892230569503118,0.0033363529542558426,0.0185039154066154,0.0023047194930291004,0.003416977120364944,0.013764392038769809,0.016505215605665702,0.02136708841119305,0.025021834255367303,0.0119801029131084,0.027285803951906
VMD,IMF4,angle_movement_response_candidate,35.626738525730175,stable_43deg,energy_nm2,184,0.13875064261715722,0.049545086175611264,0.12687369984813518,0.027324130786769818,0.04051075630446493,0.08090692154055787,0.1023985682955397,0.16632310478459025,0.22789113398282376,0.0506642930453131,0.3286687323072087
VMD,IMF4,angle_movement_response_candidate,35.626738525730175,stable_43deg,envelope_mean_nm,184,0.023333227188578668,0.004364284735928446,0.022448904557967803,0.0024396095449620014,0.003616965111360663,0.01779005697282792,0.02040907626262405,0.025711474760188927,0.03188063679397186,0.0143106738695476,0.0382843730823836
VMD,IMF4,angle_movement_response_candidate,35.626738525730175,stable_43deg,local_peak_frequency_hz,184,35.45652173913044,1.0233668154034945,35.5,0.5,0.7413,33.5,35.0,36.0,37.0,32.5,37.5
VMD,IMF4,angle_movement_response_candidate,35.626738525730175,stable_43deg,rms_nm,184,0.018354905261226892,0.003166790560026976,0.017809666013510903,0.0019476951067290537,0.002887652765236495,0.014222070515325615,0.015999884946305047,0.020391364741630426,0.023868943151589984,0.0112543650470954,0.0286648186941418
VMD,IMF5,background_dynamic_mode,39.90785813630041,stable_10deg,energy_nm2,175,0.14876962882390865,0.04719288808848389,0.1489260719671216,0.0332551664018059,0.04930410970731742,0.08060350693741568,0.11376572011260719,0.17847985574512865,0.23044572769184102,0.0402937860342762,0.2753962231452597
VMD,IMF5,background_dynamic_mode,39.90785813630041,stable_10deg,envelope_mean_nm,175,0.025109891184069803,0.004385587077255062,0.0255382481654342,0.0029630425000226994,0.004393006810533654,0.018273140155264222,0.021706387149517,0.0281615774335153,0.03187052610359803,0.0127813318958675,0.0358317803719944
VMD,IMF5,background_dynamic_mode,39.90785813630041,stable_10deg,local_peak_frequency_hz,175,39.88,0.2454177765718516,40.0,0.0,0.0,39.5,40.0,40.0,40.0,38.5,40.0
VMD,IMF5,background_dynamic_mode,39.90785813630041,stable_10deg,rms_nm,175,0.01903475259905399,0.0031076439607502656,0.0192954704508028,0.0022445926406983,0.0033278330490992994,0.01419536227262253,0.01686455127391645,0.02112343580509525,0.02400236691183119,0.0100366560709078,0.026239103602508
VMD,IMF5,background_dynamic_mode,39.90785813630041,stable_43deg,energy_nm2,184,0.21305916531311878,0.0660540159654958,0.20227527303225878,0.04514347154274208,0.0669297109092694,0.11837699574479062,0.16376008291980015,0.2572251633347279,0.3343928012725956,0.0991652516279844,0.4225964345765735
VMD,IMF5,background_dynamic_mode,39.90785813630041,stable_43deg,envelope_mean_nm,184,0.029209932733279244,0.004853602891827037,0.02868024414404265,0.00337740181830235,0.005007335935815063,0.021927601203816125,0.025636105132997723,0.03247407087614657,0.03740207693463039,0.0195574094872369,0.0428539563136704
VMD,IMF5,background_dynamic_mode,39.90785813630041,stable_43deg,local_peak_frequency_hz,184,39.73097826086956,0.6420315430390224,40.0,0.0,0.0,38.5,39.5,40.0,40.5,37.5,42.0
VMD,IMF5,background_dynamic_mode,39.90785813630041,stable_43deg,rms_nm,184,0.02280947928057512,0.003527491217242172,0.022487511050668048,0.00254068173400695,0.003766814738838704,0.01720291812537207,0.02023356838649195,0.025358682979744925,0.02891335205982878,0.0157452573516586,0.0325037088105562
VMD,IMF6,background_dynamic_mode,54.08118915159944,stable_10deg,energy_nm2,175,0.08036360987562303,0.031742530598438186,0.0741090249177677,0.021313857343349396,0.03159992489724981,0.04179113725581555,0.056682378484850054,0.09854653005414014,0.1401863641823658,0.0350826450082182,0.1956058914718587
VMD,IMF6,background_dynamic_mode,54.08118915159944,stable_10deg,envelope_mean_nm,175,0.017598011960281268,0.003417190735416083,0.0172555228461383,0.002605993520543701,0.003863645993558091,0.01295294565049329,0.01473587947415275,0.0203607133998301,0.02322048582785066,0.0115566563119579,0.0271648165685162
VMD,IMF6,background_dynamic_mode,54.08118915159944,stable_10deg,local_peak_frequency_hz,175,53.642857142857146,0.8405272408987939,53.5,0.5,0.7413,52.5,53.0,54.5,55.0,51.0,55.5
VMD,IMF6,background_dynamic_mode,54.08118915159944,stable_10deg,rms_nm,175,0.013915038925471282,0.002706022836069336,0.0136114864101764,0.0019701599737545986,0.0029209591770885677,0.0102213748694052,0.01190399873480755,0.015696060514803753,0.018720096160874035,0.009365180858934,0.0221136774119468
VMD,IMF6,background_dynamic_mode,54.08118915159944,stable_43deg,energy_nm2,184,0.13308791128226535,0.03295777571971562,0.13389328031254183,0.024812127310773993,0.03678645995095352,0.07636081811511711,0.1074215719376904,0.15515968930932855,0.1879555747667962,0.0589409157154351,0.2148293354316803
VMD,IMF6,background_dynamic_mode,54.08118915159944,stable_43deg,envelope_mean_nm,184,0.023157201413986715,0.0030043138012237074,0.023626669271969603,0.0018176005056207024,0.002694774509633253,0.017590446959600055,0.0211120324092789,0.025104982673886077,0.027996904199244655,0.0151203582927712,0.0298912382397154
VMD,IMF6,background_dynamic_mode,54.08118915159944,stable_43deg,local_peak_frequency_hz,184,53.89402173913044,0.6126330519613097,54.0,0.0,0.0,53.0,53.5,54.0,54.5,51.0,56.0
VMD,IMF6,background_dynamic_mode,54.08118915159944,stable_43deg,rms_nm,184,0.018095725031462225,0.0023007132864176784,0.01829571534926595,0.0017028914257018503,0.002524706827745563,0.01381671958804668,0.016387614836852152,0.01969508997698115,0.02167679255344858,0.0121388751245157,0.0231748427951345
VMD,IMF7,background_dynamic_mode,59.97479137691238,stable_10deg,energy_nm2,175,0.08041577026726755,0.03667126468936022,0.0691572892771468,0.017020214456897505,0.02523416995379624,0.04308689502121498,0.0542172293464071,0.09078340664136944,0.15434797656885188,0.0307932993985611,0.2052547633260052
VMD,IMF7,background_dynamic_mode,59.97479137691238,stable_10deg,envelope_mean_nm,175,0.018254562847543145,0.004145719412642412,0.0171774771004812,0.002349044551633102,0.0034826934522512367,0.01354092135609252,0.01521063617289915,0.02015624839854525,0.026237066505733226,0.0112235892105605,0.0312482067823303
VMD,IMF7,background_dynamic_mode,59.97479137691238,stable_10deg,local_peak_frequency_hz,175,60.0,0.31713516462807806,60.0,0.0,0.0,60.0,60.0,60.0,60.0,58.5,62.5
VMD,IMF7,background_dynamic_mode,59.97479137691238,stable_10deg,rms_nm,175,0.013869221597108329,0.0029553386747326786,0.0131488867662957,0.0016836138730360987,0.0024961259281633197,0.01037868195505718,0.01164228606864215,0.015065132015004298,0.019643572173069498,0.0087740098299695,0.0226525254290777
VMD,IMF7,background_dynamic_mode,59.97479137691238,stable_43deg,energy_nm2,184,0.17570663662710254,0.06374625627832686,0.1687864239231841,0.045924637529947306,0.06808786760189987,0.08309391486121392,0.12803773155850967,0.22173247571563864,0.2704430892482171,0.0576224116058458,0.3562943282402691
VMD,IMF7,background_dynamic_mode,59.97479137691238,stable_43deg,envelope_mean_nm,184,0.026888091218276594,0.005091702133404823,0.02678222115648415,0.0035869141442773506,0.005317958910305599,0.019010817981201016,0.0233856309014759,0.030612029145893824,0.03465582136893668,0.0155750262736508,0.0396486555150901
VMD,IMF7,background_dynamic_mode,59.97479137691238,stable_43deg,local_peak_frequency_hz,184,59.92663043478261,0.47194233502966504,60.0,0.0,0.0,59.5,60.0,60.0,60.0,57.5,62.0
VMD,IMF7,background_dynamic_mode,59.97479137691238,stable_43deg,rms_nm,184,0.020612563636172167,0.0038036087206766256,0.020541810716871202,0.0028756998118660004,0.004263512541072532,0.01441289357570839,0.01789117675408225,0.023544146674880875,0.026002047177228784,0.0120023343152327,0.0298451976136977
VMD,IMF8,background_dynamic_mode,72.63125869262865,stable_10deg,energy_nm2,175,0.0654595599112701,0.026526953470841153,0.0578816467325301,0.013698324165501097,0.020309135407771926,0.03164203762311726,0.0482987772933372,0.0795527588441223,0.11742851713081086,0.024891678636542,0.1403513988294272
VMD,IMF8,background_dynamic_mode,72.63125869262865,stable_10deg,envelope_mean_nm,175,0.016041741774444524,0.0032863202144187446,0.0152781533363251,0.0018031108958670005,0.0026732922142124146,0.011528048499870899,0.0137881694676997,0.0182751434383491,0.022136617586483328,0.0100448356026695,0.0249866735980532
VMD,IMF8,background_dynamic_mode,72.63125869262865,stable_10deg,local_peak_frequency_hz,175,72.35714285714286,0.6945128592462896,72.5,0.5,0.7413,71.5,72.0,73.0,73.5,70.0,75.0
VMD,IMF8,background_dynamic_mode,72.63125869262865,stable_10deg,rms_nm,175,0.012548744926118488,0.002492670401999982,0.0120293024249673,0.0013992272425176998,0.0020744943097567416,0.00889409504590974,0.0109884900375114,0.01410254768124025,0.017133881522488226,0.0078885484464098,0.0187317510413086
VMD,IMF8,background_dynamic_mode,72.63125869262865,stable_43deg,energy_nm2,184,0.08967217883230506,0.028644865430148752,0.08721974124702685,0.018538526019369346,0.02748521867631699,0.04746376499600951,0.06947634965390898,0.1076227650784832,0.13958565145592405,0.0299635778890156,0.189961080727123
VMD,IMF8,background_dynamic_mode,72.63125869262865,stable_43deg,envelope_mean_nm,184,0.01860974014528236,0.003128443738193486,0.018453225099538798,0.002063927577219151,0.0030599790259851134,0.013837427008270736,0.016541300114263677,0.0205982908157296,0.02422439001054084,0.0108947662591971,0.028165004795967
VMD,IMF8,background_dynamic_mode,72.63125869262865,stable_43deg,local_peak_frequency_hz,184,72.38858695652173,1.3589734807416196,72.5,1.0,1.4826,70.075,71.5,73.5,74.0,68.5,74.5
VMD,IMF8,background_dynamic_mode,72.63125869262865,stable_43deg,rms_nm,184,0.014780772457005636,0.0023959153863076,0.01476647828477895,0.0016089122775771007,0.0023853733427358094,0.010893089647249955,0.013179182278553725,0.01640289704004265,0.018680569052290968,0.0086549953623638,0.0217922624299958
VMD,IMF9,background_dynamic_mode,80.04607093184978,stable_10deg,energy_nm2,175,0.703005097606094,0.11286414021052386,0.6996737997565537,0.06187830886031365,0.09174078071630101,0.524554860029417,0.6460584113461025,0.7678540508424103,0.881771673990558,0.3346831363644268,1.0062212459113735
VMD,IMF9,background_dynamic_mode,80.04607093184978,stable_10deg,envelope_mean_nm,175,0.05834720480460084,0.004925467300155283,0.0584930862597121,0.0025411509107094027,0.00376751034021776,0.050170391110686934,0.0561415221453431,0.061077228388830396,0.06597178084639593,0.0406969193875859,0.0705199657135617
VMD,IMF9,background_dynamic_mode,80.04607093184978,stable_10deg,local_peak_frequency_hz,175,80.0,0.0,80.0,0.0,0.0,80.0,80.0,80.0,80.0,80.0,80.0
VMD,IMF9,background_dynamic_mode,80.04607093184978,stable_10deg,rms_nm,175,0.041780763607398866,0.003456705851341926,0.041823253094318,0.0018265239497259958,0.0027080044078637614,0.03620980974136874,0.0401888612534353,0.0438136316673352,0.04695123532644234,0.0289259025945789,0.0501552899979497
VMD,IMF9,background_dynamic_mode,80.04607093184978,stable_43deg,energy_nm2,184,0.760123130319679,0.11840279986060406,0.7576049156180075,0.0822492175016909,0.12194268986800692,0.577691829760728,0.6744768996853094,0.8375139641744195,0.973676067484367,0.5287757205245766,1.0797521929393463
VMD,IMF9,background_dynamic_mode,80.04607093184978,stable_43deg,envelope_mean_nm,184,0.06000358945632267,0.005227816635438225,0.0599791156520752,0.0036814315792642986,0.005458090459417249,0.05177823893614884,0.05630140812367995,0.06361748373845995,0.06921748745626757,0.0490849157767187,0.0731670729211154
VMD,IMF9,background_dynamic_mode,80.04607093184978,stable_43deg,local_peak_frequency_hz,184,80.0,0.0,80.0,0.0,0.0,80.0,80.0,80.0,80.0,80.0,80.0
VMD,IMF9,background_dynamic_mode,80.04607093184978,stable_43deg,rms_nm,184,0.04346120040196347,0.0033903325410343794,0.043520243726716756,0.002359936474920804,0.0034988418177175837,0.038003019624343486,0.04106324172128367,0.045757878933391546,0.04933751275260574,0.0363584832097193,0.0519555625736875
VMD,IMF10,background_dynamic_mode,90.29468011126563,stable_10deg,energy_nm2,175,0.22782673226073558,0.08118925783549463,0.239543704311851,0.0617424406639967,0.09153934252844151,0.1100255787661218,0.15514816024026395,0.2844263578552978,0.3572187975133316,0.0788903761923124,0.415169693930466
VMD,IMF10,background_dynamic_mode,90.29468011126563,stable_10deg,envelope_mean_nm,175,0.03072881413150531,0.006274784143696454,0.0318599714686259,0.004267350814103104,0.0063267743169892615,0.02094658957201242,0.02569715152789815,0.035280461355864254,0.04043669274006068,0.0169625715432936,0.0443563795139049
VMD,IMF10,background_dynamic_mode,90.29468011126563,stable_10deg,local_peak_frequency_hz,175,90.38285714285715,0.44430348065576103,90.5,0.5,0.7413,90.0,90.0,90.5,91.0,89.5,92.0
VMD,IMF10,background_dynamic_mode,90.29468011126563,stable_10deg,rms_nm,175,0.023455579033373235,0.0044174825752625905,0.0244716011078071,0.003124579720243402,0.004632501893232868,0.01658496646650739,0.01969410477633635,0.026665811296101502,0.029883210584287712,0.0140437153375017,0.032216831545423
VMD,IMF10,background_dynamic_mode,90.29468011126563,stable_43deg,energy_nm2,184,0.10234074407027674,0.02091840082049646,0.1017098985887516,0.016360614792650545,0.024256247491583696,0.06907593338115812,0.08669894315253897,0.11854592502231387,0.13494167247259206,0.0564057124542938,0.1456088757164538
VMD,IMF10,background_dynamic_mode,90.29468011126563,stable_43deg,envelope_mean_nm,184,0.020295396789044327,0.0021701566098444084,0.02036384782892805,0.0015498159716663493,0.0022977571595925294,0.016984828230295734,0.0188529398710021,0.021924293900110376,0.02371731006806857,0.0150906624948849,0.0251652202782949
VMD,IMF10,background_dynamic_mode,90.29468011126563,stable_43deg,local_peak_frequency_hz,184,91.46467391304348,0.9008811122074574,91.5,0.5,0.7413,90.0,91.0,92.0,92.5,88.0,94.0
VMD,IMF10,background_dynamic_mode,90.29468011126563,stable_43deg,rms_nm,184,0.01590944213784181,0.0016602686448251617,0.0159459851271479,0.0012853492545694505,0.0019056588048246672,0.013141147081834021,0.014722235804115726,0.017215217306786875,0.018367203217883356,0.0118749434161066,0.0190793655369127
